[
  {
    "login": ["Lalitha03"],
    "id": [43762588],
    "node_id": ["MDQ6VXNlcjQzNzYyNTg4"],
    "avatar_url": ["https://avatars3.githubusercontent.com/u/43762588?v=4"],
    "gravatar_id": [""],
    "url": ["https://api.github.com/users/Lalitha03"],
    "html_url": ["https://github.com/Lalitha03"],
    "followers_url": ["https://api.github.com/users/Lalitha03/followers"],
    "following_url": ["https://api.github.com/users/Lalitha03/following{/other_user}"],
    "gists_url": ["https://api.github.com/users/Lalitha03/gists{/gist_id}"],
    "starred_url": ["https://api.github.com/users/Lalitha03/starred{/owner}{/repo}"],
    "subscriptions_url": ["https://api.github.com/users/Lalitha03/subscriptions"],
    "organizations_url": ["https://api.github.com/users/Lalitha03/orgs"],
    "repos_url": ["https://api.github.com/users/Lalitha03/repos"],
    "events_url": ["https://api.github.com/users/Lalitha03/events{/privacy}"],
    "received_events_url": ["https://api.github.com/users/Lalitha03/received_events"],
    "type": ["User"],
    "site_admin": [false]
  }
]
