[
  {
    "login": ["Zecao"],
    "id": [4308011],
    "node_id": ["MDQ6VXNlcjQzMDgwMTE="],
    "avatar_url": ["https://avatars2.githubusercontent.com/u/4308011?v=4"],
    "gravatar_id": [""],
    "url": ["https://api.github.com/users/Zecao"],
    "html_url": ["https://github.com/Zecao"],
    "followers_url": ["https://api.github.com/users/Zecao/followers"],
    "following_url": ["https://api.github.com/users/Zecao/following{/other_user}"],
    "gists_url": ["https://api.github.com/users/Zecao/gists{/gist_id}"],
    "starred_url": ["https://api.github.com/users/Zecao/starred{/owner}{/repo}"],
    "subscriptions_url": ["https://api.github.com/users/Zecao/subscriptions"],
    "organizations_url": ["https://api.github.com/users/Zecao/orgs"],
    "repos_url": ["https://api.github.com/users/Zecao/repos"],
    "events_url": ["https://api.github.com/users/Zecao/events{/privacy}"],
    "received_events_url": ["https://api.github.com/users/Zecao/received_events"],
    "type": ["User"],
    "site_admin": [false]
  }
]
