[
  {
    "login": ["rsribeiro"],
    "id": [11283302],
    "node_id": ["MDQ6VXNlcjExMjgzMzAy"],
    "avatar_url": ["https://avatars0.githubusercontent.com/u/11283302?v=4"],
    "gravatar_id": [""],
    "url": ["https://api.github.com/users/rsribeiro"],
    "html_url": ["https://github.com/rsribeiro"],
    "followers_url": ["https://api.github.com/users/rsribeiro/followers"],
    "following_url": ["https://api.github.com/users/rsribeiro/following{/other_user}"],
    "gists_url": ["https://api.github.com/users/rsribeiro/gists{/gist_id}"],
    "starred_url": ["https://api.github.com/users/rsribeiro/starred{/owner}{/repo}"],
    "subscriptions_url": ["https://api.github.com/users/rsribeiro/subscriptions"],
    "organizations_url": ["https://api.github.com/users/rsribeiro/orgs"],
    "repos_url": ["https://api.github.com/users/rsribeiro/repos"],
    "events_url": ["https://api.github.com/users/rsribeiro/events{/privacy}"],
    "received_events_url": ["https://api.github.com/users/rsribeiro/received_events"],
    "type": ["User"],
    "site_admin": [false]
  }
]
