[
  {
    "login": ["kayran"],
    "id": [474481],
    "node_id": ["MDQ6VXNlcjQ3NDQ4MQ=="],
    "avatar_url": ["https://avatars0.githubusercontent.com/u/474481?v=4"],
    "gravatar_id": [""],
    "url": ["https://api.github.com/users/kayran"],
    "html_url": ["https://github.com/kayran"],
    "followers_url": ["https://api.github.com/users/kayran/followers"],
    "following_url": ["https://api.github.com/users/kayran/following{/other_user}"],
    "gists_url": ["https://api.github.com/users/kayran/gists{/gist_id}"],
    "starred_url": ["https://api.github.com/users/kayran/starred{/owner}{/repo}"],
    "subscriptions_url": ["https://api.github.com/users/kayran/subscriptions"],
    "organizations_url": ["https://api.github.com/users/kayran/orgs"],
    "repos_url": ["https://api.github.com/users/kayran/repos"],
    "events_url": ["https://api.github.com/users/kayran/events{/privacy}"],
    "received_events_url": ["https://api.github.com/users/kayran/received_events"],
    "type": ["User"],
    "site_admin": [false]
  }
]
