[
  {
    "login": ["FeTaka"],
    "id": [11067140],
    "node_id": ["MDQ6VXNlcjExMDY3MTQw"],
    "avatar_url": ["https://avatars2.githubusercontent.com/u/11067140?v=4"],
    "gravatar_id": [""],
    "url": ["https://api.github.com/users/FeTaka"],
    "html_url": ["https://github.com/FeTaka"],
    "followers_url": ["https://api.github.com/users/FeTaka/followers"],
    "following_url": ["https://api.github.com/users/FeTaka/following{/other_user}"],
    "gists_url": ["https://api.github.com/users/FeTaka/gists{/gist_id}"],
    "starred_url": ["https://api.github.com/users/FeTaka/starred{/owner}{/repo}"],
    "subscriptions_url": ["https://api.github.com/users/FeTaka/subscriptions"],
    "organizations_url": ["https://api.github.com/users/FeTaka/orgs"],
    "repos_url": ["https://api.github.com/users/FeTaka/repos"],
    "events_url": ["https://api.github.com/users/FeTaka/events{/privacy}"],
    "received_events_url": ["https://api.github.com/users/FeTaka/received_events"],
    "type": ["User"],
    "site_admin": [false]
  }
]
