[
  {
    "login": ["grazielacristina"],
    "id": [5213863],
    "node_id": ["MDQ6VXNlcjUyMTM4NjM="],
    "avatar_url": ["https://avatars2.githubusercontent.com/u/5213863?v=4"],
    "gravatar_id": [""],
    "url": ["https://api.github.com/users/grazielacristina"],
    "html_url": ["https://github.com/grazielacristina"],
    "followers_url": ["https://api.github.com/users/grazielacristina/followers"],
    "following_url": ["https://api.github.com/users/grazielacristina/following{/other_user}"],
    "gists_url": ["https://api.github.com/users/grazielacristina/gists{/gist_id}"],
    "starred_url": ["https://api.github.com/users/grazielacristina/starred{/owner}{/repo}"],
    "subscriptions_url": ["https://api.github.com/users/grazielacristina/subscriptions"],
    "organizations_url": ["https://api.github.com/users/grazielacristina/orgs"],
    "repos_url": ["https://api.github.com/users/grazielacristina/repos"],
    "events_url": ["https://api.github.com/users/grazielacristina/events{/privacy}"],
    "received_events_url": ["https://api.github.com/users/grazielacristina/received_events"],
    "type": ["User"],
    "site_admin": [false]
  }
]
