[
  {
    "login": ["paulohenriquerosa"],
    "id": [33530625],
    "node_id": ["MDQ6VXNlcjMzNTMwNjI1"],
    "avatar_url": ["https://avatars1.githubusercontent.com/u/33530625?v=4"],
    "gravatar_id": [""],
    "url": ["https://api.github.com/users/paulohenriquerosa"],
    "html_url": ["https://github.com/paulohenriquerosa"],
    "followers_url": ["https://api.github.com/users/paulohenriquerosa/followers"],
    "following_url": ["https://api.github.com/users/paulohenriquerosa/following{/other_user}"],
    "gists_url": ["https://api.github.com/users/paulohenriquerosa/gists{/gist_id}"],
    "starred_url": ["https://api.github.com/users/paulohenriquerosa/starred{/owner}{/repo}"],
    "subscriptions_url": ["https://api.github.com/users/paulohenriquerosa/subscriptions"],
    "organizations_url": ["https://api.github.com/users/paulohenriquerosa/orgs"],
    "repos_url": ["https://api.github.com/users/paulohenriquerosa/repos"],
    "events_url": ["https://api.github.com/users/paulohenriquerosa/events{/privacy}"],
    "received_events_url": ["https://api.github.com/users/paulohenriquerosa/received_events"],
    "type": ["User"],
    "site_admin": [false]
  }
]
