[
  {
    "login": ["yclavinas"],
    "id": [3611269],
    "node_id": ["MDQ6VXNlcjM2MTEyNjk="],
    "avatar_url": ["https://avatars1.githubusercontent.com/u/3611269?v=4"],
    "gravatar_id": [""],
    "url": ["https://api.github.com/users/yclavinas"],
    "html_url": ["https://github.com/yclavinas"],
    "followers_url": ["https://api.github.com/users/yclavinas/followers"],
    "following_url": ["https://api.github.com/users/yclavinas/following{/other_user}"],
    "gists_url": ["https://api.github.com/users/yclavinas/gists{/gist_id}"],
    "starred_url": ["https://api.github.com/users/yclavinas/starred{/owner}{/repo}"],
    "subscriptions_url": ["https://api.github.com/users/yclavinas/subscriptions"],
    "organizations_url": ["https://api.github.com/users/yclavinas/orgs"],
    "repos_url": ["https://api.github.com/users/yclavinas/repos"],
    "events_url": ["https://api.github.com/users/yclavinas/events{/privacy}"],
    "received_events_url": ["https://api.github.com/users/yclavinas/received_events"],
    "type": ["User"],
    "site_admin": [false]
  }
]
