[
  {
    "login": ["shdotcom"],
    "id": [22214093],
    "node_id": ["MDQ6VXNlcjIyMjE0MDkz"],
    "avatar_url": ["https://avatars2.githubusercontent.com/u/22214093?v=4"],
    "gravatar_id": [""],
    "url": ["https://api.github.com/users/shdotcom"],
    "html_url": ["https://github.com/shdotcom"],
    "followers_url": ["https://api.github.com/users/shdotcom/followers"],
    "following_url": ["https://api.github.com/users/shdotcom/following{/other_user}"],
    "gists_url": ["https://api.github.com/users/shdotcom/gists{/gist_id}"],
    "starred_url": ["https://api.github.com/users/shdotcom/starred{/owner}{/repo}"],
    "subscriptions_url": ["https://api.github.com/users/shdotcom/subscriptions"],
    "organizations_url": ["https://api.github.com/users/shdotcom/orgs"],
    "repos_url": ["https://api.github.com/users/shdotcom/repos"],
    "events_url": ["https://api.github.com/users/shdotcom/events{/privacy}"],
    "received_events_url": ["https://api.github.com/users/shdotcom/received_events"],
    "type": ["User"],
    "site_admin": [false]
  }
]
