[
  {
    "login": ["haidi-ustc"],
    "id": [10081425],
    "node_id": ["MDQ6VXNlcjEwMDgxNDI1"],
    "avatar_url": ["https://avatars1.githubusercontent.com/u/10081425?v=4"],
    "gravatar_id": [""],
    "url": ["https://api.github.com/users/haidi-ustc"],
    "html_url": ["https://github.com/haidi-ustc"],
    "followers_url": ["https://api.github.com/users/haidi-ustc/followers"],
    "following_url": ["https://api.github.com/users/haidi-ustc/following{/other_user}"],
    "gists_url": ["https://api.github.com/users/haidi-ustc/gists{/gist_id}"],
    "starred_url": ["https://api.github.com/users/haidi-ustc/starred{/owner}{/repo}"],
    "subscriptions_url": ["https://api.github.com/users/haidi-ustc/subscriptions"],
    "organizations_url": ["https://api.github.com/users/haidi-ustc/orgs"],
    "repos_url": ["https://api.github.com/users/haidi-ustc/repos"],
    "events_url": ["https://api.github.com/users/haidi-ustc/events{/privacy}"],
    "received_events_url": ["https://api.github.com/users/haidi-ustc/received_events"],
    "type": ["User"],
    "site_admin": [false]
  }
]
