[
  {
    "login": ["alandefreitas"],
    "id": [5369819],
    "node_id": ["MDQ6VXNlcjUzNjk4MTk="],
    "avatar_url": ["https://avatars0.githubusercontent.com/u/5369819?v=4"],
    "gravatar_id": [""],
    "url": ["https://api.github.com/users/alandefreitas"],
    "html_url": ["https://github.com/alandefreitas"],
    "followers_url": ["https://api.github.com/users/alandefreitas/followers"],
    "following_url": ["https://api.github.com/users/alandefreitas/following{/other_user}"],
    "gists_url": ["https://api.github.com/users/alandefreitas/gists{/gist_id}"],
    "starred_url": ["https://api.github.com/users/alandefreitas/starred{/owner}{/repo}"],
    "subscriptions_url": ["https://api.github.com/users/alandefreitas/subscriptions"],
    "organizations_url": ["https://api.github.com/users/alandefreitas/orgs"],
    "repos_url": ["https://api.github.com/users/alandefreitas/repos"],
    "events_url": ["https://api.github.com/users/alandefreitas/events{/privacy}"],
    "received_events_url": ["https://api.github.com/users/alandefreitas/received_events"],
    "type": ["User"],
    "site_admin": [false]
  }
]
