[
  {
    "login": ["ciniro"],
    "id": [8885360],
    "node_id": ["MDQ6VXNlcjg4ODUzNjA="],
    "avatar_url": ["https://avatars2.githubusercontent.com/u/8885360?v=4"],
    "gravatar_id": [""],
    "url": ["https://api.github.com/users/ciniro"],
    "html_url": ["https://github.com/ciniro"],
    "followers_url": ["https://api.github.com/users/ciniro/followers"],
    "following_url": ["https://api.github.com/users/ciniro/following{/other_user}"],
    "gists_url": ["https://api.github.com/users/ciniro/gists{/gist_id}"],
    "starred_url": ["https://api.github.com/users/ciniro/starred{/owner}{/repo}"],
    "subscriptions_url": ["https://api.github.com/users/ciniro/subscriptions"],
    "organizations_url": ["https://api.github.com/users/ciniro/orgs"],
    "repos_url": ["https://api.github.com/users/ciniro/repos"],
    "events_url": ["https://api.github.com/users/ciniro/events{/privacy}"],
    "received_events_url": ["https://api.github.com/users/ciniro/received_events"],
    "type": ["User"],
    "site_admin": [false]
  }
]
