[
  {
    "login": ["joaonizer"],
    "id": [26409849],
    "node_id": ["MDQ6VXNlcjI2NDA5ODQ5"],
    "avatar_url": ["https://avatars1.githubusercontent.com/u/26409849?v=4"],
    "gravatar_id": [""],
    "url": ["https://api.github.com/users/joaonizer"],
    "html_url": ["https://github.com/joaonizer"],
    "followers_url": ["https://api.github.com/users/joaonizer/followers"],
    "following_url": ["https://api.github.com/users/joaonizer/following{/other_user}"],
    "gists_url": ["https://api.github.com/users/joaonizer/gists{/gist_id}"],
    "starred_url": ["https://api.github.com/users/joaonizer/starred{/owner}{/repo}"],
    "subscriptions_url": ["https://api.github.com/users/joaonizer/subscriptions"],
    "organizations_url": ["https://api.github.com/users/joaonizer/orgs"],
    "repos_url": ["https://api.github.com/users/joaonizer/repos"],
    "events_url": ["https://api.github.com/users/joaonizer/events{/privacy}"],
    "received_events_url": ["https://api.github.com/users/joaonizer/received_events"],
    "type": ["User"],
    "site_admin": [false]
  }
]
