[
  {
    "login": ["joserezende"],
    "id": [34244718],
    "node_id": ["MDQ6VXNlcjM0MjQ0NzE4"],
    "avatar_url": ["https://avatars3.githubusercontent.com/u/34244718?v=4"],
    "gravatar_id": [""],
    "url": ["https://api.github.com/users/joserezende"],
    "html_url": ["https://github.com/joserezende"],
    "followers_url": ["https://api.github.com/users/joserezende/followers"],
    "following_url": ["https://api.github.com/users/joserezende/following{/other_user}"],
    "gists_url": ["https://api.github.com/users/joserezende/gists{/gist_id}"],
    "starred_url": ["https://api.github.com/users/joserezende/starred{/owner}{/repo}"],
    "subscriptions_url": ["https://api.github.com/users/joserezende/subscriptions"],
    "organizations_url": ["https://api.github.com/users/joserezende/orgs"],
    "repos_url": ["https://api.github.com/users/joserezende/repos"],
    "events_url": ["https://api.github.com/users/joserezende/events{/privacy}"],
    "received_events_url": ["https://api.github.com/users/joserezende/received_events"],
    "type": ["User"],
    "site_admin": [false]
  }
]
