[
  {
    "login": ["paulobh"],
    "id": [20646859],
    "node_id": ["MDQ6VXNlcjIwNjQ2ODU5"],
    "avatar_url": ["https://avatars2.githubusercontent.com/u/20646859?v=4"],
    "gravatar_id": [""],
    "url": ["https://api.github.com/users/paulobh"],
    "html_url": ["https://github.com/paulobh"],
    "followers_url": ["https://api.github.com/users/paulobh/followers"],
    "following_url": ["https://api.github.com/users/paulobh/following{/other_user}"],
    "gists_url": ["https://api.github.com/users/paulobh/gists{/gist_id}"],
    "starred_url": ["https://api.github.com/users/paulobh/starred{/owner}{/repo}"],
    "subscriptions_url": ["https://api.github.com/users/paulobh/subscriptions"],
    "organizations_url": ["https://api.github.com/users/paulobh/orgs"],
    "repos_url": ["https://api.github.com/users/paulobh/repos"],
    "events_url": ["https://api.github.com/users/paulobh/events{/privacy}"],
    "received_events_url": ["https://api.github.com/users/paulobh/received_events"],
    "type": ["User"],
    "site_admin": [false]
  }
]
