[
  {
    "login": ["tiagocoelhom"],
    "id": [20782873],
    "node_id": ["MDQ6VXNlcjIwNzgyODcz"],
    "avatar_url": ["https://avatars0.githubusercontent.com/u/20782873?v=4"],
    "gravatar_id": [""],
    "url": ["https://api.github.com/users/tiagocoelhom"],
    "html_url": ["https://github.com/tiagocoelhom"],
    "followers_url": ["https://api.github.com/users/tiagocoelhom/followers"],
    "following_url": ["https://api.github.com/users/tiagocoelhom/following{/other_user}"],
    "gists_url": ["https://api.github.com/users/tiagocoelhom/gists{/gist_id}"],
    "starred_url": ["https://api.github.com/users/tiagocoelhom/starred{/owner}{/repo}"],
    "subscriptions_url": ["https://api.github.com/users/tiagocoelhom/subscriptions"],
    "organizations_url": ["https://api.github.com/users/tiagocoelhom/orgs"],
    "repos_url": ["https://api.github.com/users/tiagocoelhom/repos"],
    "events_url": ["https://api.github.com/users/tiagocoelhom/events{/privacy}"],
    "received_events_url": ["https://api.github.com/users/tiagocoelhom/received_events"],
    "type": ["User"],
    "site_admin": [false]
  }
]
