[
  {
    "login": ["andremaravilha"],
    "id": [11043756],
    "node_id": ["MDQ6VXNlcjExMDQzNzU2"],
    "avatar_url": ["https://avatars1.githubusercontent.com/u/11043756?v=4"],
    "gravatar_id": [""],
    "url": ["https://api.github.com/users/andremaravilha"],
    "html_url": ["https://github.com/andremaravilha"],
    "followers_url": ["https://api.github.com/users/andremaravilha/followers"],
    "following_url": ["https://api.github.com/users/andremaravilha/following{/other_user}"],
    "gists_url": ["https://api.github.com/users/andremaravilha/gists{/gist_id}"],
    "starred_url": ["https://api.github.com/users/andremaravilha/starred{/owner}{/repo}"],
    "subscriptions_url": ["https://api.github.com/users/andremaravilha/subscriptions"],
    "organizations_url": ["https://api.github.com/users/andremaravilha/orgs"],
    "repos_url": ["https://api.github.com/users/andremaravilha/repos"],
    "events_url": ["https://api.github.com/users/andremaravilha/events{/privacy}"],
    "received_events_url": ["https://api.github.com/users/andremaravilha/received_events"],
    "type": ["User"],
    "site_admin": [false]
  }
]
