[
  {
    "login": ["jwboy"],
    "id": [998155],
    "node_id": ["MDQ6VXNlcjk5ODE1NQ=="],
    "avatar_url": ["https://avatars0.githubusercontent.com/u/998155?v=4"],
    "gravatar_id": [""],
    "url": ["https://api.github.com/users/jwboy"],
    "html_url": ["https://github.com/jwboy"],
    "followers_url": ["https://api.github.com/users/jwboy/followers"],
    "following_url": ["https://api.github.com/users/jwboy/following{/other_user}"],
    "gists_url": ["https://api.github.com/users/jwboy/gists{/gist_id}"],
    "starred_url": ["https://api.github.com/users/jwboy/starred{/owner}{/repo}"],
    "subscriptions_url": ["https://api.github.com/users/jwboy/subscriptions"],
    "organizations_url": ["https://api.github.com/users/jwboy/orgs"],
    "repos_url": ["https://api.github.com/users/jwboy/repos"],
    "events_url": ["https://api.github.com/users/jwboy/events{/privacy}"],
    "received_events_url": ["https://api.github.com/users/jwboy/received_events"],
    "type": ["User"],
    "site_admin": [false]
  }
]
