[
  {
    "login": ["georgosgeorgos"],
    "id": [20865401],
    "node_id": ["MDQ6VXNlcjIwODY1NDAx"],
    "avatar_url": ["https://avatars2.githubusercontent.com/u/20865401?v=4"],
    "gravatar_id": [""],
    "url": ["https://api.github.com/users/georgosgeorgos"],
    "html_url": ["https://github.com/georgosgeorgos"],
    "followers_url": ["https://api.github.com/users/georgosgeorgos/followers"],
    "following_url": ["https://api.github.com/users/georgosgeorgos/following{/other_user}"],
    "gists_url": ["https://api.github.com/users/georgosgeorgos/gists{/gist_id}"],
    "starred_url": ["https://api.github.com/users/georgosgeorgos/starred{/owner}{/repo}"],
    "subscriptions_url": ["https://api.github.com/users/georgosgeorgos/subscriptions"],
    "organizations_url": ["https://api.github.com/users/georgosgeorgos/orgs"],
    "repos_url": ["https://api.github.com/users/georgosgeorgos/repos"],
    "events_url": ["https://api.github.com/users/georgosgeorgos/events{/privacy}"],
    "received_events_url": ["https://api.github.com/users/georgosgeorgos/received_events"],
    "type": ["User"],
    "site_admin": [false]
  }
]
