[
  {
    "login": ["SSICreative83"],
    "id": [29288951],
    "node_id": ["MDQ6VXNlcjI5Mjg4OTUx"],
    "avatar_url": ["https://avatars2.githubusercontent.com/u/29288951?v=4"],
    "gravatar_id": [""],
    "url": ["https://api.github.com/users/SSICreative83"],
    "html_url": ["https://github.com/SSICreative83"],
    "followers_url": ["https://api.github.com/users/SSICreative83/followers"],
    "following_url": ["https://api.github.com/users/SSICreative83/following{/other_user}"],
    "gists_url": ["https://api.github.com/users/SSICreative83/gists{/gist_id}"],
    "starred_url": ["https://api.github.com/users/SSICreative83/starred{/owner}{/repo}"],
    "subscriptions_url": ["https://api.github.com/users/SSICreative83/subscriptions"],
    "organizations_url": ["https://api.github.com/users/SSICreative83/orgs"],
    "repos_url": ["https://api.github.com/users/SSICreative83/repos"],
    "events_url": ["https://api.github.com/users/SSICreative83/events{/privacy}"],
    "received_events_url": ["https://api.github.com/users/SSICreative83/received_events"],
    "type": ["User"],
    "site_admin": [false]
  }
]
