[
  {
    "login": ["josielkuk"],
    "id": [4547],
    "node_id": ["MDQ6VXNlcjQ1NDc="],
    "avatar_url": ["https://avatars2.githubusercontent.com/u/4547?v=4"],
    "gravatar_id": [""],
    "url": ["https://api.github.com/users/josielkuk"],
    "html_url": ["https://github.com/josielkuk"],
    "followers_url": ["https://api.github.com/users/josielkuk/followers"],
    "following_url": ["https://api.github.com/users/josielkuk/following{/other_user}"],
    "gists_url": ["https://api.github.com/users/josielkuk/gists{/gist_id}"],
    "starred_url": ["https://api.github.com/users/josielkuk/starred{/owner}{/repo}"],
    "subscriptions_url": ["https://api.github.com/users/josielkuk/subscriptions"],
    "organizations_url": ["https://api.github.com/users/josielkuk/orgs"],
    "repos_url": ["https://api.github.com/users/josielkuk/repos"],
    "events_url": ["https://api.github.com/users/josielkuk/events{/privacy}"],
    "received_events_url": ["https://api.github.com/users/josielkuk/received_events"],
    "type": ["User"],
    "site_admin": [false]
  }
]
