[
  {
    "login": ["techperfect"],
    "id": [22025425],
    "node_id": ["MDQ6VXNlcjIyMDI1NDI1"],
    "avatar_url": ["https://avatars0.githubusercontent.com/u/22025425?v=4"],
    "gravatar_id": [""],
    "url": ["https://api.github.com/users/techperfect"],
    "html_url": ["https://github.com/techperfect"],
    "followers_url": ["https://api.github.com/users/techperfect/followers"],
    "following_url": ["https://api.github.com/users/techperfect/following{/other_user}"],
    "gists_url": ["https://api.github.com/users/techperfect/gists{/gist_id}"],
    "starred_url": ["https://api.github.com/users/techperfect/starred{/owner}{/repo}"],
    "subscriptions_url": ["https://api.github.com/users/techperfect/subscriptions"],
    "organizations_url": ["https://api.github.com/users/techperfect/orgs"],
    "repos_url": ["https://api.github.com/users/techperfect/repos"],
    "events_url": ["https://api.github.com/users/techperfect/events{/privacy}"],
    "received_events_url": ["https://api.github.com/users/techperfect/received_events"],
    "type": ["User"],
    "site_admin": [false]
  }
]
