[
  {
    "login": ["artemii-yanushevskyi"],
    "id": [40743076],
    "node_id": ["MDQ6VXNlcjQwNzQzMDc2"],
    "avatar_url": ["https://avatars1.githubusercontent.com/u/40743076?v=4"],
    "gravatar_id": [""],
    "url": ["https://api.github.com/users/artemii-yanushevskyi"],
    "html_url": ["https://github.com/artemii-yanushevskyi"],
    "followers_url": ["https://api.github.com/users/artemii-yanushevskyi/followers"],
    "following_url": ["https://api.github.com/users/artemii-yanushevskyi/following{/other_user}"],
    "gists_url": ["https://api.github.com/users/artemii-yanushevskyi/gists{/gist_id}"],
    "starred_url": ["https://api.github.com/users/artemii-yanushevskyi/starred{/owner}{/repo}"],
    "subscriptions_url": ["https://api.github.com/users/artemii-yanushevskyi/subscriptions"],
    "organizations_url": ["https://api.github.com/users/artemii-yanushevskyi/orgs"],
    "repos_url": ["https://api.github.com/users/artemii-yanushevskyi/repos"],
    "events_url": ["https://api.github.com/users/artemii-yanushevskyi/events{/privacy}"],
    "received_events_url": ["https://api.github.com/users/artemii-yanushevskyi/received_events"],
    "type": ["User"],
    "site_admin": [false]
  }
]
