[
  {
    "login": ["naser9878"],
    "id": [10085399],
    "node_id": ["MDQ6VXNlcjEwMDg1Mzk5"],
    "avatar_url": ["https://avatars3.githubusercontent.com/u/10085399?v=4"],
    "gravatar_id": [""],
    "url": ["https://api.github.com/users/naser9878"],
    "html_url": ["https://github.com/naser9878"],
    "followers_url": ["https://api.github.com/users/naser9878/followers"],
    "following_url": ["https://api.github.com/users/naser9878/following{/other_user}"],
    "gists_url": ["https://api.github.com/users/naser9878/gists{/gist_id}"],
    "starred_url": ["https://api.github.com/users/naser9878/starred{/owner}{/repo}"],
    "subscriptions_url": ["https://api.github.com/users/naser9878/subscriptions"],
    "organizations_url": ["https://api.github.com/users/naser9878/orgs"],
    "repos_url": ["https://api.github.com/users/naser9878/repos"],
    "events_url": ["https://api.github.com/users/naser9878/events{/privacy}"],
    "received_events_url": ["https://api.github.com/users/naser9878/received_events"],
    "type": ["User"],
    "site_admin": [false]
  }
]
