[
  {
    "login": ["bCamba"],
    "id": [10115288],
    "node_id": ["MDQ6VXNlcjEwMTE1Mjg4"],
    "avatar_url": ["https://avatars3.githubusercontent.com/u/10115288?v=4"],
    "gravatar_id": [""],
    "url": ["https://api.github.com/users/bCamba"],
    "html_url": ["https://github.com/bCamba"],
    "followers_url": ["https://api.github.com/users/bCamba/followers"],
    "following_url": ["https://api.github.com/users/bCamba/following{/other_user}"],
    "gists_url": ["https://api.github.com/users/bCamba/gists{/gist_id}"],
    "starred_url": ["https://api.github.com/users/bCamba/starred{/owner}{/repo}"],
    "subscriptions_url": ["https://api.github.com/users/bCamba/subscriptions"],
    "organizations_url": ["https://api.github.com/users/bCamba/orgs"],
    "repos_url": ["https://api.github.com/users/bCamba/repos"],
    "events_url": ["https://api.github.com/users/bCamba/events{/privacy}"],
    "received_events_url": ["https://api.github.com/users/bCamba/received_events"],
    "type": ["User"],
    "site_admin": [false]
  }
]
