[
  {
    "login": ["moisesmendes"],
    "id": [31326507],
    "node_id": ["MDQ6VXNlcjMxMzI2NTA3"],
    "avatar_url": ["https://avatars1.githubusercontent.com/u/31326507?v=4"],
    "gravatar_id": [""],
    "url": ["https://api.github.com/users/moisesmendes"],
    "html_url": ["https://github.com/moisesmendes"],
    "followers_url": ["https://api.github.com/users/moisesmendes/followers"],
    "following_url": ["https://api.github.com/users/moisesmendes/following{/other_user}"],
    "gists_url": ["https://api.github.com/users/moisesmendes/gists{/gist_id}"],
    "starred_url": ["https://api.github.com/users/moisesmendes/starred{/owner}{/repo}"],
    "subscriptions_url": ["https://api.github.com/users/moisesmendes/subscriptions"],
    "organizations_url": ["https://api.github.com/users/moisesmendes/orgs"],
    "repos_url": ["https://api.github.com/users/moisesmendes/repos"],
    "events_url": ["https://api.github.com/users/moisesmendes/events{/privacy}"],
    "received_events_url": ["https://api.github.com/users/moisesmendes/received_events"],
    "type": ["User"],
    "site_admin": [false]
  }
]
