[
  {
    "login": ["Verginio"],
    "id": [29777709],
    "node_id": ["MDQ6VXNlcjI5Nzc3NzA5"],
    "avatar_url": ["https://avatars0.githubusercontent.com/u/29777709?v=4"],
    "gravatar_id": [""],
    "url": ["https://api.github.com/users/Verginio"],
    "html_url": ["https://github.com/Verginio"],
    "followers_url": ["https://api.github.com/users/Verginio/followers"],
    "following_url": ["https://api.github.com/users/Verginio/following{/other_user}"],
    "gists_url": ["https://api.github.com/users/Verginio/gists{/gist_id}"],
    "starred_url": ["https://api.github.com/users/Verginio/starred{/owner}{/repo}"],
    "subscriptions_url": ["https://api.github.com/users/Verginio/subscriptions"],
    "organizations_url": ["https://api.github.com/users/Verginio/orgs"],
    "repos_url": ["https://api.github.com/users/Verginio/repos"],
    "events_url": ["https://api.github.com/users/Verginio/events{/privacy}"],
    "received_events_url": ["https://api.github.com/users/Verginio/received_events"],
    "type": ["User"],
    "site_admin": [false]
  }
]
