[
  {
    "login": ["ruilorenzetti"],
    "id": [687388],
    "node_id": ["MDQ6VXNlcjY4NzM4OA=="],
    "avatar_url": ["https://avatars0.githubusercontent.com/u/687388?v=4"],
    "gravatar_id": [""],
    "url": ["https://api.github.com/users/ruilorenzetti"],
    "html_url": ["https://github.com/ruilorenzetti"],
    "followers_url": ["https://api.github.com/users/ruilorenzetti/followers"],
    "following_url": ["https://api.github.com/users/ruilorenzetti/following{/other_user}"],
    "gists_url": ["https://api.github.com/users/ruilorenzetti/gists{/gist_id}"],
    "starred_url": ["https://api.github.com/users/ruilorenzetti/starred{/owner}{/repo}"],
    "subscriptions_url": ["https://api.github.com/users/ruilorenzetti/subscriptions"],
    "organizations_url": ["https://api.github.com/users/ruilorenzetti/orgs"],
    "repos_url": ["https://api.github.com/users/ruilorenzetti/repos"],
    "events_url": ["https://api.github.com/users/ruilorenzetti/events{/privacy}"],
    "received_events_url": ["https://api.github.com/users/ruilorenzetti/received_events"],
    "type": ["User"],
    "site_admin": [false]
  }
]
