[
  {
    "login": ["PauloCirino"],
    "id": [8838054],
    "node_id": ["MDQ6VXNlcjg4MzgwNTQ="],
    "avatar_url": ["https://avatars1.githubusercontent.com/u/8838054?v=4"],
    "gravatar_id": [""],
    "url": ["https://api.github.com/users/PauloCirino"],
    "html_url": ["https://github.com/PauloCirino"],
    "followers_url": ["https://api.github.com/users/PauloCirino/followers"],
    "following_url": ["https://api.github.com/users/PauloCirino/following{/other_user}"],
    "gists_url": ["https://api.github.com/users/PauloCirino/gists{/gist_id}"],
    "starred_url": ["https://api.github.com/users/PauloCirino/starred{/owner}{/repo}"],
    "subscriptions_url": ["https://api.github.com/users/PauloCirino/subscriptions"],
    "organizations_url": ["https://api.github.com/users/PauloCirino/orgs"],
    "repos_url": ["https://api.github.com/users/PauloCirino/repos"],
    "events_url": ["https://api.github.com/users/PauloCirino/events{/privacy}"],
    "received_events_url": ["https://api.github.com/users/PauloCirino/received_events"],
    "type": ["User"],
    "site_admin": [false]
  }
]
