[
  {
    "login": ["fboliveira"],
    "id": [11281904],
    "node_id": ["MDQ6VXNlcjExMjgxOTA0"],
    "avatar_url": ["https://avatars3.githubusercontent.com/u/11281904?v=4"],
    "gravatar_id": [""],
    "url": ["https://api.github.com/users/fboliveira"],
    "html_url": ["https://github.com/fboliveira"],
    "followers_url": ["https://api.github.com/users/fboliveira/followers"],
    "following_url": ["https://api.github.com/users/fboliveira/following{/other_user}"],
    "gists_url": ["https://api.github.com/users/fboliveira/gists{/gist_id}"],
    "starred_url": ["https://api.github.com/users/fboliveira/starred{/owner}{/repo}"],
    "subscriptions_url": ["https://api.github.com/users/fboliveira/subscriptions"],
    "organizations_url": ["https://api.github.com/users/fboliveira/orgs"],
    "repos_url": ["https://api.github.com/users/fboliveira/repos"],
    "events_url": ["https://api.github.com/users/fboliveira/events{/privacy}"],
    "received_events_url": ["https://api.github.com/users/fboliveira/received_events"],
    "type": ["User"],
    "site_admin": [false]
  }
]
