[
  {
    "login": ["roneyfraga"],
    "id": [4466935],
    "node_id": ["MDQ6VXNlcjQ0NjY5MzU="],
    "avatar_url": ["https://avatars3.githubusercontent.com/u/4466935?v=4"],
    "gravatar_id": [""],
    "url": ["https://api.github.com/users/roneyfraga"],
    "html_url": ["https://github.com/roneyfraga"],
    "followers_url": ["https://api.github.com/users/roneyfraga/followers"],
    "following_url": ["https://api.github.com/users/roneyfraga/following{/other_user}"],
    "gists_url": ["https://api.github.com/users/roneyfraga/gists{/gist_id}"],
    "starred_url": ["https://api.github.com/users/roneyfraga/starred{/owner}{/repo}"],
    "subscriptions_url": ["https://api.github.com/users/roneyfraga/subscriptions"],
    "organizations_url": ["https://api.github.com/users/roneyfraga/orgs"],
    "repos_url": ["https://api.github.com/users/roneyfraga/repos"],
    "events_url": ["https://api.github.com/users/roneyfraga/events{/privacy}"],
    "received_events_url": ["https://api.github.com/users/roneyfraga/received_events"],
    "type": ["User"],
    "site_admin": [false]
  }
]
