[
  {
    "login": ["fly51fly"],
    "id": [128885],
    "node_id": ["MDQ6VXNlcjEyODg4NQ=="],
    "avatar_url": ["https://avatars0.githubusercontent.com/u/128885?v=4"],
    "gravatar_id": [""],
    "url": ["https://api.github.com/users/fly51fly"],
    "html_url": ["https://github.com/fly51fly"],
    "followers_url": ["https://api.github.com/users/fly51fly/followers"],
    "following_url": ["https://api.github.com/users/fly51fly/following{/other_user}"],
    "gists_url": ["https://api.github.com/users/fly51fly/gists{/gist_id}"],
    "starred_url": ["https://api.github.com/users/fly51fly/starred{/owner}{/repo}"],
    "subscriptions_url": ["https://api.github.com/users/fly51fly/subscriptions"],
    "organizations_url": ["https://api.github.com/users/fly51fly/orgs"],
    "repos_url": ["https://api.github.com/users/fly51fly/repos"],
    "events_url": ["https://api.github.com/users/fly51fly/events{/privacy}"],
    "received_events_url": ["https://api.github.com/users/fly51fly/received_events"],
    "type": ["User"],
    "site_admin": [false]
  }
]
