[
  {
    "login": ["zyxdef"],
    "id": [13120330],
    "node_id": ["MDQ6VXNlcjEzMTIwMzMw"],
    "avatar_url": ["https://avatars1.githubusercontent.com/u/13120330?v=4"],
    "gravatar_id": [""],
    "url": ["https://api.github.com/users/zyxdef"],
    "html_url": ["https://github.com/zyxdef"],
    "followers_url": ["https://api.github.com/users/zyxdef/followers"],
    "following_url": ["https://api.github.com/users/zyxdef/following{/other_user}"],
    "gists_url": ["https://api.github.com/users/zyxdef/gists{/gist_id}"],
    "starred_url": ["https://api.github.com/users/zyxdef/starred{/owner}{/repo}"],
    "subscriptions_url": ["https://api.github.com/users/zyxdef/subscriptions"],
    "organizations_url": ["https://api.github.com/users/zyxdef/orgs"],
    "repos_url": ["https://api.github.com/users/zyxdef/repos"],
    "events_url": ["https://api.github.com/users/zyxdef/events{/privacy}"],
    "received_events_url": ["https://api.github.com/users/zyxdef/received_events"],
    "type": ["User"],
    "site_admin": [false]
  }
]
