[
  {
    "login": ["P4yo"],
    "id": [15863196],
    "node_id": ["MDQ6VXNlcjE1ODYzMTk2"],
    "avatar_url": ["https://avatars0.githubusercontent.com/u/15863196?v=4"],
    "gravatar_id": [""],
    "url": ["https://api.github.com/users/P4yo"],
    "html_url": ["https://github.com/P4yo"],
    "followers_url": ["https://api.github.com/users/P4yo/followers"],
    "following_url": ["https://api.github.com/users/P4yo/following{/other_user}"],
    "gists_url": ["https://api.github.com/users/P4yo/gists{/gist_id}"],
    "starred_url": ["https://api.github.com/users/P4yo/starred{/owner}{/repo}"],
    "subscriptions_url": ["https://api.github.com/users/P4yo/subscriptions"],
    "organizations_url": ["https://api.github.com/users/P4yo/orgs"],
    "repos_url": ["https://api.github.com/users/P4yo/repos"],
    "events_url": ["https://api.github.com/users/P4yo/events{/privacy}"],
    "received_events_url": ["https://api.github.com/users/P4yo/received_events"],
    "type": ["User"],
    "site_admin": [false]
  }
]
