[
  {
    "login": ["dr-dos-ok"],
    "id": [6175515],
    "node_id": ["MDQ6VXNlcjYxNzU1MTU="],
    "avatar_url": ["https://avatars1.githubusercontent.com/u/6175515?v=4"],
    "gravatar_id": [""],
    "url": ["https://api.github.com/users/dr-dos-ok"],
    "html_url": ["https://github.com/dr-dos-ok"],
    "followers_url": ["https://api.github.com/users/dr-dos-ok/followers"],
    "following_url": ["https://api.github.com/users/dr-dos-ok/following{/other_user}"],
    "gists_url": ["https://api.github.com/users/dr-dos-ok/gists{/gist_id}"],
    "starred_url": ["https://api.github.com/users/dr-dos-ok/starred{/owner}{/repo}"],
    "subscriptions_url": ["https://api.github.com/users/dr-dos-ok/subscriptions"],
    "organizations_url": ["https://api.github.com/users/dr-dos-ok/orgs"],
    "repos_url": ["https://api.github.com/users/dr-dos-ok/repos"],
    "events_url": ["https://api.github.com/users/dr-dos-ok/events{/privacy}"],
    "received_events_url": ["https://api.github.com/users/dr-dos-ok/received_events"],
    "type": ["User"],
    "site_admin": [false]
  }
]
