[
  {
    "login": ["vidalfontoura"],
    "id": [11443512],
    "node_id": ["MDQ6VXNlcjExNDQzNTEy"],
    "avatar_url": ["https://avatars0.githubusercontent.com/u/11443512?v=4"],
    "gravatar_id": [""],
    "url": ["https://api.github.com/users/vidalfontoura"],
    "html_url": ["https://github.com/vidalfontoura"],
    "followers_url": ["https://api.github.com/users/vidalfontoura/followers"],
    "following_url": ["https://api.github.com/users/vidalfontoura/following{/other_user}"],
    "gists_url": ["https://api.github.com/users/vidalfontoura/gists{/gist_id}"],
    "starred_url": ["https://api.github.com/users/vidalfontoura/starred{/owner}{/repo}"],
    "subscriptions_url": ["https://api.github.com/users/vidalfontoura/subscriptions"],
    "organizations_url": ["https://api.github.com/users/vidalfontoura/orgs"],
    "repos_url": ["https://api.github.com/users/vidalfontoura/repos"],
    "events_url": ["https://api.github.com/users/vidalfontoura/events{/privacy}"],
    "received_events_url": ["https://api.github.com/users/vidalfontoura/received_events"],
    "type": ["User"],
    "site_admin": [false]
  }
]
