[
  {
    "login": ["brunasqz"],
    "id": [36631467],
    "node_id": ["MDQ6VXNlcjM2NjMxNDY3"],
    "avatar_url": ["https://avatars1.githubusercontent.com/u/36631467?v=4"],
    "gravatar_id": [""],
    "url": ["https://api.github.com/users/brunasqz"],
    "html_url": ["https://github.com/brunasqz"],
    "followers_url": ["https://api.github.com/users/brunasqz/followers"],
    "following_url": ["https://api.github.com/users/brunasqz/following{/other_user}"],
    "gists_url": ["https://api.github.com/users/brunasqz/gists{/gist_id}"],
    "starred_url": ["https://api.github.com/users/brunasqz/starred{/owner}{/repo}"],
    "subscriptions_url": ["https://api.github.com/users/brunasqz/subscriptions"],
    "organizations_url": ["https://api.github.com/users/brunasqz/orgs"],
    "repos_url": ["https://api.github.com/users/brunasqz/repos"],
    "events_url": ["https://api.github.com/users/brunasqz/events{/privacy}"],
    "received_events_url": ["https://api.github.com/users/brunasqz/received_events"],
    "type": ["User"],
    "site_admin": [false]
  }
]
