[
  {
    "login": ["helonayala"],
    "id": [36583477],
    "node_id": ["MDQ6VXNlcjM2NTgzNDc3"],
    "avatar_url": ["https://avatars3.githubusercontent.com/u/36583477?v=4"],
    "gravatar_id": [""],
    "url": ["https://api.github.com/users/helonayala"],
    "html_url": ["https://github.com/helonayala"],
    "followers_url": ["https://api.github.com/users/helonayala/followers"],
    "following_url": ["https://api.github.com/users/helonayala/following{/other_user}"],
    "gists_url": ["https://api.github.com/users/helonayala/gists{/gist_id}"],
    "starred_url": ["https://api.github.com/users/helonayala/starred{/owner}{/repo}"],
    "subscriptions_url": ["https://api.github.com/users/helonayala/subscriptions"],
    "organizations_url": ["https://api.github.com/users/helonayala/orgs"],
    "repos_url": ["https://api.github.com/users/helonayala/repos"],
    "events_url": ["https://api.github.com/users/helonayala/events{/privacy}"],
    "received_events_url": ["https://api.github.com/users/helonayala/received_events"],
    "type": ["User"],
    "site_admin": [false]
  }
]
