[
  {
    "login": ["Hirocod"],
    "id": [36913011],
    "node_id": ["MDQ6VXNlcjM2OTEzMDEx"],
    "avatar_url": ["https://avatars0.githubusercontent.com/u/36913011?v=4"],
    "gravatar_id": [""],
    "url": ["https://api.github.com/users/Hirocod"],
    "html_url": ["https://github.com/Hirocod"],
    "followers_url": ["https://api.github.com/users/Hirocod/followers"],
    "following_url": ["https://api.github.com/users/Hirocod/following{/other_user}"],
    "gists_url": ["https://api.github.com/users/Hirocod/gists{/gist_id}"],
    "starred_url": ["https://api.github.com/users/Hirocod/starred{/owner}{/repo}"],
    "subscriptions_url": ["https://api.github.com/users/Hirocod/subscriptions"],
    "organizations_url": ["https://api.github.com/users/Hirocod/orgs"],
    "repos_url": ["https://api.github.com/users/Hirocod/repos"],
    "events_url": ["https://api.github.com/users/Hirocod/events{/privacy}"],
    "received_events_url": ["https://api.github.com/users/Hirocod/received_events"],
    "type": ["User"],
    "site_admin": [false]
  }
]
