[
  {
    "login": ["gollivier"],
    "id": [4458326],
    "node_id": ["MDQ6VXNlcjQ0NTgzMjY="],
    "avatar_url": ["https://avatars3.githubusercontent.com/u/4458326?v=4"],
    "gravatar_id": [""],
    "url": ["https://api.github.com/users/gollivier"],
    "html_url": ["https://github.com/gollivier"],
    "followers_url": ["https://api.github.com/users/gollivier/followers"],
    "following_url": ["https://api.github.com/users/gollivier/following{/other_user}"],
    "gists_url": ["https://api.github.com/users/gollivier/gists{/gist_id}"],
    "starred_url": ["https://api.github.com/users/gollivier/starred{/owner}{/repo}"],
    "subscriptions_url": ["https://api.github.com/users/gollivier/subscriptions"],
    "organizations_url": ["https://api.github.com/users/gollivier/orgs"],
    "repos_url": ["https://api.github.com/users/gollivier/repos"],
    "events_url": ["https://api.github.com/users/gollivier/events{/privacy}"],
    "received_events_url": ["https://api.github.com/users/gollivier/received_events"],
    "type": ["User"],
    "site_admin": [false]
  }
]
