[
  {
    "login": ["gustavolvieira"],
    "id": [6912753],
    "node_id": ["MDQ6VXNlcjY5MTI3NTM="],
    "avatar_url": ["https://avatars1.githubusercontent.com/u/6912753?v=4"],
    "gravatar_id": [""],
    "url": ["https://api.github.com/users/gustavolvieira"],
    "html_url": ["https://github.com/gustavolvieira"],
    "followers_url": ["https://api.github.com/users/gustavolvieira/followers"],
    "following_url": ["https://api.github.com/users/gustavolvieira/following{/other_user}"],
    "gists_url": ["https://api.github.com/users/gustavolvieira/gists{/gist_id}"],
    "starred_url": ["https://api.github.com/users/gustavolvieira/starred{/owner}{/repo}"],
    "subscriptions_url": ["https://api.github.com/users/gustavolvieira/subscriptions"],
    "organizations_url": ["https://api.github.com/users/gustavolvieira/orgs"],
    "repos_url": ["https://api.github.com/users/gustavolvieira/repos"],
    "events_url": ["https://api.github.com/users/gustavolvieira/events{/privacy}"],
    "received_events_url": ["https://api.github.com/users/gustavolvieira/received_events"],
    "type": ["User"],
    "site_admin": [false]
  }
]
