[
  {
    "login": ["pedrofausto"],
    "id": [4079032],
    "node_id": ["MDQ6VXNlcjQwNzkwMzI="],
    "avatar_url": ["https://avatars1.githubusercontent.com/u/4079032?v=4"],
    "gravatar_id": [""],
    "url": ["https://api.github.com/users/pedrofausto"],
    "html_url": ["https://github.com/pedrofausto"],
    "followers_url": ["https://api.github.com/users/pedrofausto/followers"],
    "following_url": ["https://api.github.com/users/pedrofausto/following{/other_user}"],
    "gists_url": ["https://api.github.com/users/pedrofausto/gists{/gist_id}"],
    "starred_url": ["https://api.github.com/users/pedrofausto/starred{/owner}{/repo}"],
    "subscriptions_url": ["https://api.github.com/users/pedrofausto/subscriptions"],
    "organizations_url": ["https://api.github.com/users/pedrofausto/orgs"],
    "repos_url": ["https://api.github.com/users/pedrofausto/repos"],
    "events_url": ["https://api.github.com/users/pedrofausto/events{/privacy}"],
    "received_events_url": ["https://api.github.com/users/pedrofausto/received_events"],
    "type": ["User"],
    "site_admin": [false]
  }
]
