[
  {
    "login": ["AndreiSantosS"],
    "id": [18191476],
    "node_id": ["MDQ6VXNlcjE4MTkxNDc2"],
    "avatar_url": ["https://avatars2.githubusercontent.com/u/18191476?v=4"],
    "gravatar_id": [""],
    "url": ["https://api.github.com/users/AndreiSantosS"],
    "html_url": ["https://github.com/AndreiSantosS"],
    "followers_url": ["https://api.github.com/users/AndreiSantosS/followers"],
    "following_url": ["https://api.github.com/users/AndreiSantosS/following{/other_user}"],
    "gists_url": ["https://api.github.com/users/AndreiSantosS/gists{/gist_id}"],
    "starred_url": ["https://api.github.com/users/AndreiSantosS/starred{/owner}{/repo}"],
    "subscriptions_url": ["https://api.github.com/users/AndreiSantosS/subscriptions"],
    "organizations_url": ["https://api.github.com/users/AndreiSantosS/orgs"],
    "repos_url": ["https://api.github.com/users/AndreiSantosS/repos"],
    "events_url": ["https://api.github.com/users/AndreiSantosS/events{/privacy}"],
    "received_events_url": ["https://api.github.com/users/AndreiSantosS/received_events"],
    "type": ["User"],
    "site_admin": [false]
  }
]
