[
  {
    "login": ["tomashbaguiar"],
    "id": [15958483],
    "node_id": ["MDQ6VXNlcjE1OTU4NDgz"],
    "avatar_url": ["https://avatars3.githubusercontent.com/u/15958483?v=4"],
    "gravatar_id": [""],
    "url": ["https://api.github.com/users/tomashbaguiar"],
    "html_url": ["https://github.com/tomashbaguiar"],
    "followers_url": ["https://api.github.com/users/tomashbaguiar/followers"],
    "following_url": ["https://api.github.com/users/tomashbaguiar/following{/other_user}"],
    "gists_url": ["https://api.github.com/users/tomashbaguiar/gists{/gist_id}"],
    "starred_url": ["https://api.github.com/users/tomashbaguiar/starred{/owner}{/repo}"],
    "subscriptions_url": ["https://api.github.com/users/tomashbaguiar/subscriptions"],
    "organizations_url": ["https://api.github.com/users/tomashbaguiar/orgs"],
    "repos_url": ["https://api.github.com/users/tomashbaguiar/repos"],
    "events_url": ["https://api.github.com/users/tomashbaguiar/events{/privacy}"],
    "received_events_url": ["https://api.github.com/users/tomashbaguiar/received_events"],
    "type": ["User"],
    "site_admin": [false]
  }
]
