[
  {
    "login": ["zyhuster1"],
    "id": [41352963],
    "node_id": ["MDQ6VXNlcjQxMzUyOTYz"],
    "avatar_url": ["https://avatars0.githubusercontent.com/u/41352963?v=4"],
    "gravatar_id": [""],
    "url": ["https://api.github.com/users/zyhuster1"],
    "html_url": ["https://github.com/zyhuster1"],
    "followers_url": ["https://api.github.com/users/zyhuster1/followers"],
    "following_url": ["https://api.github.com/users/zyhuster1/following{/other_user}"],
    "gists_url": ["https://api.github.com/users/zyhuster1/gists{/gist_id}"],
    "starred_url": ["https://api.github.com/users/zyhuster1/starred{/owner}{/repo}"],
    "subscriptions_url": ["https://api.github.com/users/zyhuster1/subscriptions"],
    "organizations_url": ["https://api.github.com/users/zyhuster1/orgs"],
    "repos_url": ["https://api.github.com/users/zyhuster1/repos"],
    "events_url": ["https://api.github.com/users/zyhuster1/events{/privacy}"],
    "received_events_url": ["https://api.github.com/users/zyhuster1/received_events"],
    "type": ["User"],
    "site_admin": [false]
  }
]
