[
  {
    "login": ["AlexandreFrias"],
    "id": [20211869],
    "node_id": ["MDQ6VXNlcjIwMjExODY5"],
    "avatar_url": ["https://avatars0.githubusercontent.com/u/20211869?v=4"],
    "gravatar_id": [""],
    "url": ["https://api.github.com/users/AlexandreFrias"],
    "html_url": ["https://github.com/AlexandreFrias"],
    "followers_url": ["https://api.github.com/users/AlexandreFrias/followers"],
    "following_url": ["https://api.github.com/users/AlexandreFrias/following{/other_user}"],
    "gists_url": ["https://api.github.com/users/AlexandreFrias/gists{/gist_id}"],
    "starred_url": ["https://api.github.com/users/AlexandreFrias/starred{/owner}{/repo}"],
    "subscriptions_url": ["https://api.github.com/users/AlexandreFrias/subscriptions"],
    "organizations_url": ["https://api.github.com/users/AlexandreFrias/orgs"],
    "repos_url": ["https://api.github.com/users/AlexandreFrias/repos"],
    "events_url": ["https://api.github.com/users/AlexandreFrias/events{/privacy}"],
    "received_events_url": ["https://api.github.com/users/AlexandreFrias/received_events"],
    "type": ["User"],
    "site_admin": [false]
  }
]
