[
  {
    "login": ["damiaomelo"],
    "id": [13694216],
    "node_id": ["MDQ6VXNlcjEzNjk0MjE2"],
    "avatar_url": ["https://avatars0.githubusercontent.com/u/13694216?v=4"],
    "gravatar_id": [""],
    "url": ["https://api.github.com/users/damiaomelo"],
    "html_url": ["https://github.com/damiaomelo"],
    "followers_url": ["https://api.github.com/users/damiaomelo/followers"],
    "following_url": ["https://api.github.com/users/damiaomelo/following{/other_user}"],
    "gists_url": ["https://api.github.com/users/damiaomelo/gists{/gist_id}"],
    "starred_url": ["https://api.github.com/users/damiaomelo/starred{/owner}{/repo}"],
    "subscriptions_url": ["https://api.github.com/users/damiaomelo/subscriptions"],
    "organizations_url": ["https://api.github.com/users/damiaomelo/orgs"],
    "repos_url": ["https://api.github.com/users/damiaomelo/repos"],
    "events_url": ["https://api.github.com/users/damiaomelo/events{/privacy}"],
    "received_events_url": ["https://api.github.com/users/damiaomelo/received_events"],
    "type": ["User"],
    "site_admin": [false]
  }
]
