[
  {
    "login": ["ljuillen"],
    "id": [11491914],
    "node_id": ["MDQ6VXNlcjExNDkxOTE0"],
    "avatar_url": ["https://avatars2.githubusercontent.com/u/11491914?v=4"],
    "gravatar_id": [""],
    "url": ["https://api.github.com/users/ljuillen"],
    "html_url": ["https://github.com/ljuillen"],
    "followers_url": ["https://api.github.com/users/ljuillen/followers"],
    "following_url": ["https://api.github.com/users/ljuillen/following{/other_user}"],
    "gists_url": ["https://api.github.com/users/ljuillen/gists{/gist_id}"],
    "starred_url": ["https://api.github.com/users/ljuillen/starred{/owner}{/repo}"],
    "subscriptions_url": ["https://api.github.com/users/ljuillen/subscriptions"],
    "organizations_url": ["https://api.github.com/users/ljuillen/orgs"],
    "repos_url": ["https://api.github.com/users/ljuillen/repos"],
    "events_url": ["https://api.github.com/users/ljuillen/events{/privacy}"],
    "received_events_url": ["https://api.github.com/users/ljuillen/received_events"],
    "type": ["User"],
    "site_admin": [false]
  }
]
