[
  {
    "login": ["IRSHO-ELECTRONICS"],
    "id": [9247869],
    "node_id": ["MDQ6VXNlcjkyNDc4Njk="],
    "avatar_url": ["https://avatars1.githubusercontent.com/u/9247869?v=4"],
    "gravatar_id": [""],
    "url": ["https://api.github.com/users/IRSHO-ELECTRONICS"],
    "html_url": ["https://github.com/IRSHO-ELECTRONICS"],
    "followers_url": ["https://api.github.com/users/IRSHO-ELECTRONICS/followers"],
    "following_url": ["https://api.github.com/users/IRSHO-ELECTRONICS/following{/other_user}"],
    "gists_url": ["https://api.github.com/users/IRSHO-ELECTRONICS/gists{/gist_id}"],
    "starred_url": ["https://api.github.com/users/IRSHO-ELECTRONICS/starred{/owner}{/repo}"],
    "subscriptions_url": ["https://api.github.com/users/IRSHO-ELECTRONICS/subscriptions"],
    "organizations_url": ["https://api.github.com/users/IRSHO-ELECTRONICS/orgs"],
    "repos_url": ["https://api.github.com/users/IRSHO-ELECTRONICS/repos"],
    "events_url": ["https://api.github.com/users/IRSHO-ELECTRONICS/events{/privacy}"],
    "received_events_url": ["https://api.github.com/users/IRSHO-ELECTRONICS/received_events"],
    "type": ["User"],
    "site_admin": [false]
  }
]
