[
  {
    "login": ["tmeits"],
    "id": [56503],
    "node_id": ["MDQ6VXNlcjU2NTAz"],
    "avatar_url": ["https://avatars1.githubusercontent.com/u/56503?v=4"],
    "gravatar_id": [""],
    "url": ["https://api.github.com/users/tmeits"],
    "html_url": ["https://github.com/tmeits"],
    "followers_url": ["https://api.github.com/users/tmeits/followers"],
    "following_url": ["https://api.github.com/users/tmeits/following{/other_user}"],
    "gists_url": ["https://api.github.com/users/tmeits/gists{/gist_id}"],
    "starred_url": ["https://api.github.com/users/tmeits/starred{/owner}{/repo}"],
    "subscriptions_url": ["https://api.github.com/users/tmeits/subscriptions"],
    "organizations_url": ["https://api.github.com/users/tmeits/orgs"],
    "repos_url": ["https://api.github.com/users/tmeits/repos"],
    "events_url": ["https://api.github.com/users/tmeits/events{/privacy}"],
    "received_events_url": ["https://api.github.com/users/tmeits/received_events"],
    "type": ["User"],
    "site_admin": [false]
  }
]
