[
  {
    "login": ["victebrito"],
    "id": [31326873],
    "node_id": ["MDQ6VXNlcjMxMzI2ODcz"],
    "avatar_url": ["https://avatars1.githubusercontent.com/u/31326873?v=4"],
    "gravatar_id": [""],
    "url": ["https://api.github.com/users/victebrito"],
    "html_url": ["https://github.com/victebrito"],
    "followers_url": ["https://api.github.com/users/victebrito/followers"],
    "following_url": ["https://api.github.com/users/victebrito/following{/other_user}"],
    "gists_url": ["https://api.github.com/users/victebrito/gists{/gist_id}"],
    "starred_url": ["https://api.github.com/users/victebrito/starred{/owner}{/repo}"],
    "subscriptions_url": ["https://api.github.com/users/victebrito/subscriptions"],
    "organizations_url": ["https://api.github.com/users/victebrito/orgs"],
    "repos_url": ["https://api.github.com/users/victebrito/repos"],
    "events_url": ["https://api.github.com/users/victebrito/events{/privacy}"],
    "received_events_url": ["https://api.github.com/users/victebrito/received_events"],
    "type": ["User"],
    "site_admin": [false]
  }
]
