[
  {
    "login": ["douglasdwell"],
    "id": [27426624],
    "node_id": ["MDQ6VXNlcjI3NDI2NjI0"],
    "avatar_url": ["https://avatars2.githubusercontent.com/u/27426624?v=4"],
    "gravatar_id": [""],
    "url": ["https://api.github.com/users/douglasdwell"],
    "html_url": ["https://github.com/douglasdwell"],
    "followers_url": ["https://api.github.com/users/douglasdwell/followers"],
    "following_url": ["https://api.github.com/users/douglasdwell/following{/other_user}"],
    "gists_url": ["https://api.github.com/users/douglasdwell/gists{/gist_id}"],
    "starred_url": ["https://api.github.com/users/douglasdwell/starred{/owner}{/repo}"],
    "subscriptions_url": ["https://api.github.com/users/douglasdwell/subscriptions"],
    "organizations_url": ["https://api.github.com/users/douglasdwell/orgs"],
    "repos_url": ["https://api.github.com/users/douglasdwell/repos"],
    "events_url": ["https://api.github.com/users/douglasdwell/events{/privacy}"],
    "received_events_url": ["https://api.github.com/users/douglasdwell/received_events"],
    "type": ["User"],
    "site_admin": [false]
  }
]
