[
  {
    "login": ["js-god"],
    "id": [39174891],
    "node_id": ["MDQ6VXNlcjM5MTc0ODkx"],
    "avatar_url": ["https://avatars3.githubusercontent.com/u/39174891?v=4"],
    "gravatar_id": [""],
    "url": ["https://api.github.com/users/js-god"],
    "html_url": ["https://github.com/js-god"],
    "followers_url": ["https://api.github.com/users/js-god/followers"],
    "following_url": ["https://api.github.com/users/js-god/following{/other_user}"],
    "gists_url": ["https://api.github.com/users/js-god/gists{/gist_id}"],
    "starred_url": ["https://api.github.com/users/js-god/starred{/owner}{/repo}"],
    "subscriptions_url": ["https://api.github.com/users/js-god/subscriptions"],
    "organizations_url": ["https://api.github.com/users/js-god/orgs"],
    "repos_url": ["https://api.github.com/users/js-god/repos"],
    "events_url": ["https://api.github.com/users/js-god/events{/privacy}"],
    "received_events_url": ["https://api.github.com/users/js-god/received_events"],
    "type": ["User"],
    "site_admin": [false]
  }
]
