[
  {
    "login": ["zokaiG"],
    "id": [33162758],
    "node_id": ["MDQ6VXNlcjMzMTYyNzU4"],
    "avatar_url": ["https://avatars0.githubusercontent.com/u/33162758?v=4"],
    "gravatar_id": [""],
    "url": ["https://api.github.com/users/zokaiG"],
    "html_url": ["https://github.com/zokaiG"],
    "followers_url": ["https://api.github.com/users/zokaiG/followers"],
    "following_url": ["https://api.github.com/users/zokaiG/following{/other_user}"],
    "gists_url": ["https://api.github.com/users/zokaiG/gists{/gist_id}"],
    "starred_url": ["https://api.github.com/users/zokaiG/starred{/owner}{/repo}"],
    "subscriptions_url": ["https://api.github.com/users/zokaiG/subscriptions"],
    "organizations_url": ["https://api.github.com/users/zokaiG/orgs"],
    "repos_url": ["https://api.github.com/users/zokaiG/repos"],
    "events_url": ["https://api.github.com/users/zokaiG/events{/privacy}"],
    "received_events_url": ["https://api.github.com/users/zokaiG/received_events"],
    "type": ["User"],
    "site_admin": [false]
  }
]
