[
  {
    "login": ["stone201709"],
    "id": [31546414],
    "node_id": ["MDQ6VXNlcjMxNTQ2NDE0"],
    "avatar_url": ["https://avatars1.githubusercontent.com/u/31546414?v=4"],
    "gravatar_id": [""],
    "url": ["https://api.github.com/users/stone201709"],
    "html_url": ["https://github.com/stone201709"],
    "followers_url": ["https://api.github.com/users/stone201709/followers"],
    "following_url": ["https://api.github.com/users/stone201709/following{/other_user}"],
    "gists_url": ["https://api.github.com/users/stone201709/gists{/gist_id}"],
    "starred_url": ["https://api.github.com/users/stone201709/starred{/owner}{/repo}"],
    "subscriptions_url": ["https://api.github.com/users/stone201709/subscriptions"],
    "organizations_url": ["https://api.github.com/users/stone201709/orgs"],
    "repos_url": ["https://api.github.com/users/stone201709/repos"],
    "events_url": ["https://api.github.com/users/stone201709/events{/privacy}"],
    "received_events_url": ["https://api.github.com/users/stone201709/received_events"],
    "type": ["User"],
    "site_admin": [false]
  }
]
