[
  {
    "login": ["tatatupi"],
    "id": [16545413],
    "node_id": ["MDQ6VXNlcjE2NTQ1NDEz"],
    "avatar_url": ["https://avatars2.githubusercontent.com/u/16545413?v=4"],
    "gravatar_id": [""],
    "url": ["https://api.github.com/users/tatatupi"],
    "html_url": ["https://github.com/tatatupi"],
    "followers_url": ["https://api.github.com/users/tatatupi/followers"],
    "following_url": ["https://api.github.com/users/tatatupi/following{/other_user}"],
    "gists_url": ["https://api.github.com/users/tatatupi/gists{/gist_id}"],
    "starred_url": ["https://api.github.com/users/tatatupi/starred{/owner}{/repo}"],
    "subscriptions_url": ["https://api.github.com/users/tatatupi/subscriptions"],
    "organizations_url": ["https://api.github.com/users/tatatupi/orgs"],
    "repos_url": ["https://api.github.com/users/tatatupi/repos"],
    "events_url": ["https://api.github.com/users/tatatupi/events{/privacy}"],
    "received_events_url": ["https://api.github.com/users/tatatupi/received_events"],
    "type": ["User"],
    "site_admin": [false]
  }
]
