[
  {
    "login": ["jsansao"],
    "id": [717600],
    "node_id": ["MDQ6VXNlcjcxNzYwMA=="],
    "avatar_url": ["https://avatars2.githubusercontent.com/u/717600?v=4"],
    "gravatar_id": [""],
    "url": ["https://api.github.com/users/jsansao"],
    "html_url": ["https://github.com/jsansao"],
    "followers_url": ["https://api.github.com/users/jsansao/followers"],
    "following_url": ["https://api.github.com/users/jsansao/following{/other_user}"],
    "gists_url": ["https://api.github.com/users/jsansao/gists{/gist_id}"],
    "starred_url": ["https://api.github.com/users/jsansao/starred{/owner}{/repo}"],
    "subscriptions_url": ["https://api.github.com/users/jsansao/subscriptions"],
    "organizations_url": ["https://api.github.com/users/jsansao/orgs"],
    "repos_url": ["https://api.github.com/users/jsansao/repos"],
    "events_url": ["https://api.github.com/users/jsansao/events{/privacy}"],
    "received_events_url": ["https://api.github.com/users/jsansao/received_events"],
    "type": ["User"],
    "site_admin": [false]
  }
]
