[
  {
    "login": ["glopesbrandao"],
    "id": [38766234],
    "node_id": ["MDQ6VXNlcjM4NzY2MjM0"],
    "avatar_url": ["https://avatars2.githubusercontent.com/u/38766234?v=4"],
    "gravatar_id": [""],
    "url": ["https://api.github.com/users/glopesbrandao"],
    "html_url": ["https://github.com/glopesbrandao"],
    "followers_url": ["https://api.github.com/users/glopesbrandao/followers"],
    "following_url": ["https://api.github.com/users/glopesbrandao/following{/other_user}"],
    "gists_url": ["https://api.github.com/users/glopesbrandao/gists{/gist_id}"],
    "starred_url": ["https://api.github.com/users/glopesbrandao/starred{/owner}{/repo}"],
    "subscriptions_url": ["https://api.github.com/users/glopesbrandao/subscriptions"],
    "organizations_url": ["https://api.github.com/users/glopesbrandao/orgs"],
    "repos_url": ["https://api.github.com/users/glopesbrandao/repos"],
    "events_url": ["https://api.github.com/users/glopesbrandao/events{/privacy}"],
    "received_events_url": ["https://api.github.com/users/glopesbrandao/received_events"],
    "type": ["User"],
    "site_admin": [false]
  }
]
