[
  {
    "login": ["jeanmarcalkazzi"],
    "id": [8341808],
    "node_id": ["MDQ6VXNlcjgzNDE4MDg="],
    "avatar_url": ["https://avatars1.githubusercontent.com/u/8341808?v=4"],
    "gravatar_id": [""],
    "url": ["https://api.github.com/users/jeanmarcalkazzi"],
    "html_url": ["https://github.com/jeanmarcalkazzi"],
    "followers_url": ["https://api.github.com/users/jeanmarcalkazzi/followers"],
    "following_url": ["https://api.github.com/users/jeanmarcalkazzi/following{/other_user}"],
    "gists_url": ["https://api.github.com/users/jeanmarcalkazzi/gists{/gist_id}"],
    "starred_url": ["https://api.github.com/users/jeanmarcalkazzi/starred{/owner}{/repo}"],
    "subscriptions_url": ["https://api.github.com/users/jeanmarcalkazzi/subscriptions"],
    "organizations_url": ["https://api.github.com/users/jeanmarcalkazzi/orgs"],
    "repos_url": ["https://api.github.com/users/jeanmarcalkazzi/repos"],
    "events_url": ["https://api.github.com/users/jeanmarcalkazzi/events{/privacy}"],
    "received_events_url": ["https://api.github.com/users/jeanmarcalkazzi/received_events"],
    "type": ["User"],
    "site_admin": [false]
  }
]
