[
  {
    "login": ["lidaweicc"],
    "id": [13914747],
    "node_id": ["MDQ6VXNlcjEzOTE0NzQ3"],
    "avatar_url": ["https://avatars1.githubusercontent.com/u/13914747?v=4"],
    "gravatar_id": [""],
    "url": ["https://api.github.com/users/lidaweicc"],
    "html_url": ["https://github.com/lidaweicc"],
    "followers_url": ["https://api.github.com/users/lidaweicc/followers"],
    "following_url": ["https://api.github.com/users/lidaweicc/following{/other_user}"],
    "gists_url": ["https://api.github.com/users/lidaweicc/gists{/gist_id}"],
    "starred_url": ["https://api.github.com/users/lidaweicc/starred{/owner}{/repo}"],
    "subscriptions_url": ["https://api.github.com/users/lidaweicc/subscriptions"],
    "organizations_url": ["https://api.github.com/users/lidaweicc/orgs"],
    "repos_url": ["https://api.github.com/users/lidaweicc/repos"],
    "events_url": ["https://api.github.com/users/lidaweicc/events{/privacy}"],
    "received_events_url": ["https://api.github.com/users/lidaweicc/received_events"],
    "type": ["User"],
    "site_admin": [false]
  }
]
