[
  {
    "login": ["antonior92"],
    "id": [16557411],
    "node_id": ["MDQ6VXNlcjE2NTU3NDEx"],
    "avatar_url": ["https://avatars0.githubusercontent.com/u/16557411?v=4"],
    "gravatar_id": [""],
    "url": ["https://api.github.com/users/antonior92"],
    "html_url": ["https://github.com/antonior92"],
    "followers_url": ["https://api.github.com/users/antonior92/followers"],
    "following_url": ["https://api.github.com/users/antonior92/following{/other_user}"],
    "gists_url": ["https://api.github.com/users/antonior92/gists{/gist_id}"],
    "starred_url": ["https://api.github.com/users/antonior92/starred{/owner}{/repo}"],
    "subscriptions_url": ["https://api.github.com/users/antonior92/subscriptions"],
    "organizations_url": ["https://api.github.com/users/antonior92/orgs"],
    "repos_url": ["https://api.github.com/users/antonior92/repos"],
    "events_url": ["https://api.github.com/users/antonior92/events{/privacy}"],
    "received_events_url": ["https://api.github.com/users/antonior92/received_events"],
    "type": ["User"],
    "site_admin": [false]
  }
]
