[
  {
    "login": ["alexandretannus"],
    "id": [11294759],
    "node_id": ["MDQ6VXNlcjExMjk0NzU5"],
    "avatar_url": ["https://avatars3.githubusercontent.com/u/11294759?v=4"],
    "gravatar_id": [""],
    "url": ["https://api.github.com/users/alexandretannus"],
    "html_url": ["https://github.com/alexandretannus"],
    "followers_url": ["https://api.github.com/users/alexandretannus/followers"],
    "following_url": ["https://api.github.com/users/alexandretannus/following{/other_user}"],
    "gists_url": ["https://api.github.com/users/alexandretannus/gists{/gist_id}"],
    "starred_url": ["https://api.github.com/users/alexandretannus/starred{/owner}{/repo}"],
    "subscriptions_url": ["https://api.github.com/users/alexandretannus/subscriptions"],
    "organizations_url": ["https://api.github.com/users/alexandretannus/orgs"],
    "repos_url": ["https://api.github.com/users/alexandretannus/repos"],
    "events_url": ["https://api.github.com/users/alexandretannus/events{/privacy}"],
    "received_events_url": ["https://api.github.com/users/alexandretannus/received_events"],
    "type": ["User"],
    "site_admin": [false]
  }
]
