[
  {
    "login": ["matheusomendonca"],
    "id": [37352009],
    "node_id": ["MDQ6VXNlcjM3MzUyMDA5"],
    "avatar_url": ["https://avatars3.githubusercontent.com/u/37352009?v=4"],
    "gravatar_id": [""],
    "url": ["https://api.github.com/users/matheusomendonca"],
    "html_url": ["https://github.com/matheusomendonca"],
    "followers_url": ["https://api.github.com/users/matheusomendonca/followers"],
    "following_url": ["https://api.github.com/users/matheusomendonca/following{/other_user}"],
    "gists_url": ["https://api.github.com/users/matheusomendonca/gists{/gist_id}"],
    "starred_url": ["https://api.github.com/users/matheusomendonca/starred{/owner}{/repo}"],
    "subscriptions_url": ["https://api.github.com/users/matheusomendonca/subscriptions"],
    "organizations_url": ["https://api.github.com/users/matheusomendonca/orgs"],
    "repos_url": ["https://api.github.com/users/matheusomendonca/repos"],
    "events_url": ["https://api.github.com/users/matheusomendonca/events{/privacy}"],
    "received_events_url": ["https://api.github.com/users/matheusomendonca/received_events"],
    "type": ["User"],
    "site_admin": [false]
  }
]
