[
  {
    "login": ["DanieleGravina"],
    "id": [2529291],
    "node_id": ["MDQ6VXNlcjI1MjkyOTE="],
    "avatar_url": ["https://avatars2.githubusercontent.com/u/2529291?v=4"],
    "gravatar_id": [""],
    "url": ["https://api.github.com/users/DanieleGravina"],
    "html_url": ["https://github.com/DanieleGravina"],
    "followers_url": ["https://api.github.com/users/DanieleGravina/followers"],
    "following_url": ["https://api.github.com/users/DanieleGravina/following{/other_user}"],
    "gists_url": ["https://api.github.com/users/DanieleGravina/gists{/gist_id}"],
    "starred_url": ["https://api.github.com/users/DanieleGravina/starred{/owner}{/repo}"],
    "subscriptions_url": ["https://api.github.com/users/DanieleGravina/subscriptions"],
    "organizations_url": ["https://api.github.com/users/DanieleGravina/orgs"],
    "repos_url": ["https://api.github.com/users/DanieleGravina/repos"],
    "events_url": ["https://api.github.com/users/DanieleGravina/events{/privacy}"],
    "received_events_url": ["https://api.github.com/users/DanieleGravina/received_events"],
    "type": ["User"],
    "site_admin": [false]
  }
]
