[
  {
    "login": ["eliekawerk"],
    "id": [15185325],
    "node_id": ["MDQ6VXNlcjE1MTg1MzI1"],
    "avatar_url": ["https://avatars1.githubusercontent.com/u/15185325?v=4"],
    "gravatar_id": [""],
    "url": ["https://api.github.com/users/eliekawerk"],
    "html_url": ["https://github.com/eliekawerk"],
    "followers_url": ["https://api.github.com/users/eliekawerk/followers"],
    "following_url": ["https://api.github.com/users/eliekawerk/following{/other_user}"],
    "gists_url": ["https://api.github.com/users/eliekawerk/gists{/gist_id}"],
    "starred_url": ["https://api.github.com/users/eliekawerk/starred{/owner}{/repo}"],
    "subscriptions_url": ["https://api.github.com/users/eliekawerk/subscriptions"],
    "organizations_url": ["https://api.github.com/users/eliekawerk/orgs"],
    "repos_url": ["https://api.github.com/users/eliekawerk/repos"],
    "events_url": ["https://api.github.com/users/eliekawerk/events{/privacy}"],
    "received_events_url": ["https://api.github.com/users/eliekawerk/received_events"],
    "type": ["User"],
    "site_admin": [false]
  }
]
