[
  {
    "login": ["vkoul"],
    "id": [5910224],
    "node_id": ["MDQ6VXNlcjU5MTAyMjQ="],
    "avatar_url": ["https://avatars2.githubusercontent.com/u/5910224?v=4"],
    "gravatar_id": [""],
    "url": ["https://api.github.com/users/vkoul"],
    "html_url": ["https://github.com/vkoul"],
    "followers_url": ["https://api.github.com/users/vkoul/followers"],
    "following_url": ["https://api.github.com/users/vkoul/following{/other_user}"],
    "gists_url": ["https://api.github.com/users/vkoul/gists{/gist_id}"],
    "starred_url": ["https://api.github.com/users/vkoul/starred{/owner}{/repo}"],
    "subscriptions_url": ["https://api.github.com/users/vkoul/subscriptions"],
    "organizations_url": ["https://api.github.com/users/vkoul/orgs"],
    "repos_url": ["https://api.github.com/users/vkoul/repos"],
    "events_url": ["https://api.github.com/users/vkoul/events{/privacy}"],
    "received_events_url": ["https://api.github.com/users/vkoul/received_events"],
    "type": ["User"],
    "site_admin": [false]
  }
]
