[
  {
    "login": ["sachinner"],
    "id": [37269267],
    "node_id": ["MDQ6VXNlcjM3MjY5MjY3"],
    "avatar_url": ["https://avatars3.githubusercontent.com/u/37269267?v=4"],
    "gravatar_id": [""],
    "url": ["https://api.github.com/users/sachinner"],
    "html_url": ["https://github.com/sachinner"],
    "followers_url": ["https://api.github.com/users/sachinner/followers"],
    "following_url": ["https://api.github.com/users/sachinner/following{/other_user}"],
    "gists_url": ["https://api.github.com/users/sachinner/gists{/gist_id}"],
    "starred_url": ["https://api.github.com/users/sachinner/starred{/owner}{/repo}"],
    "subscriptions_url": ["https://api.github.com/users/sachinner/subscriptions"],
    "organizations_url": ["https://api.github.com/users/sachinner/orgs"],
    "repos_url": ["https://api.github.com/users/sachinner/repos"],
    "events_url": ["https://api.github.com/users/sachinner/events{/privacy}"],
    "received_events_url": ["https://api.github.com/users/sachinner/received_events"],
    "type": ["User"],
    "site_admin": [false]
  }
]
