[
  {
    "login": ["gnramos"],
    "id": [1181825],
    "node_id": ["MDQ6VXNlcjExODE4MjU="],
    "avatar_url": ["https://avatars3.githubusercontent.com/u/1181825?v=4"],
    "gravatar_id": [""],
    "url": ["https://api.github.com/users/gnramos"],
    "html_url": ["https://github.com/gnramos"],
    "followers_url": ["https://api.github.com/users/gnramos/followers"],
    "following_url": ["https://api.github.com/users/gnramos/following{/other_user}"],
    "gists_url": ["https://api.github.com/users/gnramos/gists{/gist_id}"],
    "starred_url": ["https://api.github.com/users/gnramos/starred{/owner}{/repo}"],
    "subscriptions_url": ["https://api.github.com/users/gnramos/subscriptions"],
    "organizations_url": ["https://api.github.com/users/gnramos/orgs"],
    "repos_url": ["https://api.github.com/users/gnramos/repos"],
    "events_url": ["https://api.github.com/users/gnramos/events{/privacy}"],
    "received_events_url": ["https://api.github.com/users/gnramos/received_events"],
    "type": ["User"],
    "site_admin": [false]
  }
]
