[
  {
    "login": ["BrunoMarcianoLopes"],
    "id": [14970486],
    "node_id": ["MDQ6VXNlcjE0OTcwNDg2"],
    "avatar_url": ["https://avatars0.githubusercontent.com/u/14970486?v=4"],
    "gravatar_id": [""],
    "url": ["https://api.github.com/users/BrunoMarcianoLopes"],
    "html_url": ["https://github.com/BrunoMarcianoLopes"],
    "followers_url": ["https://api.github.com/users/BrunoMarcianoLopes/followers"],
    "following_url": ["https://api.github.com/users/BrunoMarcianoLopes/following{/other_user}"],
    "gists_url": ["https://api.github.com/users/BrunoMarcianoLopes/gists{/gist_id}"],
    "starred_url": ["https://api.github.com/users/BrunoMarcianoLopes/starred{/owner}{/repo}"],
    "subscriptions_url": ["https://api.github.com/users/BrunoMarcianoLopes/subscriptions"],
    "organizations_url": ["https://api.github.com/users/BrunoMarcianoLopes/orgs"],
    "repos_url": ["https://api.github.com/users/BrunoMarcianoLopes/repos"],
    "events_url": ["https://api.github.com/users/BrunoMarcianoLopes/events{/privacy}"],
    "received_events_url": ["https://api.github.com/users/BrunoMarcianoLopes/received_events"],
    "type": ["User"],
    "site_admin": [false]
  }
]
