[
  {
    "login": ["JSARIASH"],
    "id": [3422254],
    "node_id": ["MDQ6VXNlcjM0MjIyNTQ="],
    "avatar_url": ["https://avatars1.githubusercontent.com/u/3422254?v=4"],
    "gravatar_id": [""],
    "url": ["https://api.github.com/users/JSARIASH"],
    "html_url": ["https://github.com/JSARIASH"],
    "followers_url": ["https://api.github.com/users/JSARIASH/followers"],
    "following_url": ["https://api.github.com/users/JSARIASH/following{/other_user}"],
    "gists_url": ["https://api.github.com/users/JSARIASH/gists{/gist_id}"],
    "starred_url": ["https://api.github.com/users/JSARIASH/starred{/owner}{/repo}"],
    "subscriptions_url": ["https://api.github.com/users/JSARIASH/subscriptions"],
    "organizations_url": ["https://api.github.com/users/JSARIASH/orgs"],
    "repos_url": ["https://api.github.com/users/JSARIASH/repos"],
    "events_url": ["https://api.github.com/users/JSARIASH/events{/privacy}"],
    "received_events_url": ["https://api.github.com/users/JSARIASH/received_events"],
    "type": ["User"],
    "site_admin": [false]
  }
]
