[
  {
    "login": ["silvanaribeiro"],
    "id": [6553152],
    "node_id": ["MDQ6VXNlcjY1NTMxNTI="],
    "avatar_url": ["https://avatars3.githubusercontent.com/u/6553152?v=4"],
    "gravatar_id": [""],
    "url": ["https://api.github.com/users/silvanaribeiro"],
    "html_url": ["https://github.com/silvanaribeiro"],
    "followers_url": ["https://api.github.com/users/silvanaribeiro/followers"],
    "following_url": ["https://api.github.com/users/silvanaribeiro/following{/other_user}"],
    "gists_url": ["https://api.github.com/users/silvanaribeiro/gists{/gist_id}"],
    "starred_url": ["https://api.github.com/users/silvanaribeiro/starred{/owner}{/repo}"],
    "subscriptions_url": ["https://api.github.com/users/silvanaribeiro/subscriptions"],
    "organizations_url": ["https://api.github.com/users/silvanaribeiro/orgs"],
    "repos_url": ["https://api.github.com/users/silvanaribeiro/repos"],
    "events_url": ["https://api.github.com/users/silvanaribeiro/events{/privacy}"],
    "received_events_url": ["https://api.github.com/users/silvanaribeiro/received_events"],
    "type": ["User"],
    "site_admin": [false]
  }
]
