[
  {
    "login": ["murilocamargos"],
    "id": [3099201],
    "node_id": ["MDQ6VXNlcjMwOTkyMDE="],
    "avatar_url": ["https://avatars3.githubusercontent.com/u/3099201?v=4"],
    "gravatar_id": [""],
    "url": ["https://api.github.com/users/murilocamargos"],
    "html_url": ["https://github.com/murilocamargos"],
    "followers_url": ["https://api.github.com/users/murilocamargos/followers"],
    "following_url": ["https://api.github.com/users/murilocamargos/following{/other_user}"],
    "gists_url": ["https://api.github.com/users/murilocamargos/gists{/gist_id}"],
    "starred_url": ["https://api.github.com/users/murilocamargos/starred{/owner}{/repo}"],
    "subscriptions_url": ["https://api.github.com/users/murilocamargos/subscriptions"],
    "organizations_url": ["https://api.github.com/users/murilocamargos/orgs"],
    "repos_url": ["https://api.github.com/users/murilocamargos/repos"],
    "events_url": ["https://api.github.com/users/murilocamargos/events{/privacy}"],
    "received_events_url": ["https://api.github.com/users/murilocamargos/received_events"],
    "type": ["User"],
    "site_admin": [false]
  }
]
