[
  {
    "login": ["LarissaLeijoto"],
    "id": [7032688],
    "node_id": ["MDQ6VXNlcjcwMzI2ODg="],
    "avatar_url": ["https://avatars2.githubusercontent.com/u/7032688?v=4"],
    "gravatar_id": [""],
    "url": ["https://api.github.com/users/LarissaLeijoto"],
    "html_url": ["https://github.com/LarissaLeijoto"],
    "followers_url": ["https://api.github.com/users/LarissaLeijoto/followers"],
    "following_url": ["https://api.github.com/users/LarissaLeijoto/following{/other_user}"],
    "gists_url": ["https://api.github.com/users/LarissaLeijoto/gists{/gist_id}"],
    "starred_url": ["https://api.github.com/users/LarissaLeijoto/starred{/owner}{/repo}"],
    "subscriptions_url": ["https://api.github.com/users/LarissaLeijoto/subscriptions"],
    "organizations_url": ["https://api.github.com/users/LarissaLeijoto/orgs"],
    "repos_url": ["https://api.github.com/users/LarissaLeijoto/repos"],
    "events_url": ["https://api.github.com/users/LarissaLeijoto/events{/privacy}"],
    "received_events_url": ["https://api.github.com/users/LarissaLeijoto/received_events"],
    "type": ["User"],
    "site_admin": [false]
  }
]
