[
  {
    "login": ["petroniocandido"],
    "id": [404990],
    "node_id": ["MDQ6VXNlcjQwNDk5MA=="],
    "avatar_url": ["https://avatars0.githubusercontent.com/u/404990?v=4"],
    "gravatar_id": [""],
    "url": ["https://api.github.com/users/petroniocandido"],
    "html_url": ["https://github.com/petroniocandido"],
    "followers_url": ["https://api.github.com/users/petroniocandido/followers"],
    "following_url": ["https://api.github.com/users/petroniocandido/following{/other_user}"],
    "gists_url": ["https://api.github.com/users/petroniocandido/gists{/gist_id}"],
    "starred_url": ["https://api.github.com/users/petroniocandido/starred{/owner}{/repo}"],
    "subscriptions_url": ["https://api.github.com/users/petroniocandido/subscriptions"],
    "organizations_url": ["https://api.github.com/users/petroniocandido/orgs"],
    "repos_url": ["https://api.github.com/users/petroniocandido/repos"],
    "events_url": ["https://api.github.com/users/petroniocandido/events{/privacy}"],
    "received_events_url": ["https://api.github.com/users/petroniocandido/received_events"],
    "type": ["User"],
    "site_admin": [false]
  }
]
