[
  {
    "url": ["https://api.github.com/repos/fcampelo/Design-and-Analysis-of-Experiments/issues/8"],
    "repository_url": ["https://api.github.com/repos/fcampelo/Design-and-Analysis-of-Experiments"],
    "labels_url": ["https://api.github.com/repos/fcampelo/Design-and-Analysis-of-Experiments/issues/8/labels{/name}"],
    "comments_url": ["https://api.github.com/repos/fcampelo/Design-and-Analysis-of-Experiments/issues/8/comments"],
    "events_url": ["https://api.github.com/repos/fcampelo/Design-and-Analysis-of-Experiments/issues/8/events"],
    "html_url": ["https://github.com/fcampelo/Design-and-Analysis-of-Experiments/issues/8"],
    "id": [150931337],
    "node_id": ["MDU6SXNzdWUxNTA5MzEzMzc="],
    "number": [8],
    "title": ["Pag. 15 - delta_mu"],
    "user": {
      "login": ["pedrofausto"],
      "id": [4079032],
      "node_id": ["MDQ6VXNlcjQwNzkwMzI="],
      "avatar_url": ["https://avatars1.githubusercontent.com/u/4079032?v=4"],
      "gravatar_id": [""],
      "url": ["https://api.github.com/users/pedrofausto"],
      "html_url": ["https://github.com/pedrofausto"],
      "followers_url": ["https://api.github.com/users/pedrofausto/followers"],
      "following_url": ["https://api.github.com/users/pedrofausto/following{/other_user}"],
      "gists_url": ["https://api.github.com/users/pedrofausto/gists{/gist_id}"],
      "starred_url": ["https://api.github.com/users/pedrofausto/starred{/owner}{/repo}"],
      "subscriptions_url": ["https://api.github.com/users/pedrofausto/subscriptions"],
      "organizations_url": ["https://api.github.com/users/pedrofausto/orgs"],
      "repos_url": ["https://api.github.com/users/pedrofausto/repos"],
      "events_url": ["https://api.github.com/users/pedrofausto/events{/privacy}"],
      "received_events_url": ["https://api.github.com/users/pedrofausto/received_events"],
      "type": ["User"],
      "site_admin": [false]
    },
    "labels": [],
    "state": ["open"],
    "locked": [false],
    "assignee": {},
    "assignees": [],
    "milestone": {},
    "comments": [1],
    "created_at": ["2016-04-25T17:28:01Z"],
    "updated_at": ["2018-04-20T19:27:54Z"],
    "closed_at": {},
    "author_association": ["NONE"],
    "body": ["Página 15, exemplo:\nNão deveria ser Δµ\\* = 0.0 ?\n"]
  }
]
