[
  {
    "url": ["https://api.github.com/repos/fcampelo/ExpDE/issues/38"],
    "repository_url": ["https://api.github.com/repos/fcampelo/ExpDE"],
    "labels_url": ["https://api.github.com/repos/fcampelo/ExpDE/issues/38/labels{/name}"],
    "comments_url": ["https://api.github.com/repos/fcampelo/ExpDE/issues/38/comments"],
    "events_url": ["https://api.github.com/repos/fcampelo/ExpDE/issues/38/events"],
    "html_url": ["https://github.com/fcampelo/ExpDE/pull/38"],
    "id": [389370109],
    "node_id": ["MDExOlB1bGxSZXF1ZXN0MjM3Mzc0NTk2"],
    "number": [38],
    "title": ["Proposed fixes"],
    "user": {
      "login": ["brunasqz"],
      "id": [36631467],
      "node_id": ["MDQ6VXNlcjM2NjMxNDY3"],
      "avatar_url": ["https://avatars1.githubusercontent.com/u/36631467?v=4"],
      "gravatar_id": [""],
      "url": ["https://api.github.com/users/brunasqz"],
      "html_url": ["https://github.com/brunasqz"],
      "followers_url": ["https://api.github.com/users/brunasqz/followers"],
      "following_url": ["https://api.github.com/users/brunasqz/following{/other_user}"],
      "gists_url": ["https://api.github.com/users/brunasqz/gists{/gist_id}"],
      "starred_url": ["https://api.github.com/users/brunasqz/starred{/owner}{/repo}"],
      "subscriptions_url": ["https://api.github.com/users/brunasqz/subscriptions"],
      "organizations_url": ["https://api.github.com/users/brunasqz/orgs"],
      "repos_url": ["https://api.github.com/users/brunasqz/repos"],
      "events_url": ["https://api.github.com/users/brunasqz/events{/privacy}"],
      "received_events_url": ["https://api.github.com/users/brunasqz/received_events"],
      "type": ["User"],
      "site_admin": [false]
    },
    "labels": [],
    "state": ["open"],
    "locked": [false],
    "assignee": {},
    "assignees": [],
    "milestone": {},
    "comments": [0],
    "created_at": ["2018-12-10T16:04:14Z"],
    "updated_at": ["2019-02-09T22:55:46Z"],
    "closed_at": {},
    "author_association": ["CONTRIBUTOR"],
    "pull_request": {
      "url": ["https://api.github.com/repos/fcampelo/ExpDE/pulls/38"],
      "html_url": ["https://github.com/fcampelo/ExpDE/pull/38"],
      "diff_url": ["https://github.com/fcampelo/ExpDE/pull/38.diff"],
      "patch_url": ["https://github.com/fcampelo/ExpDE/pull/38.patch"]
    },
    "body": ["Generalization of functions through the L list and change to remove the use of the parent.frame()."]
  }
]
