[
  {
    "url": ["https://api.github.com/repos/fcampelo/MOEADr/issues/50"],
    "repository_url": ["https://api.github.com/repos/fcampelo/MOEADr"],
    "labels_url": ["https://api.github.com/repos/fcampelo/MOEADr/issues/50/labels{/name}"],
    "comments_url": ["https://api.github.com/repos/fcampelo/MOEADr/issues/50/comments"],
    "events_url": ["https://api.github.com/repos/fcampelo/MOEADr/issues/50/events"],
    "html_url": ["https://github.com/fcampelo/MOEADr/issues/50"],
    "id": [384026762],
    "node_id": ["MDU6SXNzdWUzODQwMjY3NjI="],
    "number": [50],
    "title": ["Check Uniform Design"],
    "user": {
      "login": ["fcampelo"],
      "id": [9551592],
      "node_id": ["MDQ6VXNlcjk1NTE1OTI="],
      "avatar_url": ["https://avatars0.githubusercontent.com/u/9551592?v=4"],
      "gravatar_id": [""],
      "url": ["https://api.github.com/users/fcampelo"],
      "html_url": ["https://github.com/fcampelo"],
      "followers_url": ["https://api.github.com/users/fcampelo/followers"],
      "following_url": ["https://api.github.com/users/fcampelo/following{/other_user}"],
      "gists_url": ["https://api.github.com/users/fcampelo/gists{/gist_id}"],
      "starred_url": ["https://api.github.com/users/fcampelo/starred{/owner}{/repo}"],
      "subscriptions_url": ["https://api.github.com/users/fcampelo/subscriptions"],
      "organizations_url": ["https://api.github.com/users/fcampelo/orgs"],
      "repos_url": ["https://api.github.com/users/fcampelo/repos"],
      "events_url": ["https://api.github.com/users/fcampelo/events{/privacy}"],
      "received_events_url": ["https://api.github.com/users/fcampelo/received_events"],
      "type": ["User"],
      "site_admin": [false]
    },
    "labels": [],
    "state": ["open"],
    "locked": [false],
    "assignee": {},
    "assignees": [],
    "milestone": {},
    "comments": [2],
    "created_at": ["2018-11-24T22:18:08Z"],
    "updated_at": ["2018-12-19T16:00:45Z"],
    "closed_at": {},
    "author_association": ["OWNER"],
    "body": ["by Lucas Batista:\r\n\r\n> Felipe, boa tarde!\r\n> \r\n> Tive que implementar o Uniform Design nesse sábado e, após pelejar com um certo problema, deu tudo certo. Acho que o Claus deve ter passado pelo mesmo problema, mas talvez não o tenha percebido. O fato é que todas aquelas referências que usamos apresentam uma ordem inversa de um dos cálculos, o que compromete a identificação correta do melhor conjunto de vetores referência.\r\n> \r\n> De forma geral, deve-se definir U, tal que U = (U-0.5)/N, antes de calcular a discrepância CD2. Entretanto, olhando rapidamente o código no CRAN, me parece que isso só é feito após o cálculo de CD2.\r\n> \r\n> Depois conversamos ao longo da semana.\r\n> \r\n> Abs,"]
  },
  {
    "url": ["https://api.github.com/repos/fcampelo/MOEADr/issues/48"],
    "repository_url": ["https://api.github.com/repos/fcampelo/MOEADr"],
    "labels_url": ["https://api.github.com/repos/fcampelo/MOEADr/issues/48/labels{/name}"],
    "comments_url": ["https://api.github.com/repos/fcampelo/MOEADr/issues/48/comments"],
    "events_url": ["https://api.github.com/repos/fcampelo/MOEADr/issues/48/events"],
    "html_url": ["https://github.com/fcampelo/MOEADr/pull/48"],
    "id": [367800631],
    "node_id": ["MDExOlB1bGxSZXF1ZXN0MjIxMTI1MjIx"],
    "number": [48],
    "title": ["bug found in variation_polymut"],
    "user": {
      "login": ["yclavinas"],
      "id": [3611269],
      "node_id": ["MDQ6VXNlcjM2MTEyNjk="],
      "avatar_url": ["https://avatars1.githubusercontent.com/u/3611269?v=4"],
      "gravatar_id": [""],
      "url": ["https://api.github.com/users/yclavinas"],
      "html_url": ["https://github.com/yclavinas"],
      "followers_url": ["https://api.github.com/users/yclavinas/followers"],
      "following_url": ["https://api.github.com/users/yclavinas/following{/other_user}"],
      "gists_url": ["https://api.github.com/users/yclavinas/gists{/gist_id}"],
      "starred_url": ["https://api.github.com/users/yclavinas/starred{/owner}{/repo}"],
      "subscriptions_url": ["https://api.github.com/users/yclavinas/subscriptions"],
      "organizations_url": ["https://api.github.com/users/yclavinas/orgs"],
      "repos_url": ["https://api.github.com/users/yclavinas/repos"],
      "events_url": ["https://api.github.com/users/yclavinas/events{/privacy}"],
      "received_events_url": ["https://api.github.com/users/yclavinas/received_events"],
      "type": ["User"],
      "site_admin": [false]
    },
    "labels": [],
    "state": ["open"],
    "locked": [false],
    "assignee": {},
    "assignees": [],
    "milestone": {},
    "comments": [5],
    "created_at": ["2018-10-08T13:51:48Z"],
    "updated_at": ["2018-10-15T11:30:51Z"],
    "closed_at": {},
    "author_association": ["NONE"],
    "pull_request": {
      "url": ["https://api.github.com/repos/fcampelo/MOEADr/pulls/48"],
      "html_url": ["https://github.com/fcampelo/MOEADr/pull/48"],
      "diff_url": ["https://github.com/fcampelo/MOEADr/pull/48.diff"],
      "patch_url": ["https://github.com/fcampelo/MOEADr/pull/48.patch"]
    },
    "body": ["I understand that the. bug on MOEA/D-DE was in the variation_polymut.R function, where a sum was applied instead of a multiplication."]
  },
  {
    "url": ["https://api.github.com/repos/fcampelo/MOEADr/issues/45"],
    "repository_url": ["https://api.github.com/repos/fcampelo/MOEADr"],
    "labels_url": ["https://api.github.com/repos/fcampelo/MOEADr/issues/45/labels{/name}"],
    "comments_url": ["https://api.github.com/repos/fcampelo/MOEADr/issues/45/comments"],
    "events_url": ["https://api.github.com/repos/fcampelo/MOEADr/issues/45/events"],
    "html_url": ["https://github.com/fcampelo/MOEADr/issues/45"],
    "id": [324802871],
    "node_id": ["MDU6SXNzdWUzMjQ4MDI4NzE="],
    "number": [45],
    "title": ["Found bug"],
    "user": {
      "login": ["yclavinas"],
      "id": [3611269],
      "node_id": ["MDQ6VXNlcjM2MTEyNjk="],
      "avatar_url": ["https://avatars1.githubusercontent.com/u/3611269?v=4"],
      "gravatar_id": [""],
      "url": ["https://api.github.com/users/yclavinas"],
      "html_url": ["https://github.com/yclavinas"],
      "followers_url": ["https://api.github.com/users/yclavinas/followers"],
      "following_url": ["https://api.github.com/users/yclavinas/following{/other_user}"],
      "gists_url": ["https://api.github.com/users/yclavinas/gists{/gist_id}"],
      "starred_url": ["https://api.github.com/users/yclavinas/starred{/owner}{/repo}"],
      "subscriptions_url": ["https://api.github.com/users/yclavinas/subscriptions"],
      "organizations_url": ["https://api.github.com/users/yclavinas/orgs"],
      "repos_url": ["https://api.github.com/users/yclavinas/repos"],
      "events_url": ["https://api.github.com/users/yclavinas/events{/privacy}"],
      "received_events_url": ["https://api.github.com/users/yclavinas/received_events"],
      "type": ["User"],
      "site_admin": [false]
    },
    "labels": [],
    "state": ["open"],
    "locked": [false],
    "assignee": {},
    "assignees": [],
    "milestone": {},
    "comments": [0],
    "created_at": ["2018-05-21T06:32:26Z"],
    "updated_at": ["2018-05-21T06:32:26Z"],
    "closed_at": {},
    "author_association": ["NONE"],
    "body": ["A bug was found when calling the summary function from the summary.moead.R when giving the ref.points as parameters. The var \"Y\" is not defined *alone* in any context, but its in the \"object\" variable.\r\n\r\nIn that file, the assertthat:: function should be updated to\r\n\r\nassertthat::is.count(ndigits),\r\n    nullRP || is.numeric(ref.point),\r\n    nullRP || length(ref.point) == ncol(object$Y),\r\n    nullRF || is.numeric(ref.front),\r\n    nullRF || ncol(ref.front) == ncol(object$Y))"]
  },
  {
    "url": ["https://api.github.com/repos/fcampelo/MOEADr/issues/38"],
    "repository_url": ["https://api.github.com/repos/fcampelo/MOEADr"],
    "labels_url": ["https://api.github.com/repos/fcampelo/MOEADr/issues/38/labels{/name}"],
    "comments_url": ["https://api.github.com/repos/fcampelo/MOEADr/issues/38/comments"],
    "events_url": ["https://api.github.com/repos/fcampelo/MOEADr/issues/38/events"],
    "html_url": ["https://github.com/fcampelo/MOEADr/issues/38"],
    "id": [225867201],
    "node_id": ["MDU6SXNzdWUyMjU4NjcyMDE="],
    "number": [38],
    "title": ["Verify calculation of the tchebycheff norm"],
    "user": {
      "login": ["fcampelo"],
      "id": [9551592],
      "node_id": ["MDQ6VXNlcjk1NTE1OTI="],
      "avatar_url": ["https://avatars0.githubusercontent.com/u/9551592?v=4"],
      "gravatar_id": [""],
      "url": ["https://api.github.com/users/fcampelo"],
      "html_url": ["https://github.com/fcampelo"],
      "followers_url": ["https://api.github.com/users/fcampelo/followers"],
      "following_url": ["https://api.github.com/users/fcampelo/following{/other_user}"],
      "gists_url": ["https://api.github.com/users/fcampelo/gists{/gist_id}"],
      "starred_url": ["https://api.github.com/users/fcampelo/starred{/owner}{/repo}"],
      "subscriptions_url": ["https://api.github.com/users/fcampelo/subscriptions"],
      "organizations_url": ["https://api.github.com/users/fcampelo/orgs"],
      "repos_url": ["https://api.github.com/users/fcampelo/repos"],
      "events_url": ["https://api.github.com/users/fcampelo/events{/privacy}"],
      "received_events_url": ["https://api.github.com/users/fcampelo/received_events"],
      "type": ["User"],
      "site_admin": [false]
    },
    "labels": [],
    "state": ["open"],
    "locked": [false],
    "assignee": {
      "login": ["caranha"],
      "id": [3960044],
      "node_id": ["MDQ6VXNlcjM5NjAwNDQ="],
      "avatar_url": ["https://avatars0.githubusercontent.com/u/3960044?v=4"],
      "gravatar_id": [""],
      "url": ["https://api.github.com/users/caranha"],
      "html_url": ["https://github.com/caranha"],
      "followers_url": ["https://api.github.com/users/caranha/followers"],
      "following_url": ["https://api.github.com/users/caranha/following{/other_user}"],
      "gists_url": ["https://api.github.com/users/caranha/gists{/gist_id}"],
      "starred_url": ["https://api.github.com/users/caranha/starred{/owner}{/repo}"],
      "subscriptions_url": ["https://api.github.com/users/caranha/subscriptions"],
      "organizations_url": ["https://api.github.com/users/caranha/orgs"],
      "repos_url": ["https://api.github.com/users/caranha/repos"],
      "events_url": ["https://api.github.com/users/caranha/events{/privacy}"],
      "received_events_url": ["https://api.github.com/users/caranha/received_events"],
      "type": ["User"],
      "site_admin": [false]
    },
    "assignees": [
      {
        "login": ["caranha"],
        "id": [3960044],
        "node_id": ["MDQ6VXNlcjM5NjAwNDQ="],
        "avatar_url": ["https://avatars0.githubusercontent.com/u/3960044?v=4"],
        "gravatar_id": [""],
        "url": ["https://api.github.com/users/caranha"],
        "html_url": ["https://github.com/caranha"],
        "followers_url": ["https://api.github.com/users/caranha/followers"],
        "following_url": ["https://api.github.com/users/caranha/following{/other_user}"],
        "gists_url": ["https://api.github.com/users/caranha/gists{/gist_id}"],
        "starred_url": ["https://api.github.com/users/caranha/starred{/owner}{/repo}"],
        "subscriptions_url": ["https://api.github.com/users/caranha/subscriptions"],
        "organizations_url": ["https://api.github.com/users/caranha/orgs"],
        "repos_url": ["https://api.github.com/users/caranha/repos"],
        "events_url": ["https://api.github.com/users/caranha/events{/privacy}"],
        "received_events_url": ["https://api.github.com/users/caranha/received_events"],
        "type": ["User"],
        "site_admin": [false]
      },
      {
        "login": ["fcampelo"],
        "id": [9551592],
        "node_id": ["MDQ6VXNlcjk1NTE1OTI="],
        "avatar_url": ["https://avatars0.githubusercontent.com/u/9551592?v=4"],
        "gravatar_id": [""],
        "url": ["https://api.github.com/users/fcampelo"],
        "html_url": ["https://github.com/fcampelo"],
        "followers_url": ["https://api.github.com/users/fcampelo/followers"],
        "following_url": ["https://api.github.com/users/fcampelo/following{/other_user}"],
        "gists_url": ["https://api.github.com/users/fcampelo/gists{/gist_id}"],
        "starred_url": ["https://api.github.com/users/fcampelo/starred{/owner}{/repo}"],
        "subscriptions_url": ["https://api.github.com/users/fcampelo/subscriptions"],
        "organizations_url": ["https://api.github.com/users/fcampelo/orgs"],
        "repos_url": ["https://api.github.com/users/fcampelo/repos"],
        "events_url": ["https://api.github.com/users/fcampelo/events{/privacy}"],
        "received_events_url": ["https://api.github.com/users/fcampelo/received_events"],
        "type": ["User"],
        "site_admin": [false]
      }
    ],
    "milestone": {},
    "comments": [0],
    "created_at": ["2017-05-03T01:51:24Z"],
    "updated_at": ["2017-05-08T13:37:36Z"],
    "closed_at": {},
    "author_association": ["OWNER"],
    "body": ["Tchebycheff norm is defined as the maximum **absolute value** of a vector\r\n\r\nhttp://mathworld.wolfram.com/L-Infinity-Norm.html\r\nhttp://webber.physik.uni-freiburg.de/~hon/vorlss02/Literatur/StatistikGlossar/node29.html\r\nhttps://en.wikipedia.org/wiki/Uniform_norm\r\n\r\nCheck whether internal calculations are using absolute values or signed values. This shouldn't be a problem (as the arguments of the norm should always be non negative for the MOEA/D), but it is important to keep these things straight.\r\n"]
  },
  {
    "url": ["https://api.github.com/repos/fcampelo/MOEADr/issues/37"],
    "repository_url": ["https://api.github.com/repos/fcampelo/MOEADr"],
    "labels_url": ["https://api.github.com/repos/fcampelo/MOEADr/issues/37/labels{/name}"],
    "comments_url": ["https://api.github.com/repos/fcampelo/MOEADr/issues/37/comments"],
    "events_url": ["https://api.github.com/repos/fcampelo/MOEADr/issues/37/events"],
    "html_url": ["https://github.com/fcampelo/MOEADr/issues/37"],
    "id": [214227618],
    "node_id": ["MDU6SXNzdWUyMTQyMjc2MTg="],
    "number": [37],
    "title": ["Verify iPBI"],
    "user": {
      "login": ["fcampelo"],
      "id": [9551592],
      "node_id": ["MDQ6VXNlcjk1NTE1OTI="],
      "avatar_url": ["https://avatars0.githubusercontent.com/u/9551592?v=4"],
      "gravatar_id": [""],
      "url": ["https://api.github.com/users/fcampelo"],
      "html_url": ["https://github.com/fcampelo"],
      "followers_url": ["https://api.github.com/users/fcampelo/followers"],
      "following_url": ["https://api.github.com/users/fcampelo/following{/other_user}"],
      "gists_url": ["https://api.github.com/users/fcampelo/gists{/gist_id}"],
      "starred_url": ["https://api.github.com/users/fcampelo/starred{/owner}{/repo}"],
      "subscriptions_url": ["https://api.github.com/users/fcampelo/subscriptions"],
      "organizations_url": ["https://api.github.com/users/fcampelo/orgs"],
      "repos_url": ["https://api.github.com/users/fcampelo/repos"],
      "events_url": ["https://api.github.com/users/fcampelo/events{/privacy}"],
      "received_events_url": ["https://api.github.com/users/fcampelo/received_events"],
      "type": ["User"],
      "site_admin": [false]
    },
    "labels": [],
    "state": ["open"],
    "locked": [false],
    "assignee": {},
    "assignees": [],
    "milestone": {},
    "comments": [0],
    "created_at": ["2017-03-14T22:37:21Z"],
    "updated_at": ["2017-03-14T22:37:33Z"],
    "closed_at": {},
    "author_association": ["OWNER"],
    "body": ["Check if the weird performance observed for the inverted PBI is a side-effect of the estimation of the nadir point. While it makes sense to estimate the ideal point from the current population, the estimation of the nadir point may require a modification, so that it contains the \"historic\" worst function values instead of the \"current\" worst values. \r\n\r\n- [ ] Check with Lucas if that makes sense.\r\n- [ ] Verify experimentally"]
  },
  {
    "url": ["https://api.github.com/repos/fcampelo/MOEADr/issues/33"],
    "repository_url": ["https://api.github.com/repos/fcampelo/MOEADr"],
    "labels_url": ["https://api.github.com/repos/fcampelo/MOEADr/issues/33/labels{/name}"],
    "comments_url": ["https://api.github.com/repos/fcampelo/MOEADr/issues/33/comments"],
    "events_url": ["https://api.github.com/repos/fcampelo/MOEADr/issues/33/events"],
    "html_url": ["https://github.com/fcampelo/MOEADr/issues/33"],
    "id": [211311990],
    "node_id": ["MDU6SXNzdWUyMTEzMTE5OTA="],
    "number": [33],
    "title": ["Modularize Neighborhood Assignment Functions"],
    "user": {
      "login": ["caranha"],
      "id": [3960044],
      "node_id": ["MDQ6VXNlcjM5NjAwNDQ="],
      "avatar_url": ["https://avatars0.githubusercontent.com/u/3960044?v=4"],
      "gravatar_id": [""],
      "url": ["https://api.github.com/users/caranha"],
      "html_url": ["https://github.com/caranha"],
      "followers_url": ["https://api.github.com/users/caranha/followers"],
      "following_url": ["https://api.github.com/users/caranha/following{/other_user}"],
      "gists_url": ["https://api.github.com/users/caranha/gists{/gist_id}"],
      "starred_url": ["https://api.github.com/users/caranha/starred{/owner}{/repo}"],
      "subscriptions_url": ["https://api.github.com/users/caranha/subscriptions"],
      "organizations_url": ["https://api.github.com/users/caranha/orgs"],
      "repos_url": ["https://api.github.com/users/caranha/repos"],
      "events_url": ["https://api.github.com/users/caranha/events{/privacy}"],
      "received_events_url": ["https://api.github.com/users/caranha/received_events"],
      "type": ["User"],
      "site_admin": [false]
    },
    "labels": [],
    "state": ["open"],
    "locked": [false],
    "assignee": {},
    "assignees": [],
    "milestone": {},
    "comments": [0],
    "created_at": ["2017-03-02T07:35:10Z"],
    "updated_at": ["2017-03-02T07:35:10Z"],
    "closed_at": {},
    "author_association": ["COLLABORATOR"],
    "body": ["To do after experiments and manuscript submission."]
  },
  {
    "url": ["https://api.github.com/repos/fcampelo/MOEADr/issues/32"],
    "repository_url": ["https://api.github.com/repos/fcampelo/MOEADr"],
    "labels_url": ["https://api.github.com/repos/fcampelo/MOEADr/issues/32/labels{/name}"],
    "comments_url": ["https://api.github.com/repos/fcampelo/MOEADr/issues/32/comments"],
    "events_url": ["https://api.github.com/repos/fcampelo/MOEADr/issues/32/events"],
    "html_url": ["https://github.com/fcampelo/MOEADr/issues/32"],
    "id": [209501297],
    "node_id": ["MDU6SXNzdWUyMDk1MDEyOTc="],
    "number": [32],
    "title": ["Suggestions for more stop criterias"],
    "user": {
      "login": ["caranha"],
      "id": [3960044],
      "node_id": ["MDQ6VXNlcjM5NjAwNDQ="],
      "avatar_url": ["https://avatars0.githubusercontent.com/u/3960044?v=4"],
      "gravatar_id": [""],
      "url": ["https://api.github.com/users/caranha"],
      "html_url": ["https://github.com/caranha"],
      "followers_url": ["https://api.github.com/users/caranha/followers"],
      "following_url": ["https://api.github.com/users/caranha/following{/other_user}"],
      "gists_url": ["https://api.github.com/users/caranha/gists{/gist_id}"],
      "starred_url": ["https://api.github.com/users/caranha/starred{/owner}{/repo}"],
      "subscriptions_url": ["https://api.github.com/users/caranha/subscriptions"],
      "organizations_url": ["https://api.github.com/users/caranha/orgs"],
      "repos_url": ["https://api.github.com/users/caranha/repos"],
      "events_url": ["https://api.github.com/users/caranha/events{/privacy}"],
      "received_events_url": ["https://api.github.com/users/caranha/received_events"],
      "type": ["User"],
      "site_admin": [false]
    },
    "labels": [],
    "state": ["open"],
    "locked": [false],
    "assignee": {},
    "assignees": [],
    "milestone": {},
    "comments": [1],
    "created_at": ["2017-02-22T16:12:10Z"],
    "updated_at": ["2017-02-22T20:43:20Z"],
    "closed_at": {},
    "author_association": ["COLLABORATOR"],
    "body": ["Some simple to program stop criterias, for adding after the paper is submitted:\r\n\r\n- [ ] diversity based stop criteria (number of identical solutions, or distance between new and old population)\r\n- [ ] utility based stop criteria (utility threshold of stopping the run, or delta utility between previous iteration and current one)"]
  },
  {
    "url": ["https://api.github.com/repos/fcampelo/MOEADr/issues/31"],
    "repository_url": ["https://api.github.com/repos/fcampelo/MOEADr"],
    "labels_url": ["https://api.github.com/repos/fcampelo/MOEADr/issues/31/labels{/name}"],
    "comments_url": ["https://api.github.com/repos/fcampelo/MOEADr/issues/31/comments"],
    "events_url": ["https://api.github.com/repos/fcampelo/MOEADr/issues/31/events"],
    "html_url": ["https://github.com/fcampelo/MOEADr/issues/31"],
    "id": [209500710],
    "node_id": ["MDU6SXNzdWUyMDk1MDA3MTA="],
    "number": [31],
    "title": ["Evaluation stop criteria is not exact"],
    "user": {
      "login": ["caranha"],
      "id": [3960044],
      "node_id": ["MDQ6VXNlcjM5NjAwNDQ="],
      "avatar_url": ["https://avatars0.githubusercontent.com/u/3960044?v=4"],
      "gravatar_id": [""],
      "url": ["https://api.github.com/users/caranha"],
      "html_url": ["https://github.com/caranha"],
      "followers_url": ["https://api.github.com/users/caranha/followers"],
      "following_url": ["https://api.github.com/users/caranha/following{/other_user}"],
      "gists_url": ["https://api.github.com/users/caranha/gists{/gist_id}"],
      "starred_url": ["https://api.github.com/users/caranha/starred{/owner}{/repo}"],
      "subscriptions_url": ["https://api.github.com/users/caranha/subscriptions"],
      "organizations_url": ["https://api.github.com/users/caranha/orgs"],
      "repos_url": ["https://api.github.com/users/caranha/repos"],
      "events_url": ["https://api.github.com/users/caranha/events{/privacy}"],
      "received_events_url": ["https://api.github.com/users/caranha/received_events"],
      "type": ["User"],
      "site_admin": [false]
    },
    "labels": [],
    "state": ["open"],
    "locked": [false],
    "assignee": {},
    "assignees": [],
    "milestone": {},
    "comments": [4],
    "created_at": ["2017-02-22T16:10:23Z"],
    "updated_at": ["2017-02-28T01:15:02Z"],
    "closed_at": {},
    "author_association": ["COLLABORATOR"],
    "body": ["Stop criteria is tested once every iteration. If we select the number of evaluations stop criteria, we may do more than the defined number of evaluations. \r\n\r\nFor example, suppose the stop criteria is 1000 function evaluations, and we have 300 subproblems. The program will stop at iteration 4, after 1200 evaluations have been performed.\r\n\r\nFor a very large total number of function evaluations, this may not matter much. But for more costly problems, it may become an issue. \r\n\r\nUnfortunately, I'm not sure this is treatable with how we have structured the code and components: The two ways I know to deal with this is to truncate the last population (not possible if # of population == # of subproblems), or to bail out of the program, which may require us to set up some sort of observer in R.\r\n\r\nNot urgent, but we will definitely want to tackle this problem in future versions of the package."]
  },
  {
    "url": ["https://api.github.com/repos/fcampelo/MOEADr/issues/24"],
    "repository_url": ["https://api.github.com/repos/fcampelo/MOEADr"],
    "labels_url": ["https://api.github.com/repos/fcampelo/MOEADr/issues/24/labels{/name}"],
    "comments_url": ["https://api.github.com/repos/fcampelo/MOEADr/issues/24/comments"],
    "events_url": ["https://api.github.com/repos/fcampelo/MOEADr/issues/24/events"],
    "html_url": ["https://github.com/fcampelo/MOEADr/issues/24"],
    "id": [203687281],
    "node_id": ["MDU6SXNzdWUyMDM2ODcyODE="],
    "number": [24],
    "title": ["WISHLIST"],
    "user": {
      "login": ["fcampelo"],
      "id": [9551592],
      "node_id": ["MDQ6VXNlcjk1NTE1OTI="],
      "avatar_url": ["https://avatars0.githubusercontent.com/u/9551592?v=4"],
      "gravatar_id": [""],
      "url": ["https://api.github.com/users/fcampelo"],
      "html_url": ["https://github.com/fcampelo"],
      "followers_url": ["https://api.github.com/users/fcampelo/followers"],
      "following_url": ["https://api.github.com/users/fcampelo/following{/other_user}"],
      "gists_url": ["https://api.github.com/users/fcampelo/gists{/gist_id}"],
      "starred_url": ["https://api.github.com/users/fcampelo/starred{/owner}{/repo}"],
      "subscriptions_url": ["https://api.github.com/users/fcampelo/subscriptions"],
      "organizations_url": ["https://api.github.com/users/fcampelo/orgs"],
      "repos_url": ["https://api.github.com/users/fcampelo/repos"],
      "events_url": ["https://api.github.com/users/fcampelo/events{/privacy}"],
      "received_events_url": ["https://api.github.com/users/fcampelo/received_events"],
      "type": ["User"],
      "site_admin": [false]
    },
    "labels": [
      {
        "id": [397536023],
        "node_id": ["MDU6TGFiZWwzOTc1MzYwMjM="],
        "url": ["https://api.github.com/repos/fcampelo/MOEADr/labels/enhancement"],
        "name": ["enhancement"],
        "color": ["84b6eb"],
        "default": [true]
      },
      {
        "id": [397536024],
        "node_id": ["MDU6TGFiZWwzOTc1MzYwMjQ="],
        "url": ["https://api.github.com/repos/fcampelo/MOEADr/labels/help%20wanted"],
        "name": ["help wanted"],
        "color": ["128A0C"],
        "default": [true]
      }
    ],
    "state": ["open"],
    "locked": [false],
    "assignee": {},
    "assignees": [],
    "milestone": {},
    "comments": [1],
    "created_at": ["2017-01-27T16:59:47Z"],
    "updated_at": ["2017-06-21T07:48:31Z"],
    "closed_at": {},
    "author_association": ["OWNER"],
    "body": ["- VARIATION: \r\n    - [ ] Implement more variation operators (incl. local search)\r\n\r\n- NEIGHBORHOOD DEFINITION: \r\n    - [ ] Un-hardcode it (modularize for easier upgrading)\r\n\r\n- POPULATION GENERATION:\r\n    - [ ] Un-hardcode it (modularize for easier upgrading)\r\n\r\n- SCALARIZATION: \r\n    - [ ] Verify whether iPBI is correct (check with Hiroyuki Sato -- Institute of Electro-Communications in Tokyo)\r\n\r\n- OBJECTIVE SCALING:\r\n    - [ ] Implement more alternatives of scaling (e.g., Deb's)\r\n\r\n- OUTPUT: \r\n    - [ ] Logging hooks for user-defined variation operators\r\n    - [ ]  include output options (e.g., log file, all visited points etc.)"]
  },
  {
    "url": ["https://api.github.com/repos/fcampelo/MOEADr/issues/22"],
    "repository_url": ["https://api.github.com/repos/fcampelo/MOEADr"],
    "labels_url": ["https://api.github.com/repos/fcampelo/MOEADr/issues/22/labels{/name}"],
    "comments_url": ["https://api.github.com/repos/fcampelo/MOEADr/issues/22/comments"],
    "events_url": ["https://api.github.com/repos/fcampelo/MOEADr/issues/22/events"],
    "html_url": ["https://github.com/fcampelo/MOEADr/issues/22"],
    "id": [203686018],
    "node_id": ["MDU6SXNzdWUyMDM2ODYwMTg="],
    "number": [22],
    "title": ["TODO: Documentation"],
    "user": {
      "login": ["fcampelo"],
      "id": [9551592],
      "node_id": ["MDQ6VXNlcjk1NTE1OTI="],
      "avatar_url": ["https://avatars0.githubusercontent.com/u/9551592?v=4"],
      "gravatar_id": [""],
      "url": ["https://api.github.com/users/fcampelo"],
      "html_url": ["https://github.com/fcampelo"],
      "followers_url": ["https://api.github.com/users/fcampelo/followers"],
      "following_url": ["https://api.github.com/users/fcampelo/following{/other_user}"],
      "gists_url": ["https://api.github.com/users/fcampelo/gists{/gist_id}"],
      "starred_url": ["https://api.github.com/users/fcampelo/starred{/owner}{/repo}"],
      "subscriptions_url": ["https://api.github.com/users/fcampelo/subscriptions"],
      "organizations_url": ["https://api.github.com/users/fcampelo/orgs"],
      "repos_url": ["https://api.github.com/users/fcampelo/repos"],
      "events_url": ["https://api.github.com/users/fcampelo/events{/privacy}"],
      "received_events_url": ["https://api.github.com/users/fcampelo/received_events"],
      "type": ["User"],
      "site_admin": [false]
    },
    "labels": [],
    "state": ["open"],
    "locked": [false],
    "assignee": {},
    "assignees": [],
    "milestone": {},
    "comments": [0],
    "created_at": ["2017-01-27T16:54:50Z"],
    "updated_at": ["2017-02-16T02:08:30Z"],
    "closed_at": {},
    "author_association": ["OWNER"],
    "body": ["- [x] Write Vignette explaining how to define a MOEADr-compliant problem\r\n- [ ] Write vignette explaining the variation stack\r\n- [x] Finish documentation of function moead()\r\n- [x] Thorough review of documentation\r\n- [x] Update vignette \"Writing functions for MOEADr\" to reflect recent changes (local search, constraint handling, changes in variable passing etc.)"]
  },
  {
    "url": ["https://api.github.com/repos/fcampelo/MOEADr/issues/11"],
    "repository_url": ["https://api.github.com/repos/fcampelo/MOEADr"],
    "labels_url": ["https://api.github.com/repos/fcampelo/MOEADr/issues/11/labels{/name}"],
    "comments_url": ["https://api.github.com/repos/fcampelo/MOEADr/issues/11/comments"],
    "events_url": ["https://api.github.com/repos/fcampelo/MOEADr/issues/11/events"],
    "html_url": ["https://github.com/fcampelo/MOEADr/issues/11"],
    "id": [201514285],
    "node_id": ["MDU6SXNzdWUyMDE1MTQyODU="],
    "number": [11],
    "title": ["Add tests"],
    "user": {
      "login": ["caranha"],
      "id": [3960044],
      "node_id": ["MDQ6VXNlcjM5NjAwNDQ="],
      "avatar_url": ["https://avatars0.githubusercontent.com/u/3960044?v=4"],
      "gravatar_id": [""],
      "url": ["https://api.github.com/users/caranha"],
      "html_url": ["https://github.com/caranha"],
      "followers_url": ["https://api.github.com/users/caranha/followers"],
      "following_url": ["https://api.github.com/users/caranha/following{/other_user}"],
      "gists_url": ["https://api.github.com/users/caranha/gists{/gist_id}"],
      "starred_url": ["https://api.github.com/users/caranha/starred{/owner}{/repo}"],
      "subscriptions_url": ["https://api.github.com/users/caranha/subscriptions"],
      "organizations_url": ["https://api.github.com/users/caranha/orgs"],
      "repos_url": ["https://api.github.com/users/caranha/repos"],
      "events_url": ["https://api.github.com/users/caranha/events{/privacy}"],
      "received_events_url": ["https://api.github.com/users/caranha/received_events"],
      "type": ["User"],
      "site_admin": [false]
    },
    "labels": [],
    "state": ["open"],
    "locked": [false],
    "assignee": {},
    "assignees": [],
    "milestone": {},
    "comments": [0],
    "created_at": ["2017-01-18T09:05:15Z"],
    "updated_at": ["2017-02-24T17:57:54Z"],
    "closed_at": {},
    "author_association": ["COLLABORATOR"],
    "body": ["- [ ] Condition checks for variation operators (is everyone between 0 and 1? is the output a matrix of the right size? Is the behavior correct depending on parameters?\r\n- [ ] Value checks for variation operatos (use fixed seeds, and some fixed examples)\r\n- [ ] Condition checks for repair operators (is everyone between 0 and 1? is the output a matrix of the right size?)\r\n- [ ] Value checks for repair operators (to verify they don't change parameters where not necessary)"]
  },
  {
    "url": ["https://api.github.com/repos/fcampelo/MOEADr/issues/6"],
    "repository_url": ["https://api.github.com/repos/fcampelo/MOEADr"],
    "labels_url": ["https://api.github.com/repos/fcampelo/MOEADr/issues/6/labels{/name}"],
    "comments_url": ["https://api.github.com/repos/fcampelo/MOEADr/issues/6/comments"],
    "events_url": ["https://api.github.com/repos/fcampelo/MOEADr/issues/6/events"],
    "html_url": ["https://github.com/fcampelo/MOEADr/issues/6"],
    "id": [198865384],
    "node_id": ["MDU6SXNzdWUxOTg4NjUzODQ="],
    "number": [6],
    "title": ["#wishlist speed up Uniform Decomposition"],
    "user": {
      "login": ["caranha"],
      "id": [3960044],
      "node_id": ["MDQ6VXNlcjM5NjAwNDQ="],
      "avatar_url": ["https://avatars0.githubusercontent.com/u/3960044?v=4"],
      "gravatar_id": [""],
      "url": ["https://api.github.com/users/caranha"],
      "html_url": ["https://github.com/caranha"],
      "followers_url": ["https://api.github.com/users/caranha/followers"],
      "following_url": ["https://api.github.com/users/caranha/following{/other_user}"],
      "gists_url": ["https://api.github.com/users/caranha/gists{/gist_id}"],
      "starred_url": ["https://api.github.com/users/caranha/starred{/owner}{/repo}"],
      "subscriptions_url": ["https://api.github.com/users/caranha/subscriptions"],
      "organizations_url": ["https://api.github.com/users/caranha/orgs"],
      "repos_url": ["https://api.github.com/users/caranha/repos"],
      "events_url": ["https://api.github.com/users/caranha/events{/privacy}"],
      "received_events_url": ["https://api.github.com/users/caranha/received_events"],
      "type": ["User"],
      "site_admin": [false]
    },
    "labels": [
      {
        "id": [397536023],
        "node_id": ["MDU6TGFiZWwzOTc1MzYwMjM="],
        "url": ["https://api.github.com/repos/fcampelo/MOEADr/labels/enhancement"],
        "name": ["enhancement"],
        "color": ["84b6eb"],
        "default": [true]
      }
    ],
    "state": ["open"],
    "locked": [false],
    "assignee": {},
    "assignees": [],
    "milestone": {},
    "comments": [2],
    "created_at": ["2017-01-05T02:59:21Z"],
    "updated_at": ["2017-01-15T19:59:13Z"],
    "closed_at": {},
    "author_association": ["COLLABORATOR"],
    "body": ["There is just so much speed up that can be done, since it is O(N^3*nobj). But I believe we can still make it a bit faster. Here is the output from Rprof:\r\n\r\n```\r\n> Rprof(tmp<-tempfile())\r\n> x <- decomposition_uniform(list(N=100,.nobj=4))\r\n> Rprof()\r\n> summaryRprof(tmp)$by.total\r\n                               total.time total.pct self.time self.pct\r\n\"decomposition_uniform\"            163.56     99.99      0.00     0.00\r\n\"apply\"                            163.54     99.98    105.98    64.79\r\n\"which.min\"                        163.54     99.98      0.00     0.00\r\n\"FUN\"                              163.50     99.95     26.50    16.20\r\n\"cd2\"                              163.44     99.91      0.04     0.02\r\n\"sapply\"                           161.42     98.68      0.06     0.04\r\n\"lapply\"                           160.18     97.92      1.42     0.87\r\n\"aperm\"                              6.80      4.16      3.80     2.32\r\n\"matrix\"                             5.64      3.45      4.38     2.68\r\n\"unlist\"                             3.94      2.41      3.94     2.41\r\n\"aperm.default\"              \r\n(... skipped the rest ...)\r\n```\r\n"]
  }
]
