[
  {
    "url": ["https://api.github.com/repos/fcampelo/DEMO/issues/5"],
    "repository_url": ["https://api.github.com/repos/fcampelo/DEMO"],
    "labels_url": ["https://api.github.com/repos/fcampelo/DEMO/issues/5/labels{/name}"],
    "comments_url": ["https://api.github.com/repos/fcampelo/DEMO/issues/5/comments"],
    "events_url": ["https://api.github.com/repos/fcampelo/DEMO/issues/5/events"],
    "html_url": ["https://github.com/fcampelo/DEMO/issues/5"],
    "id": [395056990],
    "node_id": ["MDU6SXNzdWUzOTUwNTY5OTA="],
    "number": [5],
    "title": ["Calculate Nadir point"],
    "user": {
      "login": ["shdotcom"],
      "id": [22214093],
      "node_id": ["MDQ6VXNlcjIyMjE0MDkz"],
      "avatar_url": ["https://avatars2.githubusercontent.com/u/22214093?v=4"],
      "gravatar_id": [""],
      "url": ["https://api.github.com/users/shdotcom"],
      "html_url": ["https://github.com/shdotcom"],
      "followers_url": ["https://api.github.com/users/shdotcom/followers"],
      "following_url": ["https://api.github.com/users/shdotcom/following{/other_user}"],
      "gists_url": ["https://api.github.com/users/shdotcom/gists{/gist_id}"],
      "starred_url": ["https://api.github.com/users/shdotcom/starred{/owner}{/repo}"],
      "subscriptions_url": ["https://api.github.com/users/shdotcom/subscriptions"],
      "organizations_url": ["https://api.github.com/users/shdotcom/orgs"],
      "repos_url": ["https://api.github.com/users/shdotcom/repos"],
      "events_url": ["https://api.github.com/users/shdotcom/events{/privacy}"],
      "received_events_url": ["https://api.github.com/users/shdotcom/received_events"],
      "type": ["User"],
      "site_admin": [false]
    },
    "labels": [],
    "state": ["open"],
    "locked": [false],
    "assignee": {},
    "assignees": [],
    "milestone": {},
    "comments": [0],
    "created_at": ["2019-01-01T05:24:51Z"],
    "updated_at": ["2019-01-01T05:24:51Z"],
    "closed_at": {},
    "author_association": ["NONE"],
    "body": ["Hi,\r\nDear Felipe Campelo,\r\n\r\nWould you please explain how did you get these formulations to calculate Nadir point in In DTLZ5, 6 and Nadir, faux and zstar in DTLZ7?\r\n\r\n```\r\ncase {'dtlz5', 'dtlz6'}\r\n\t\tzstar = zeros(M,1);\r\n\t\tznad = (1/sqrt(2)) .^ ([M-2, M-2:-1:0]');\r\n\t\r\ncase 'dtlz7'\r\n\t\txaux = 0.85940;\r\n\t\tfaux = 2*(M - (M-1)*xaux/2*(1 + sin(3*pi*xaux)));\r\n\t\tzstar = [zeros(M-1,1); faux];\r\n\t\tznad = [xaux(ones(M-1,1)); 2*M];\r\n```\r\n\r\nAnd how did you get this value xaux = 0.85940; in DTLZ7?\r\n\r\nThank you"]
  }
]
