[
  {
    "url": ["https://api.github.com/repos/fcampelo/ChocoLattes/issues/4"],
    "repository_url": ["https://api.github.com/repos/fcampelo/ChocoLattes"],
    "labels_url": ["https://api.github.com/repos/fcampelo/ChocoLattes/issues/4/labels{/name}"],
    "comments_url": ["https://api.github.com/repos/fcampelo/ChocoLattes/issues/4/comments"],
    "events_url": ["https://api.github.com/repos/fcampelo/ChocoLattes/issues/4/events"],
    "html_url": ["https://github.com/fcampelo/ChocoLattes/issues/4"],
    "id": [228831176],
    "node_id": ["MDU6SXNzdWUyMjg4MzExNzY="],
    "number": [4],
    "title": ["Not working with XMLs downloaded from the new Lattes CV version"],
    "user": {
      "login": ["fcampelo"],
      "id": [9551592],
      "node_id": ["MDQ6VXNlcjk1NTE1OTI="],
      "avatar_url": ["https://avatars0.githubusercontent.com/u/9551592?v=4"],
      "gravatar_id": [""],
      "url": ["https://api.github.com/users/fcampelo"],
      "html_url": ["https://github.com/fcampelo"],
      "followers_url": ["https://api.github.com/users/fcampelo/followers"],
      "following_url": ["https://api.github.com/users/fcampelo/following{/other_user}"],
      "gists_url": ["https://api.github.com/users/fcampelo/gists{/gist_id}"],
      "starred_url": ["https://api.github.com/users/fcampelo/starred{/owner}{/repo}"],
      "subscriptions_url": ["https://api.github.com/users/fcampelo/subscriptions"],
      "organizations_url": ["https://api.github.com/users/fcampelo/orgs"],
      "repos_url": ["https://api.github.com/users/fcampelo/repos"],
      "events_url": ["https://api.github.com/users/fcampelo/events{/privacy}"],
      "received_events_url": ["https://api.github.com/users/fcampelo/received_events"],
      "type": ["User"],
      "site_admin": [false]
    },
    "labels": [
      {
        "id": [369205150],
        "node_id": ["MDU6TGFiZWwzNjkyMDUxNTA="],
        "url": ["https://api.github.com/repos/fcampelo/ChocoLattes/labels/bug"],
        "name": ["bug"],
        "color": ["ee0701"],
        "default": [true]
      }
    ],
    "state": ["open"],
    "locked": [false],
    "assignee": {
      "login": ["fcampelo"],
      "id": [9551592],
      "node_id": ["MDQ6VXNlcjk1NTE1OTI="],
      "avatar_url": ["https://avatars0.githubusercontent.com/u/9551592?v=4"],
      "gravatar_id": [""],
      "url": ["https://api.github.com/users/fcampelo"],
      "html_url": ["https://github.com/fcampelo"],
      "followers_url": ["https://api.github.com/users/fcampelo/followers"],
      "following_url": ["https://api.github.com/users/fcampelo/following{/other_user}"],
      "gists_url": ["https://api.github.com/users/fcampelo/gists{/gist_id}"],
      "starred_url": ["https://api.github.com/users/fcampelo/starred{/owner}{/repo}"],
      "subscriptions_url": ["https://api.github.com/users/fcampelo/subscriptions"],
      "organizations_url": ["https://api.github.com/users/fcampelo/orgs"],
      "repos_url": ["https://api.github.com/users/fcampelo/repos"],
      "events_url": ["https://api.github.com/users/fcampelo/events{/privacy}"],
      "received_events_url": ["https://api.github.com/users/fcampelo/received_events"],
      "type": ["User"],
      "site_admin": [false]
    },
    "assignees": [
      {
        "login": ["fcampelo"],
        "id": [9551592],
        "node_id": ["MDQ6VXNlcjk1NTE1OTI="],
        "avatar_url": ["https://avatars0.githubusercontent.com/u/9551592?v=4"],
        "gravatar_id": [""],
        "url": ["https://api.github.com/users/fcampelo"],
        "html_url": ["https://github.com/fcampelo"],
        "followers_url": ["https://api.github.com/users/fcampelo/followers"],
        "following_url": ["https://api.github.com/users/fcampelo/following{/other_user}"],
        "gists_url": ["https://api.github.com/users/fcampelo/gists{/gist_id}"],
        "starred_url": ["https://api.github.com/users/fcampelo/starred{/owner}{/repo}"],
        "subscriptions_url": ["https://api.github.com/users/fcampelo/subscriptions"],
        "organizations_url": ["https://api.github.com/users/fcampelo/orgs"],
        "repos_url": ["https://api.github.com/users/fcampelo/repos"],
        "events_url": ["https://api.github.com/users/fcampelo/events{/privacy}"],
        "received_events_url": ["https://api.github.com/users/fcampelo/received_events"],
        "type": ["User"],
        "site_admin": [false]
      }
    ],
    "milestone": {},
    "comments": [0],
    "created_at": ["2017-05-15T20:14:37Z"],
    "updated_at": ["2017-05-15T20:14:48Z"],
    "closed_at": {},
    "author_association": ["OWNER"],
    "body": [""]
  }
]
