[
  {
    "url": ["https://api.github.com/repos/fcampelo/EC-Bestiary/issues/50"],
    "repository_url": ["https://api.github.com/repos/fcampelo/EC-Bestiary"],
    "labels_url": ["https://api.github.com/repos/fcampelo/EC-Bestiary/issues/50/labels{/name}"],
    "comments_url": ["https://api.github.com/repos/fcampelo/EC-Bestiary/issues/50/comments"],
    "events_url": ["https://api.github.com/repos/fcampelo/EC-Bestiary/issues/50/events"],
    "html_url": ["https://github.com/fcampelo/EC-Bestiary/issues/50"],
    "id": [426411265],
    "node_id": ["MDU6SXNzdWU0MjY0MTEyNjU="],
    "number": [50],
    "title": ["Suggestions by Christian L. Camacho Villalón (ULB, Brussels)"],
    "user": {
      "login": ["fcampelo"],
      "id": [9551592],
      "node_id": ["MDQ6VXNlcjk1NTE1OTI="],
      "avatar_url": ["https://avatars0.githubusercontent.com/u/9551592?v=4"],
      "gravatar_id": [""],
      "url": ["https://api.github.com/users/fcampelo"],
      "html_url": ["https://github.com/fcampelo"],
      "followers_url": ["https://api.github.com/users/fcampelo/followers"],
      "following_url": ["https://api.github.com/users/fcampelo/following{/other_user}"],
      "gists_url": ["https://api.github.com/users/fcampelo/gists{/gist_id}"],
      "starred_url": ["https://api.github.com/users/fcampelo/starred{/owner}{/repo}"],
      "subscriptions_url": ["https://api.github.com/users/fcampelo/subscriptions"],
      "organizations_url": ["https://api.github.com/users/fcampelo/orgs"],
      "repos_url": ["https://api.github.com/users/fcampelo/repos"],
      "events_url": ["https://api.github.com/users/fcampelo/events{/privacy}"],
      "received_events_url": ["https://api.github.com/users/fcampelo/received_events"],
      "type": ["User"],
      "site_admin": [false]
    },
    "labels": [],
    "state": ["open"],
    "locked": [false],
    "assignee": {},
    "assignees": [],
    "milestone": {},
    "comments": [0],
    "created_at": ["2019-03-28T10:22:01Z"],
    "updated_at": ["2019-03-28T10:22:01Z"],
    "closed_at": {},
    "author_association": ["OWNER"],
    "body": ["- [ ] Human seekers: https://doi.org/10.1109/TIE.2009.2031194\r\n- [ ] Particle collisions: \"A New Stochastic Optimization Algorithm based on a Particle Collision Metaheuristic\"\r\n- [ ] Molecular dynamics: https://doi.org/10.1016/j.knosys.2018.08.030\r\n- [ ] Selfish herds (!): http://dx.doi.org/10.1016/j.biosystems.2017.07.010\r\n- [ ] Mouth Brooding Fish: https://doi.org/10.1016/j.asoc.2017.09.035\r\n- [ ] Saplings Growing Up: \"Thinking Capability of Saplings Growing Up Algorithm\"\r\n- [ ] Bees Collecting Pollen: \"A Novel Global Convergence Algorithm: Bee Collecting Pollen Algorithm\"\r\n- [ ] Yellow Saddle Goldfish: https://doi.org/10.1016/j.biosystems.2018.09.007\r\n- [ ] Galatic Swarms: http://dx.doi.org/10.1016/j.asoc.2015.10.034"]
  },
  {
    "url": ["https://api.github.com/repos/fcampelo/EC-Bestiary/issues/48"],
    "repository_url": ["https://api.github.com/repos/fcampelo/EC-Bestiary"],
    "labels_url": ["https://api.github.com/repos/fcampelo/EC-Bestiary/issues/48/labels{/name}"],
    "comments_url": ["https://api.github.com/repos/fcampelo/EC-Bestiary/issues/48/comments"],
    "events_url": ["https://api.github.com/repos/fcampelo/EC-Bestiary/issues/48/events"],
    "html_url": ["https://github.com/fcampelo/EC-Bestiary/issues/48"],
    "id": [400271777],
    "node_id": ["MDU6SXNzdWU0MDAyNzE3Nzc="],
    "number": [48],
    "title": ["Suggestion of a review paper"],
    "user": {
      "login": ["lscoelho"],
      "id": [25365350],
      "node_id": ["MDQ6VXNlcjI1MzY1MzUw"],
      "avatar_url": ["https://avatars2.githubusercontent.com/u/25365350?v=4"],
      "gravatar_id": [""],
      "url": ["https://api.github.com/users/lscoelho"],
      "html_url": ["https://github.com/lscoelho"],
      "followers_url": ["https://api.github.com/users/lscoelho/followers"],
      "following_url": ["https://api.github.com/users/lscoelho/following{/other_user}"],
      "gists_url": ["https://api.github.com/users/lscoelho/gists{/gist_id}"],
      "starred_url": ["https://api.github.com/users/lscoelho/starred{/owner}{/repo}"],
      "subscriptions_url": ["https://api.github.com/users/lscoelho/subscriptions"],
      "organizations_url": ["https://api.github.com/users/lscoelho/orgs"],
      "repos_url": ["https://api.github.com/users/lscoelho/repos"],
      "events_url": ["https://api.github.com/users/lscoelho/events{/privacy}"],
      "received_events_url": ["https://api.github.com/users/lscoelho/received_events"],
      "type": ["User"],
      "site_admin": [false]
    },
    "labels": [],
    "state": ["open"],
    "locked": [false],
    "assignee": {},
    "assignees": [],
    "milestone": {},
    "comments": [1],
    "created_at": ["2019-01-17T13:14:40Z"],
    "updated_at": ["2019-03-28T00:24:45Z"],
    "closed_at": {},
    "author_association": ["NONE"],
    "body": ["S. Salcedo-Sanz, Modern meta-heuristics based on nonlinear physics\r\nprocesses: A review of models and design procedures, Physics Reports,\r\nvol. 655, pp. 1-70, 2016.\r\nhttps://www.sciencedirect.com/science/article/pii/S0370157316302332"]
  }
]
