[
  {
    "id": [44456755],
    "node_id": ["MDEwOlJlcG9zaXRvcnk0NDQ1Njc1NQ=="],
    "name": ["sedumi"],
    "full_name": ["fcampelo/sedumi"],
    "private": [false],
    "owner": {
      "login": ["fcampelo"],
      "id": [9551592],
      "node_id": ["MDQ6VXNlcjk1NTE1OTI="],
      "avatar_url": ["https://avatars0.githubusercontent.com/u/9551592?v=4"],
      "gravatar_id": [""],
      "url": ["https://api.github.com/users/fcampelo"],
      "html_url": ["https://github.com/fcampelo"],
      "followers_url": ["https://api.github.com/users/fcampelo/followers"],
      "following_url": ["https://api.github.com/users/fcampelo/following{/other_user}"],
      "gists_url": ["https://api.github.com/users/fcampelo/gists{/gist_id}"],
      "starred_url": ["https://api.github.com/users/fcampelo/starred{/owner}{/repo}"],
      "subscriptions_url": ["https://api.github.com/users/fcampelo/subscriptions"],
      "organizations_url": ["https://api.github.com/users/fcampelo/orgs"],
      "repos_url": ["https://api.github.com/users/fcampelo/repos"],
      "events_url": ["https://api.github.com/users/fcampelo/events{/privacy}"],
      "received_events_url": ["https://api.github.com/users/fcampelo/received_events"],
      "type": ["User"],
      "site_admin": [false]
    },
    "html_url": ["https://github.com/fcampelo/sedumi"],
    "description": ["SeDuMi: A linear/quadratic/semidefinite solver for Matlab and Octave"],
    "fork": [true],
    "url": ["https://api.github.com/repos/fcampelo/sedumi"],
    "forks_url": ["https://api.github.com/repos/fcampelo/sedumi/forks"],
    "keys_url": ["https://api.github.com/repos/fcampelo/sedumi/keys{/key_id}"],
    "collaborators_url": ["https://api.github.com/repos/fcampelo/sedumi/collaborators{/collaborator}"],
    "teams_url": ["https://api.github.com/repos/fcampelo/sedumi/teams"],
    "hooks_url": ["https://api.github.com/repos/fcampelo/sedumi/hooks"],
    "issue_events_url": ["https://api.github.com/repos/fcampelo/sedumi/issues/events{/number}"],
    "events_url": ["https://api.github.com/repos/fcampelo/sedumi/events"],
    "assignees_url": ["https://api.github.com/repos/fcampelo/sedumi/assignees{/user}"],
    "branches_url": ["https://api.github.com/repos/fcampelo/sedumi/branches{/branch}"],
    "tags_url": ["https://api.github.com/repos/fcampelo/sedumi/tags"],
    "blobs_url": ["https://api.github.com/repos/fcampelo/sedumi/git/blobs{/sha}"],
    "git_tags_url": ["https://api.github.com/repos/fcampelo/sedumi/git/tags{/sha}"],
    "git_refs_url": ["https://api.github.com/repos/fcampelo/sedumi/git/refs{/sha}"],
    "trees_url": ["https://api.github.com/repos/fcampelo/sedumi/git/trees{/sha}"],
    "statuses_url": ["https://api.github.com/repos/fcampelo/sedumi/statuses/{sha}"],
    "languages_url": ["https://api.github.com/repos/fcampelo/sedumi/languages"],
    "stargazers_url": ["https://api.github.com/repos/fcampelo/sedumi/stargazers"],
    "contributors_url": ["https://api.github.com/repos/fcampelo/sedumi/contributors"],
    "subscribers_url": ["https://api.github.com/repos/fcampelo/sedumi/subscribers"],
    "subscription_url": ["https://api.github.com/repos/fcampelo/sedumi/subscription"],
    "commits_url": ["https://api.github.com/repos/fcampelo/sedumi/commits{/sha}"],
    "git_commits_url": ["https://api.github.com/repos/fcampelo/sedumi/git/commits{/sha}"],
    "comments_url": ["https://api.github.com/repos/fcampelo/sedumi/comments{/number}"],
    "issue_comment_url": ["https://api.github.com/repos/fcampelo/sedumi/issues/comments{/number}"],
    "contents_url": ["https://api.github.com/repos/fcampelo/sedumi/contents/{+path}"],
    "compare_url": ["https://api.github.com/repos/fcampelo/sedumi/compare/{base}...{head}"],
    "merges_url": ["https://api.github.com/repos/fcampelo/sedumi/merges"],
    "archive_url": ["https://api.github.com/repos/fcampelo/sedumi/{archive_format}{/ref}"],
    "downloads_url": ["https://api.github.com/repos/fcampelo/sedumi/downloads"],
    "issues_url": ["https://api.github.com/repos/fcampelo/sedumi/issues{/number}"],
    "pulls_url": ["https://api.github.com/repos/fcampelo/sedumi/pulls{/number}"],
    "milestones_url": ["https://api.github.com/repos/fcampelo/sedumi/milestones{/number}"],
    "notifications_url": ["https://api.github.com/repos/fcampelo/sedumi/notifications{?since,all,participating}"],
    "labels_url": ["https://api.github.com/repos/fcampelo/sedumi/labels{/name}"],
    "releases_url": ["https://api.github.com/repos/fcampelo/sedumi/releases{/id}"],
    "deployments_url": ["https://api.github.com/repos/fcampelo/sedumi/deployments"],
    "created_at": ["2015-10-17T22:21:25Z"],
    "updated_at": ["2015-10-17T22:21:27Z"],
    "pushed_at": ["2015-06-07T19:24:38Z"],
    "git_url": ["git://github.com/fcampelo/sedumi.git"],
    "ssh_url": ["git@github.com:fcampelo/sedumi.git"],
    "clone_url": ["https://github.com/fcampelo/sedumi.git"],
    "svn_url": ["https://github.com/fcampelo/sedumi"],
    "homepage": ["http://coral.ie.lehigh.edu/~newsedumi/"],
    "size": [19208],
    "stargazers_count": [0],
    "watchers_count": [0],
    "language": ["C"],
    "has_issues": [false],
    "has_projects": [true],
    "has_downloads": [true],
    "has_wiki": [false],
    "has_pages": [false],
    "forks_count": [0],
    "mirror_url": {},
    "archived": [false],
    "disabled": [false],
    "open_issues_count": [0],
    "license": {
      "key": ["gpl-2.0"],
      "name": ["GNU General Public License v2.0"],
      "spdx_id": ["GPL-2.0"],
      "url": ["https://api.github.com/licenses/gpl-2.0"],
      "node_id": ["MDc6TGljZW5zZTg="]
    },
    "forks": [0],
    "open_issues": [0],
    "watchers": [0],
    "default_branch": ["master"],
    "permissions": {
      "admin": [false],
      "push": [false],
      "pull": [true]
    }
  }
]
