[
  {
    "id": [49036486],
    "node_id": ["MDEwOlJlcG9zaXRvcnk0OTAzNjQ4Ng=="],
    "name": ["Otimizacao-Intro-Prog-Linear"],
    "full_name": ["fcampelo/Otimizacao-Intro-Prog-Linear"],
    "private": [false],
    "owner": {
      "login": ["fcampelo"],
      "id": [9551592],
      "node_id": ["MDQ6VXNlcjk1NTE1OTI="],
      "avatar_url": ["https://avatars0.githubusercontent.com/u/9551592?v=4"],
      "gravatar_id": [""],
      "url": ["https://api.github.com/users/fcampelo"],
      "html_url": ["https://github.com/fcampelo"],
      "followers_url": ["https://api.github.com/users/fcampelo/followers"],
      "following_url": ["https://api.github.com/users/fcampelo/following{/other_user}"],
      "gists_url": ["https://api.github.com/users/fcampelo/gists{/gist_id}"],
      "starred_url": ["https://api.github.com/users/fcampelo/starred{/owner}{/repo}"],
      "subscriptions_url": ["https://api.github.com/users/fcampelo/subscriptions"],
      "organizations_url": ["https://api.github.com/users/fcampelo/orgs"],
      "repos_url": ["https://api.github.com/users/fcampelo/repos"],
      "events_url": ["https://api.github.com/users/fcampelo/events{/privacy}"],
      "received_events_url": ["https://api.github.com/users/fcampelo/received_events"],
      "type": ["User"],
      "site_admin": [false]
    },
    "html_url": ["https://github.com/fcampelo/Otimizacao-Intro-Prog-Linear"],
    "description": ["Uma breve introdução a alguns conceitos de otimização e programação linear"],
    "fork": [false],
    "url": ["https://api.github.com/repos/fcampelo/Otimizacao-Intro-Prog-Linear"],
    "forks_url": ["https://api.github.com/repos/fcampelo/Otimizacao-Intro-Prog-Linear/forks"],
    "keys_url": ["https://api.github.com/repos/fcampelo/Otimizacao-Intro-Prog-Linear/keys{/key_id}"],
    "collaborators_url": ["https://api.github.com/repos/fcampelo/Otimizacao-Intro-Prog-Linear/collaborators{/collaborator}"],
    "teams_url": ["https://api.github.com/repos/fcampelo/Otimizacao-Intro-Prog-Linear/teams"],
    "hooks_url": ["https://api.github.com/repos/fcampelo/Otimizacao-Intro-Prog-Linear/hooks"],
    "issue_events_url": ["https://api.github.com/repos/fcampelo/Otimizacao-Intro-Prog-Linear/issues/events{/number}"],
    "events_url": ["https://api.github.com/repos/fcampelo/Otimizacao-Intro-Prog-Linear/events"],
    "assignees_url": ["https://api.github.com/repos/fcampelo/Otimizacao-Intro-Prog-Linear/assignees{/user}"],
    "branches_url": ["https://api.github.com/repos/fcampelo/Otimizacao-Intro-Prog-Linear/branches{/branch}"],
    "tags_url": ["https://api.github.com/repos/fcampelo/Otimizacao-Intro-Prog-Linear/tags"],
    "blobs_url": ["https://api.github.com/repos/fcampelo/Otimizacao-Intro-Prog-Linear/git/blobs{/sha}"],
    "git_tags_url": ["https://api.github.com/repos/fcampelo/Otimizacao-Intro-Prog-Linear/git/tags{/sha}"],
    "git_refs_url": ["https://api.github.com/repos/fcampelo/Otimizacao-Intro-Prog-Linear/git/refs{/sha}"],
    "trees_url": ["https://api.github.com/repos/fcampelo/Otimizacao-Intro-Prog-Linear/git/trees{/sha}"],
    "statuses_url": ["https://api.github.com/repos/fcampelo/Otimizacao-Intro-Prog-Linear/statuses/{sha}"],
    "languages_url": ["https://api.github.com/repos/fcampelo/Otimizacao-Intro-Prog-Linear/languages"],
    "stargazers_url": ["https://api.github.com/repos/fcampelo/Otimizacao-Intro-Prog-Linear/stargazers"],
    "contributors_url": ["https://api.github.com/repos/fcampelo/Otimizacao-Intro-Prog-Linear/contributors"],
    "subscribers_url": ["https://api.github.com/repos/fcampelo/Otimizacao-Intro-Prog-Linear/subscribers"],
    "subscription_url": ["https://api.github.com/repos/fcampelo/Otimizacao-Intro-Prog-Linear/subscription"],
    "commits_url": ["https://api.github.com/repos/fcampelo/Otimizacao-Intro-Prog-Linear/commits{/sha}"],
    "git_commits_url": ["https://api.github.com/repos/fcampelo/Otimizacao-Intro-Prog-Linear/git/commits{/sha}"],
    "comments_url": ["https://api.github.com/repos/fcampelo/Otimizacao-Intro-Prog-Linear/comments{/number}"],
    "issue_comment_url": ["https://api.github.com/repos/fcampelo/Otimizacao-Intro-Prog-Linear/issues/comments{/number}"],
    "contents_url": ["https://api.github.com/repos/fcampelo/Otimizacao-Intro-Prog-Linear/contents/{+path}"],
    "compare_url": ["https://api.github.com/repos/fcampelo/Otimizacao-Intro-Prog-Linear/compare/{base}...{head}"],
    "merges_url": ["https://api.github.com/repos/fcampelo/Otimizacao-Intro-Prog-Linear/merges"],
    "archive_url": ["https://api.github.com/repos/fcampelo/Otimizacao-Intro-Prog-Linear/{archive_format}{/ref}"],
    "downloads_url": ["https://api.github.com/repos/fcampelo/Otimizacao-Intro-Prog-Linear/downloads"],
    "issues_url": ["https://api.github.com/repos/fcampelo/Otimizacao-Intro-Prog-Linear/issues{/number}"],
    "pulls_url": ["https://api.github.com/repos/fcampelo/Otimizacao-Intro-Prog-Linear/pulls{/number}"],
    "milestones_url": ["https://api.github.com/repos/fcampelo/Otimizacao-Intro-Prog-Linear/milestones{/number}"],
    "notifications_url": ["https://api.github.com/repos/fcampelo/Otimizacao-Intro-Prog-Linear/notifications{?since,all,participating}"],
    "labels_url": ["https://api.github.com/repos/fcampelo/Otimizacao-Intro-Prog-Linear/labels{/name}"],
    "releases_url": ["https://api.github.com/repos/fcampelo/Otimizacao-Intro-Prog-Linear/releases{/id}"],
    "deployments_url": ["https://api.github.com/repos/fcampelo/Otimizacao-Intro-Prog-Linear/deployments"],
    "created_at": ["2016-01-05T02:23:59Z"],
    "updated_at": ["2016-03-10T14:28:40Z"],
    "pushed_at": ["2016-01-05T02:34:15Z"],
    "git_url": ["git://github.com/fcampelo/Otimizacao-Intro-Prog-Linear.git"],
    "ssh_url": ["git@github.com:fcampelo/Otimizacao-Intro-Prog-Linear.git"],
    "clone_url": ["https://github.com/fcampelo/Otimizacao-Intro-Prog-Linear.git"],
    "svn_url": ["https://github.com/fcampelo/Otimizacao-Intro-Prog-Linear"],
    "homepage": {},
    "size": [16081],
    "stargazers_count": [1],
    "watchers_count": [1],
    "language": {},
    "has_issues": [true],
    "has_projects": [true],
    "has_downloads": [true],
    "has_wiki": [true],
    "has_pages": [false],
    "forks_count": [0],
    "mirror_url": {},
    "archived": [false],
    "disabled": [false],
    "open_issues_count": [0],
    "license": {
      "key": ["mit"],
      "name": ["MIT License"],
      "spdx_id": ["MIT"],
      "url": ["https://api.github.com/licenses/mit"],
      "node_id": ["MDc6TGljZW5zZTEz"]
    },
    "forks": [0],
    "open_issues": [0],
    "watchers": [1],
    "default_branch": ["master"],
    "permissions": {
      "admin": [false],
      "push": [false],
      "pull": [true]
    }
  }
]
