[
  {
    "id": [30994730],
    "node_id": ["MDEwOlJlcG9zaXRvcnkzMDk5NDczMA=="],
    "name": ["RM-course-project"],
    "full_name": ["fcampelo/RM-course-project"],
    "private": [false],
    "owner": {
      "login": ["fcampelo"],
      "id": [9551592],
      "node_id": ["MDQ6VXNlcjk1NTE1OTI="],
      "avatar_url": ["https://avatars0.githubusercontent.com/u/9551592?v=4"],
      "gravatar_id": [""],
      "url": ["https://api.github.com/users/fcampelo"],
      "html_url": ["https://github.com/fcampelo"],
      "followers_url": ["https://api.github.com/users/fcampelo/followers"],
      "following_url": ["https://api.github.com/users/fcampelo/following{/other_user}"],
      "gists_url": ["https://api.github.com/users/fcampelo/gists{/gist_id}"],
      "starred_url": ["https://api.github.com/users/fcampelo/starred{/owner}{/repo}"],
      "subscriptions_url": ["https://api.github.com/users/fcampelo/subscriptions"],
      "organizations_url": ["https://api.github.com/users/fcampelo/orgs"],
      "repos_url": ["https://api.github.com/users/fcampelo/repos"],
      "events_url": ["https://api.github.com/users/fcampelo/events{/privacy}"],
      "received_events_url": ["https://api.github.com/users/fcampelo/received_events"],
      "type": ["User"],
      "site_admin": [false]
    },
    "html_url": ["https://github.com/fcampelo/RM-course-project"],
    "description": ["Final Project for the Regression Models course on Coursera"],
    "fork": [false],
    "url": ["https://api.github.com/repos/fcampelo/RM-course-project"],
    "forks_url": ["https://api.github.com/repos/fcampelo/RM-course-project/forks"],
    "keys_url": ["https://api.github.com/repos/fcampelo/RM-course-project/keys{/key_id}"],
    "collaborators_url": ["https://api.github.com/repos/fcampelo/RM-course-project/collaborators{/collaborator}"],
    "teams_url": ["https://api.github.com/repos/fcampelo/RM-course-project/teams"],
    "hooks_url": ["https://api.github.com/repos/fcampelo/RM-course-project/hooks"],
    "issue_events_url": ["https://api.github.com/repos/fcampelo/RM-course-project/issues/events{/number}"],
    "events_url": ["https://api.github.com/repos/fcampelo/RM-course-project/events"],
    "assignees_url": ["https://api.github.com/repos/fcampelo/RM-course-project/assignees{/user}"],
    "branches_url": ["https://api.github.com/repos/fcampelo/RM-course-project/branches{/branch}"],
    "tags_url": ["https://api.github.com/repos/fcampelo/RM-course-project/tags"],
    "blobs_url": ["https://api.github.com/repos/fcampelo/RM-course-project/git/blobs{/sha}"],
    "git_tags_url": ["https://api.github.com/repos/fcampelo/RM-course-project/git/tags{/sha}"],
    "git_refs_url": ["https://api.github.com/repos/fcampelo/RM-course-project/git/refs{/sha}"],
    "trees_url": ["https://api.github.com/repos/fcampelo/RM-course-project/git/trees{/sha}"],
    "statuses_url": ["https://api.github.com/repos/fcampelo/RM-course-project/statuses/{sha}"],
    "languages_url": ["https://api.github.com/repos/fcampelo/RM-course-project/languages"],
    "stargazers_url": ["https://api.github.com/repos/fcampelo/RM-course-project/stargazers"],
    "contributors_url": ["https://api.github.com/repos/fcampelo/RM-course-project/contributors"],
    "subscribers_url": ["https://api.github.com/repos/fcampelo/RM-course-project/subscribers"],
    "subscription_url": ["https://api.github.com/repos/fcampelo/RM-course-project/subscription"],
    "commits_url": ["https://api.github.com/repos/fcampelo/RM-course-project/commits{/sha}"],
    "git_commits_url": ["https://api.github.com/repos/fcampelo/RM-course-project/git/commits{/sha}"],
    "comments_url": ["https://api.github.com/repos/fcampelo/RM-course-project/comments{/number}"],
    "issue_comment_url": ["https://api.github.com/repos/fcampelo/RM-course-project/issues/comments{/number}"],
    "contents_url": ["https://api.github.com/repos/fcampelo/RM-course-project/contents/{+path}"],
    "compare_url": ["https://api.github.com/repos/fcampelo/RM-course-project/compare/{base}...{head}"],
    "merges_url": ["https://api.github.com/repos/fcampelo/RM-course-project/merges"],
    "archive_url": ["https://api.github.com/repos/fcampelo/RM-course-project/{archive_format}{/ref}"],
    "downloads_url": ["https://api.github.com/repos/fcampelo/RM-course-project/downloads"],
    "issues_url": ["https://api.github.com/repos/fcampelo/RM-course-project/issues{/number}"],
    "pulls_url": ["https://api.github.com/repos/fcampelo/RM-course-project/pulls{/number}"],
    "milestones_url": ["https://api.github.com/repos/fcampelo/RM-course-project/milestones{/number}"],
    "notifications_url": ["https://api.github.com/repos/fcampelo/RM-course-project/notifications{?since,all,participating}"],
    "labels_url": ["https://api.github.com/repos/fcampelo/RM-course-project/labels{/name}"],
    "releases_url": ["https://api.github.com/repos/fcampelo/RM-course-project/releases{/id}"],
    "deployments_url": ["https://api.github.com/repos/fcampelo/RM-course-project/deployments"],
    "created_at": ["2015-02-19T00:29:28Z"],
    "updated_at": ["2015-02-19T00:29:28Z"],
    "pushed_at": ["2015-02-19T00:43:11Z"],
    "git_url": ["git://github.com/fcampelo/RM-course-project.git"],
    "ssh_url": ["git@github.com:fcampelo/RM-course-project.git"],
    "clone_url": ["https://github.com/fcampelo/RM-course-project.git"],
    "svn_url": ["https://github.com/fcampelo/RM-course-project"],
    "homepage": {},
    "size": [844],
    "stargazers_count": [0],
    "watchers_count": [0],
    "language": {},
    "has_issues": [true],
    "has_projects": [true],
    "has_downloads": [true],
    "has_wiki": [true],
    "has_pages": [false],
    "forks_count": [0],
    "mirror_url": {},
    "archived": [false],
    "disabled": [false],
    "open_issues_count": [0],
    "license": {
      "key": ["gpl-3.0"],
      "name": ["GNU General Public License v3.0"],
      "spdx_id": ["GPL-3.0"],
      "url": ["https://api.github.com/licenses/gpl-3.0"],
      "node_id": ["MDc6TGljZW5zZTk="]
    },
    "forks": [0],
    "open_issues": [0],
    "watchers": [0],
    "default_branch": ["master"],
    "permissions": {
      "admin": [false],
      "push": [false],
      "pull": [true]
    }
  }
]
