[
  {
    "id": [46575497],
    "node_id": ["MDEwOlJlcG9zaXRvcnk0NjU3NTQ5Nw=="],
    "name": ["DSS-Capstone"],
    "full_name": ["fcampelo/DSS-Capstone"],
    "private": [false],
    "owner": {
      "login": ["fcampelo"],
      "id": [9551592],
      "node_id": ["MDQ6VXNlcjk1NTE1OTI="],
      "avatar_url": ["https://avatars0.githubusercontent.com/u/9551592?v=4"],
      "gravatar_id": [""],
      "url": ["https://api.github.com/users/fcampelo"],
      "html_url": ["https://github.com/fcampelo"],
      "followers_url": ["https://api.github.com/users/fcampelo/followers"],
      "following_url": ["https://api.github.com/users/fcampelo/following{/other_user}"],
      "gists_url": ["https://api.github.com/users/fcampelo/gists{/gist_id}"],
      "starred_url": ["https://api.github.com/users/fcampelo/starred{/owner}{/repo}"],
      "subscriptions_url": ["https://api.github.com/users/fcampelo/subscriptions"],
      "organizations_url": ["https://api.github.com/users/fcampelo/orgs"],
      "repos_url": ["https://api.github.com/users/fcampelo/repos"],
      "events_url": ["https://api.github.com/users/fcampelo/events{/privacy}"],
      "received_events_url": ["https://api.github.com/users/fcampelo/received_events"],
      "type": ["User"],
      "site_admin": [false]
    },
    "html_url": ["https://github.com/fcampelo/DSS-Capstone"],
    "description": ["Data Science Specialization Capstone Project - related files"],
    "fork": [false],
    "url": ["https://api.github.com/repos/fcampelo/DSS-Capstone"],
    "forks_url": ["https://api.github.com/repos/fcampelo/DSS-Capstone/forks"],
    "keys_url": ["https://api.github.com/repos/fcampelo/DSS-Capstone/keys{/key_id}"],
    "collaborators_url": ["https://api.github.com/repos/fcampelo/DSS-Capstone/collaborators{/collaborator}"],
    "teams_url": ["https://api.github.com/repos/fcampelo/DSS-Capstone/teams"],
    "hooks_url": ["https://api.github.com/repos/fcampelo/DSS-Capstone/hooks"],
    "issue_events_url": ["https://api.github.com/repos/fcampelo/DSS-Capstone/issues/events{/number}"],
    "events_url": ["https://api.github.com/repos/fcampelo/DSS-Capstone/events"],
    "assignees_url": ["https://api.github.com/repos/fcampelo/DSS-Capstone/assignees{/user}"],
    "branches_url": ["https://api.github.com/repos/fcampelo/DSS-Capstone/branches{/branch}"],
    "tags_url": ["https://api.github.com/repos/fcampelo/DSS-Capstone/tags"],
    "blobs_url": ["https://api.github.com/repos/fcampelo/DSS-Capstone/git/blobs{/sha}"],
    "git_tags_url": ["https://api.github.com/repos/fcampelo/DSS-Capstone/git/tags{/sha}"],
    "git_refs_url": ["https://api.github.com/repos/fcampelo/DSS-Capstone/git/refs{/sha}"],
    "trees_url": ["https://api.github.com/repos/fcampelo/DSS-Capstone/git/trees{/sha}"],
    "statuses_url": ["https://api.github.com/repos/fcampelo/DSS-Capstone/statuses/{sha}"],
    "languages_url": ["https://api.github.com/repos/fcampelo/DSS-Capstone/languages"],
    "stargazers_url": ["https://api.github.com/repos/fcampelo/DSS-Capstone/stargazers"],
    "contributors_url": ["https://api.github.com/repos/fcampelo/DSS-Capstone/contributors"],
    "subscribers_url": ["https://api.github.com/repos/fcampelo/DSS-Capstone/subscribers"],
    "subscription_url": ["https://api.github.com/repos/fcampelo/DSS-Capstone/subscription"],
    "commits_url": ["https://api.github.com/repos/fcampelo/DSS-Capstone/commits{/sha}"],
    "git_commits_url": ["https://api.github.com/repos/fcampelo/DSS-Capstone/git/commits{/sha}"],
    "comments_url": ["https://api.github.com/repos/fcampelo/DSS-Capstone/comments{/number}"],
    "issue_comment_url": ["https://api.github.com/repos/fcampelo/DSS-Capstone/issues/comments{/number}"],
    "contents_url": ["https://api.github.com/repos/fcampelo/DSS-Capstone/contents/{+path}"],
    "compare_url": ["https://api.github.com/repos/fcampelo/DSS-Capstone/compare/{base}...{head}"],
    "merges_url": ["https://api.github.com/repos/fcampelo/DSS-Capstone/merges"],
    "archive_url": ["https://api.github.com/repos/fcampelo/DSS-Capstone/{archive_format}{/ref}"],
    "downloads_url": ["https://api.github.com/repos/fcampelo/DSS-Capstone/downloads"],
    "issues_url": ["https://api.github.com/repos/fcampelo/DSS-Capstone/issues{/number}"],
    "pulls_url": ["https://api.github.com/repos/fcampelo/DSS-Capstone/pulls{/number}"],
    "milestones_url": ["https://api.github.com/repos/fcampelo/DSS-Capstone/milestones{/number}"],
    "notifications_url": ["https://api.github.com/repos/fcampelo/DSS-Capstone/notifications{?since,all,participating}"],
    "labels_url": ["https://api.github.com/repos/fcampelo/DSS-Capstone/labels{/name}"],
    "releases_url": ["https://api.github.com/repos/fcampelo/DSS-Capstone/releases{/id}"],
    "deployments_url": ["https://api.github.com/repos/fcampelo/DSS-Capstone/deployments"],
    "created_at": ["2015-11-20T17:04:34Z"],
    "updated_at": ["2015-11-20T17:04:34Z"],
    "pushed_at": ["2015-11-20T17:52:11Z"],
    "git_url": ["git://github.com/fcampelo/DSS-Capstone.git"],
    "ssh_url": ["git@github.com:fcampelo/DSS-Capstone.git"],
    "clone_url": ["https://github.com/fcampelo/DSS-Capstone.git"],
    "svn_url": ["https://github.com/fcampelo/DSS-Capstone"],
    "homepage": {},
    "size": [3901],
    "stargazers_count": [0],
    "watchers_count": [0],
    "language": {},
    "has_issues": [true],
    "has_projects": [true],
    "has_downloads": [true],
    "has_wiki": [true],
    "has_pages": [false],
    "forks_count": [0],
    "mirror_url": {},
    "archived": [false],
    "disabled": [false],
    "open_issues_count": [0],
    "license": {},
    "forks": [0],
    "open_issues": [0],
    "watchers": [0],
    "default_branch": ["master"],
    "permissions": {
      "admin": [false],
      "push": [false],
      "pull": [true]
    }
  }
]
