[
  {
    "id": [39384812],
    "node_id": ["MDEwOlJlcG9zaXRvcnkzOTM4NDgxMg=="],
    "name": ["ExpDE"],
    "full_name": ["fcampelo/ExpDE"],
    "private": [false],
    "owner": {
      "login": ["fcampelo"],
      "id": [9551592],
      "node_id": ["MDQ6VXNlcjk1NTE1OTI="],
      "avatar_url": ["https://avatars0.githubusercontent.com/u/9551592?v=4"],
      "gravatar_id": [""],
      "url": ["https://api.github.com/users/fcampelo"],
      "html_url": ["https://github.com/fcampelo"],
      "followers_url": ["https://api.github.com/users/fcampelo/followers"],
      "following_url": ["https://api.github.com/users/fcampelo/following{/other_user}"],
      "gists_url": ["https://api.github.com/users/fcampelo/gists{/gist_id}"],
      "starred_url": ["https://api.github.com/users/fcampelo/starred{/owner}{/repo}"],
      "subscriptions_url": ["https://api.github.com/users/fcampelo/subscriptions"],
      "organizations_url": ["https://api.github.com/users/fcampelo/orgs"],
      "repos_url": ["https://api.github.com/users/fcampelo/repos"],
      "events_url": ["https://api.github.com/users/fcampelo/events{/privacy}"],
      "received_events_url": ["https://api.github.com/users/fcampelo/received_events"],
      "type": ["User"],
      "site_admin": [false]
    },
    "html_url": ["https://github.com/fcampelo/ExpDE"],
    "description": ["Modular DE algorithm for the experimental investigation of the effect of different recombination / mutation / selection operators."],
    "fork": [false],
    "url": ["https://api.github.com/repos/fcampelo/ExpDE"],
    "forks_url": ["https://api.github.com/repos/fcampelo/ExpDE/forks"],
    "keys_url": ["https://api.github.com/repos/fcampelo/ExpDE/keys{/key_id}"],
    "collaborators_url": ["https://api.github.com/repos/fcampelo/ExpDE/collaborators{/collaborator}"],
    "teams_url": ["https://api.github.com/repos/fcampelo/ExpDE/teams"],
    "hooks_url": ["https://api.github.com/repos/fcampelo/ExpDE/hooks"],
    "issue_events_url": ["https://api.github.com/repos/fcampelo/ExpDE/issues/events{/number}"],
    "events_url": ["https://api.github.com/repos/fcampelo/ExpDE/events"],
    "assignees_url": ["https://api.github.com/repos/fcampelo/ExpDE/assignees{/user}"],
    "branches_url": ["https://api.github.com/repos/fcampelo/ExpDE/branches{/branch}"],
    "tags_url": ["https://api.github.com/repos/fcampelo/ExpDE/tags"],
    "blobs_url": ["https://api.github.com/repos/fcampelo/ExpDE/git/blobs{/sha}"],
    "git_tags_url": ["https://api.github.com/repos/fcampelo/ExpDE/git/tags{/sha}"],
    "git_refs_url": ["https://api.github.com/repos/fcampelo/ExpDE/git/refs{/sha}"],
    "trees_url": ["https://api.github.com/repos/fcampelo/ExpDE/git/trees{/sha}"],
    "statuses_url": ["https://api.github.com/repos/fcampelo/ExpDE/statuses/{sha}"],
    "languages_url": ["https://api.github.com/repos/fcampelo/ExpDE/languages"],
    "stargazers_url": ["https://api.github.com/repos/fcampelo/ExpDE/stargazers"],
    "contributors_url": ["https://api.github.com/repos/fcampelo/ExpDE/contributors"],
    "subscribers_url": ["https://api.github.com/repos/fcampelo/ExpDE/subscribers"],
    "subscription_url": ["https://api.github.com/repos/fcampelo/ExpDE/subscription"],
    "commits_url": ["https://api.github.com/repos/fcampelo/ExpDE/commits{/sha}"],
    "git_commits_url": ["https://api.github.com/repos/fcampelo/ExpDE/git/commits{/sha}"],
    "comments_url": ["https://api.github.com/repos/fcampelo/ExpDE/comments{/number}"],
    "issue_comment_url": ["https://api.github.com/repos/fcampelo/ExpDE/issues/comments{/number}"],
    "contents_url": ["https://api.github.com/repos/fcampelo/ExpDE/contents/{+path}"],
    "compare_url": ["https://api.github.com/repos/fcampelo/ExpDE/compare/{base}...{head}"],
    "merges_url": ["https://api.github.com/repos/fcampelo/ExpDE/merges"],
    "archive_url": ["https://api.github.com/repos/fcampelo/ExpDE/{archive_format}{/ref}"],
    "downloads_url": ["https://api.github.com/repos/fcampelo/ExpDE/downloads"],
    "issues_url": ["https://api.github.com/repos/fcampelo/ExpDE/issues{/number}"],
    "pulls_url": ["https://api.github.com/repos/fcampelo/ExpDE/pulls{/number}"],
    "milestones_url": ["https://api.github.com/repos/fcampelo/ExpDE/milestones{/number}"],
    "notifications_url": ["https://api.github.com/repos/fcampelo/ExpDE/notifications{?since,all,participating}"],
    "labels_url": ["https://api.github.com/repos/fcampelo/ExpDE/labels{/name}"],
    "releases_url": ["https://api.github.com/repos/fcampelo/ExpDE/releases{/id}"],
    "deployments_url": ["https://api.github.com/repos/fcampelo/ExpDE/deployments"],
    "created_at": ["2015-07-20T13:17:09Z"],
    "updated_at": ["2018-11-19T12:49:19Z"],
    "pushed_at": ["2019-02-09T22:55:47Z"],
    "git_url": ["git://github.com/fcampelo/ExpDE.git"],
    "ssh_url": ["git@github.com:fcampelo/ExpDE.git"],
    "clone_url": ["https://github.com/fcampelo/ExpDE.git"],
    "svn_url": ["https://github.com/fcampelo/ExpDE"],
    "homepage": [""],
    "size": [398],
    "stargazers_count": [1],
    "watchers_count": [1],
    "language": ["R"],
    "has_issues": [true],
    "has_projects": [true],
    "has_downloads": [true],
    "has_wiki": [true],
    "has_pages": [false],
    "forks_count": [4],
    "mirror_url": {},
    "archived": [false],
    "disabled": [false],
    "open_issues_count": [1],
    "license": {},
    "forks": [4],
    "open_issues": [1],
    "watchers": [1],
    "default_branch": ["master"],
    "permissions": {
      "admin": [false],
      "push": [false],
      "pull": [true]
    }
  }
]
