[
  {
    "id": [138001251],
    "node_id": ["MDEwOlJlcG9zaXRvcnkxMzgwMDEyNTE="],
    "name": ["upmsp-scheduling"],
    "full_name": ["fcampelo/upmsp-scheduling"],
    "private": [false],
    "owner": {
      "login": ["fcampelo"],
      "id": [9551592],
      "node_id": ["MDQ6VXNlcjk1NTE1OTI="],
      "avatar_url": ["https://avatars0.githubusercontent.com/u/9551592?v=4"],
      "gravatar_id": [""],
      "url": ["https://api.github.com/users/fcampelo"],
      "html_url": ["https://github.com/fcampelo"],
      "followers_url": ["https://api.github.com/users/fcampelo/followers"],
      "following_url": ["https://api.github.com/users/fcampelo/following{/other_user}"],
      "gists_url": ["https://api.github.com/users/fcampelo/gists{/gist_id}"],
      "starred_url": ["https://api.github.com/users/fcampelo/starred{/owner}{/repo}"],
      "subscriptions_url": ["https://api.github.com/users/fcampelo/subscriptions"],
      "organizations_url": ["https://api.github.com/users/fcampelo/orgs"],
      "repos_url": ["https://api.github.com/users/fcampelo/repos"],
      "events_url": ["https://api.github.com/users/fcampelo/events{/privacy}"],
      "received_events_url": ["https://api.github.com/users/fcampelo/received_events"],
      "type": ["User"],
      "site_admin": [false]
    },
    "html_url": ["https://github.com/fcampelo/upmsp-scheduling"],
    "description": ["Unrelated Parallel Machine Scheduling Problem with Sequence Dependent Setup Times"],
    "fork": [false],
    "url": ["https://api.github.com/repos/fcampelo/upmsp-scheduling"],
    "forks_url": ["https://api.github.com/repos/fcampelo/upmsp-scheduling/forks"],
    "keys_url": ["https://api.github.com/repos/fcampelo/upmsp-scheduling/keys{/key_id}"],
    "collaborators_url": ["https://api.github.com/repos/fcampelo/upmsp-scheduling/collaborators{/collaborator}"],
    "teams_url": ["https://api.github.com/repos/fcampelo/upmsp-scheduling/teams"],
    "hooks_url": ["https://api.github.com/repos/fcampelo/upmsp-scheduling/hooks"],
    "issue_events_url": ["https://api.github.com/repos/fcampelo/upmsp-scheduling/issues/events{/number}"],
    "events_url": ["https://api.github.com/repos/fcampelo/upmsp-scheduling/events"],
    "assignees_url": ["https://api.github.com/repos/fcampelo/upmsp-scheduling/assignees{/user}"],
    "branches_url": ["https://api.github.com/repos/fcampelo/upmsp-scheduling/branches{/branch}"],
    "tags_url": ["https://api.github.com/repos/fcampelo/upmsp-scheduling/tags"],
    "blobs_url": ["https://api.github.com/repos/fcampelo/upmsp-scheduling/git/blobs{/sha}"],
    "git_tags_url": ["https://api.github.com/repos/fcampelo/upmsp-scheduling/git/tags{/sha}"],
    "git_refs_url": ["https://api.github.com/repos/fcampelo/upmsp-scheduling/git/refs{/sha}"],
    "trees_url": ["https://api.github.com/repos/fcampelo/upmsp-scheduling/git/trees{/sha}"],
    "statuses_url": ["https://api.github.com/repos/fcampelo/upmsp-scheduling/statuses/{sha}"],
    "languages_url": ["https://api.github.com/repos/fcampelo/upmsp-scheduling/languages"],
    "stargazers_url": ["https://api.github.com/repos/fcampelo/upmsp-scheduling/stargazers"],
    "contributors_url": ["https://api.github.com/repos/fcampelo/upmsp-scheduling/contributors"],
    "subscribers_url": ["https://api.github.com/repos/fcampelo/upmsp-scheduling/subscribers"],
    "subscription_url": ["https://api.github.com/repos/fcampelo/upmsp-scheduling/subscription"],
    "commits_url": ["https://api.github.com/repos/fcampelo/upmsp-scheduling/commits{/sha}"],
    "git_commits_url": ["https://api.github.com/repos/fcampelo/upmsp-scheduling/git/commits{/sha}"],
    "comments_url": ["https://api.github.com/repos/fcampelo/upmsp-scheduling/comments{/number}"],
    "issue_comment_url": ["https://api.github.com/repos/fcampelo/upmsp-scheduling/issues/comments{/number}"],
    "contents_url": ["https://api.github.com/repos/fcampelo/upmsp-scheduling/contents/{+path}"],
    "compare_url": ["https://api.github.com/repos/fcampelo/upmsp-scheduling/compare/{base}...{head}"],
    "merges_url": ["https://api.github.com/repos/fcampelo/upmsp-scheduling/merges"],
    "archive_url": ["https://api.github.com/repos/fcampelo/upmsp-scheduling/{archive_format}{/ref}"],
    "downloads_url": ["https://api.github.com/repos/fcampelo/upmsp-scheduling/downloads"],
    "issues_url": ["https://api.github.com/repos/fcampelo/upmsp-scheduling/issues{/number}"],
    "pulls_url": ["https://api.github.com/repos/fcampelo/upmsp-scheduling/pulls{/number}"],
    "milestones_url": ["https://api.github.com/repos/fcampelo/upmsp-scheduling/milestones{/number}"],
    "notifications_url": ["https://api.github.com/repos/fcampelo/upmsp-scheduling/notifications{?since,all,participating}"],
    "labels_url": ["https://api.github.com/repos/fcampelo/upmsp-scheduling/labels{/name}"],
    "releases_url": ["https://api.github.com/repos/fcampelo/upmsp-scheduling/releases{/id}"],
    "deployments_url": ["https://api.github.com/repos/fcampelo/upmsp-scheduling/deployments"],
    "created_at": ["2018-06-20T08:15:14Z"],
    "updated_at": ["2019-03-22T04:48:27Z"],
    "pushed_at": ["2018-06-20T08:17:58Z"],
    "git_url": ["git://github.com/fcampelo/upmsp-scheduling.git"],
    "ssh_url": ["git@github.com:fcampelo/upmsp-scheduling.git"],
    "clone_url": ["https://github.com/fcampelo/upmsp-scheduling.git"],
    "svn_url": ["https://github.com/fcampelo/upmsp-scheduling"],
    "homepage": {},
    "size": [105],
    "stargazers_count": [0],
    "watchers_count": [0],
    "language": ["Java"],
    "has_issues": [false],
    "has_projects": [true],
    "has_downloads": [true],
    "has_wiki": [true],
    "has_pages": [false],
    "forks_count": [0],
    "mirror_url": {},
    "archived": [false],
    "disabled": [false],
    "open_issues_count": [0],
    "license": {
      "key": ["mit"],
      "name": ["MIT License"],
      "spdx_id": ["MIT"],
      "url": ["https://api.github.com/licenses/mit"],
      "node_id": ["MDc6TGljZW5zZTEz"]
    },
    "forks": [0],
    "open_issues": [0],
    "watchers": [0],
    "default_branch": ["master"],
    "permissions": {
      "admin": [false],
      "push": [false],
      "pull": [true]
    }
  }
]
