[
  {
    "id": [28038217],
    "node_id": ["MDEwOlJlcG9zaXRvcnkyODAzODIxNw=="],
    "name": ["ExData_Plotting2"],
    "full_name": ["fcampelo/ExData_Plotting2"],
    "private": [false],
    "owner": {
      "login": ["fcampelo"],
      "id": [9551592],
      "node_id": ["MDQ6VXNlcjk1NTE1OTI="],
      "avatar_url": ["https://avatars0.githubusercontent.com/u/9551592?v=4"],
      "gravatar_id": [""],
      "url": ["https://api.github.com/users/fcampelo"],
      "html_url": ["https://github.com/fcampelo"],
      "followers_url": ["https://api.github.com/users/fcampelo/followers"],
      "following_url": ["https://api.github.com/users/fcampelo/following{/other_user}"],
      "gists_url": ["https://api.github.com/users/fcampelo/gists{/gist_id}"],
      "starred_url": ["https://api.github.com/users/fcampelo/starred{/owner}{/repo}"],
      "subscriptions_url": ["https://api.github.com/users/fcampelo/subscriptions"],
      "organizations_url": ["https://api.github.com/users/fcampelo/orgs"],
      "repos_url": ["https://api.github.com/users/fcampelo/repos"],
      "events_url": ["https://api.github.com/users/fcampelo/events{/privacy}"],
      "received_events_url": ["https://api.github.com/users/fcampelo/received_events"],
      "type": ["User"],
      "site_admin": [false]
    },
    "html_url": ["https://github.com/fcampelo/ExData_Plotting2"],
    "description": ["Peer Assessment 2 for the Exploratory Data Analysis course on Coursera"],
    "fork": [false],
    "url": ["https://api.github.com/repos/fcampelo/ExData_Plotting2"],
    "forks_url": ["https://api.github.com/repos/fcampelo/ExData_Plotting2/forks"],
    "keys_url": ["https://api.github.com/repos/fcampelo/ExData_Plotting2/keys{/key_id}"],
    "collaborators_url": ["https://api.github.com/repos/fcampelo/ExData_Plotting2/collaborators{/collaborator}"],
    "teams_url": ["https://api.github.com/repos/fcampelo/ExData_Plotting2/teams"],
    "hooks_url": ["https://api.github.com/repos/fcampelo/ExData_Plotting2/hooks"],
    "issue_events_url": ["https://api.github.com/repos/fcampelo/ExData_Plotting2/issues/events{/number}"],
    "events_url": ["https://api.github.com/repos/fcampelo/ExData_Plotting2/events"],
    "assignees_url": ["https://api.github.com/repos/fcampelo/ExData_Plotting2/assignees{/user}"],
    "branches_url": ["https://api.github.com/repos/fcampelo/ExData_Plotting2/branches{/branch}"],
    "tags_url": ["https://api.github.com/repos/fcampelo/ExData_Plotting2/tags"],
    "blobs_url": ["https://api.github.com/repos/fcampelo/ExData_Plotting2/git/blobs{/sha}"],
    "git_tags_url": ["https://api.github.com/repos/fcampelo/ExData_Plotting2/git/tags{/sha}"],
    "git_refs_url": ["https://api.github.com/repos/fcampelo/ExData_Plotting2/git/refs{/sha}"],
    "trees_url": ["https://api.github.com/repos/fcampelo/ExData_Plotting2/git/trees{/sha}"],
    "statuses_url": ["https://api.github.com/repos/fcampelo/ExData_Plotting2/statuses/{sha}"],
    "languages_url": ["https://api.github.com/repos/fcampelo/ExData_Plotting2/languages"],
    "stargazers_url": ["https://api.github.com/repos/fcampelo/ExData_Plotting2/stargazers"],
    "contributors_url": ["https://api.github.com/repos/fcampelo/ExData_Plotting2/contributors"],
    "subscribers_url": ["https://api.github.com/repos/fcampelo/ExData_Plotting2/subscribers"],
    "subscription_url": ["https://api.github.com/repos/fcampelo/ExData_Plotting2/subscription"],
    "commits_url": ["https://api.github.com/repos/fcampelo/ExData_Plotting2/commits{/sha}"],
    "git_commits_url": ["https://api.github.com/repos/fcampelo/ExData_Plotting2/git/commits{/sha}"],
    "comments_url": ["https://api.github.com/repos/fcampelo/ExData_Plotting2/comments{/number}"],
    "issue_comment_url": ["https://api.github.com/repos/fcampelo/ExData_Plotting2/issues/comments{/number}"],
    "contents_url": ["https://api.github.com/repos/fcampelo/ExData_Plotting2/contents/{+path}"],
    "compare_url": ["https://api.github.com/repos/fcampelo/ExData_Plotting2/compare/{base}...{head}"],
    "merges_url": ["https://api.github.com/repos/fcampelo/ExData_Plotting2/merges"],
    "archive_url": ["https://api.github.com/repos/fcampelo/ExData_Plotting2/{archive_format}{/ref}"],
    "downloads_url": ["https://api.github.com/repos/fcampelo/ExData_Plotting2/downloads"],
    "issues_url": ["https://api.github.com/repos/fcampelo/ExData_Plotting2/issues{/number}"],
    "pulls_url": ["https://api.github.com/repos/fcampelo/ExData_Plotting2/pulls{/number}"],
    "milestones_url": ["https://api.github.com/repos/fcampelo/ExData_Plotting2/milestones{/number}"],
    "notifications_url": ["https://api.github.com/repos/fcampelo/ExData_Plotting2/notifications{?since,all,participating}"],
    "labels_url": ["https://api.github.com/repos/fcampelo/ExData_Plotting2/labels{/name}"],
    "releases_url": ["https://api.github.com/repos/fcampelo/ExData_Plotting2/releases{/id}"],
    "deployments_url": ["https://api.github.com/repos/fcampelo/ExData_Plotting2/deployments"],
    "created_at": ["2014-12-15T13:37:31Z"],
    "updated_at": ["2014-12-17T12:27:43Z"],
    "pushed_at": ["2014-12-17T12:27:43Z"],
    "git_url": ["git://github.com/fcampelo/ExData_Plotting2.git"],
    "ssh_url": ["git@github.com:fcampelo/ExData_Plotting2.git"],
    "clone_url": ["https://github.com/fcampelo/ExData_Plotting2.git"],
    "svn_url": ["https://github.com/fcampelo/ExData_Plotting2"],
    "homepage": {},
    "size": [32616],
    "stargazers_count": [0],
    "watchers_count": [0],
    "language": ["R"],
    "has_issues": [true],
    "has_projects": [true],
    "has_downloads": [true],
    "has_wiki": [true],
    "has_pages": [false],
    "forks_count": [0],
    "mirror_url": {},
    "archived": [false],
    "disabled": [false],
    "open_issues_count": [0],
    "license": {},
    "forks": [0],
    "open_issues": [0],
    "watchers": [0],
    "default_branch": ["master"],
    "permissions": {
      "admin": [false],
      "push": [false],
      "pull": [true]
    }
  }
]
