[
  {
    "id": [75201982],
    "node_id": ["MDEwOlJlcG9zaXRvcnk3NTIwMTk4Mg=="],
    "name": ["EMO2011-Cone-epsilon"],
    "full_name": ["fcampelo/EMO2011-Cone-epsilon"],
    "private": [false],
    "owner": {
      "login": ["fcampelo"],
      "id": [9551592],
      "node_id": ["MDQ6VXNlcjk1NTE1OTI="],
      "avatar_url": ["https://avatars0.githubusercontent.com/u/9551592?v=4"],
      "gravatar_id": [""],
      "url": ["https://api.github.com/users/fcampelo"],
      "html_url": ["https://github.com/fcampelo"],
      "followers_url": ["https://api.github.com/users/fcampelo/followers"],
      "following_url": ["https://api.github.com/users/fcampelo/following{/other_user}"],
      "gists_url": ["https://api.github.com/users/fcampelo/gists{/gist_id}"],
      "starred_url": ["https://api.github.com/users/fcampelo/starred{/owner}{/repo}"],
      "subscriptions_url": ["https://api.github.com/users/fcampelo/subscriptions"],
      "organizations_url": ["https://api.github.com/users/fcampelo/orgs"],
      "repos_url": ["https://api.github.com/users/fcampelo/repos"],
      "events_url": ["https://api.github.com/users/fcampelo/events{/privacy}"],
      "received_events_url": ["https://api.github.com/users/fcampelo/received_events"],
      "type": ["User"],
      "site_admin": [false]
    },
    "html_url": ["https://github.com/fcampelo/EMO2011-Cone-epsilon"],
    "description": ["Matlab codes and support files for our EMO2011 paper"],
    "fork": [false],
    "url": ["https://api.github.com/repos/fcampelo/EMO2011-Cone-epsilon"],
    "forks_url": ["https://api.github.com/repos/fcampelo/EMO2011-Cone-epsilon/forks"],
    "keys_url": ["https://api.github.com/repos/fcampelo/EMO2011-Cone-epsilon/keys{/key_id}"],
    "collaborators_url": ["https://api.github.com/repos/fcampelo/EMO2011-Cone-epsilon/collaborators{/collaborator}"],
    "teams_url": ["https://api.github.com/repos/fcampelo/EMO2011-Cone-epsilon/teams"],
    "hooks_url": ["https://api.github.com/repos/fcampelo/EMO2011-Cone-epsilon/hooks"],
    "issue_events_url": ["https://api.github.com/repos/fcampelo/EMO2011-Cone-epsilon/issues/events{/number}"],
    "events_url": ["https://api.github.com/repos/fcampelo/EMO2011-Cone-epsilon/events"],
    "assignees_url": ["https://api.github.com/repos/fcampelo/EMO2011-Cone-epsilon/assignees{/user}"],
    "branches_url": ["https://api.github.com/repos/fcampelo/EMO2011-Cone-epsilon/branches{/branch}"],
    "tags_url": ["https://api.github.com/repos/fcampelo/EMO2011-Cone-epsilon/tags"],
    "blobs_url": ["https://api.github.com/repos/fcampelo/EMO2011-Cone-epsilon/git/blobs{/sha}"],
    "git_tags_url": ["https://api.github.com/repos/fcampelo/EMO2011-Cone-epsilon/git/tags{/sha}"],
    "git_refs_url": ["https://api.github.com/repos/fcampelo/EMO2011-Cone-epsilon/git/refs{/sha}"],
    "trees_url": ["https://api.github.com/repos/fcampelo/EMO2011-Cone-epsilon/git/trees{/sha}"],
    "statuses_url": ["https://api.github.com/repos/fcampelo/EMO2011-Cone-epsilon/statuses/{sha}"],
    "languages_url": ["https://api.github.com/repos/fcampelo/EMO2011-Cone-epsilon/languages"],
    "stargazers_url": ["https://api.github.com/repos/fcampelo/EMO2011-Cone-epsilon/stargazers"],
    "contributors_url": ["https://api.github.com/repos/fcampelo/EMO2011-Cone-epsilon/contributors"],
    "subscribers_url": ["https://api.github.com/repos/fcampelo/EMO2011-Cone-epsilon/subscribers"],
    "subscription_url": ["https://api.github.com/repos/fcampelo/EMO2011-Cone-epsilon/subscription"],
    "commits_url": ["https://api.github.com/repos/fcampelo/EMO2011-Cone-epsilon/commits{/sha}"],
    "git_commits_url": ["https://api.github.com/repos/fcampelo/EMO2011-Cone-epsilon/git/commits{/sha}"],
    "comments_url": ["https://api.github.com/repos/fcampelo/EMO2011-Cone-epsilon/comments{/number}"],
    "issue_comment_url": ["https://api.github.com/repos/fcampelo/EMO2011-Cone-epsilon/issues/comments{/number}"],
    "contents_url": ["https://api.github.com/repos/fcampelo/EMO2011-Cone-epsilon/contents/{+path}"],
    "compare_url": ["https://api.github.com/repos/fcampelo/EMO2011-Cone-epsilon/compare/{base}...{head}"],
    "merges_url": ["https://api.github.com/repos/fcampelo/EMO2011-Cone-epsilon/merges"],
    "archive_url": ["https://api.github.com/repos/fcampelo/EMO2011-Cone-epsilon/{archive_format}{/ref}"],
    "downloads_url": ["https://api.github.com/repos/fcampelo/EMO2011-Cone-epsilon/downloads"],
    "issues_url": ["https://api.github.com/repos/fcampelo/EMO2011-Cone-epsilon/issues{/number}"],
    "pulls_url": ["https://api.github.com/repos/fcampelo/EMO2011-Cone-epsilon/pulls{/number}"],
    "milestones_url": ["https://api.github.com/repos/fcampelo/EMO2011-Cone-epsilon/milestones{/number}"],
    "notifications_url": ["https://api.github.com/repos/fcampelo/EMO2011-Cone-epsilon/notifications{?since,all,participating}"],
    "labels_url": ["https://api.github.com/repos/fcampelo/EMO2011-Cone-epsilon/labels{/name}"],
    "releases_url": ["https://api.github.com/repos/fcampelo/EMO2011-Cone-epsilon/releases{/id}"],
    "deployments_url": ["https://api.github.com/repos/fcampelo/EMO2011-Cone-epsilon/deployments"],
    "created_at": ["2016-11-30T15:50:00Z"],
    "updated_at": ["2016-11-30T15:50:09Z"],
    "pushed_at": ["2016-11-30T15:50:08Z"],
    "git_url": ["git://github.com/fcampelo/EMO2011-Cone-epsilon.git"],
    "ssh_url": ["git@github.com:fcampelo/EMO2011-Cone-epsilon.git"],
    "clone_url": ["https://github.com/fcampelo/EMO2011-Cone-epsilon.git"],
    "svn_url": ["https://github.com/fcampelo/EMO2011-Cone-epsilon"],
    "homepage": {},
    "size": [294],
    "stargazers_count": [0],
    "watchers_count": [0],
    "language": ["Matlab"],
    "has_issues": [true],
    "has_projects": [true],
    "has_downloads": [true],
    "has_wiki": [true],
    "has_pages": [false],
    "forks_count": [0],
    "mirror_url": {},
    "archived": [false],
    "disabled": [false],
    "open_issues_count": [0],
    "license": {},
    "forks": [0],
    "open_issues": [0],
    "watchers": [0],
    "default_branch": ["master"],
    "permissions": {
      "admin": [false],
      "push": [false],
      "pull": [true]
    }
  }
]
