[
  {
    "id": [83557380],
    "node_id": ["MDEwOlJlcG9zaXRvcnk4MzU1NzM4MA=="],
    "name": ["Weight-Chart"],
    "full_name": ["fcampelo/Weight-Chart"],
    "private": [false],
    "owner": {
      "login": ["fcampelo"],
      "id": [9551592],
      "node_id": ["MDQ6VXNlcjk1NTE1OTI="],
      "avatar_url": ["https://avatars0.githubusercontent.com/u/9551592?v=4"],
      "gravatar_id": [""],
      "url": ["https://api.github.com/users/fcampelo"],
      "html_url": ["https://github.com/fcampelo"],
      "followers_url": ["https://api.github.com/users/fcampelo/followers"],
      "following_url": ["https://api.github.com/users/fcampelo/following{/other_user}"],
      "gists_url": ["https://api.github.com/users/fcampelo/gists{/gist_id}"],
      "starred_url": ["https://api.github.com/users/fcampelo/starred{/owner}{/repo}"],
      "subscriptions_url": ["https://api.github.com/users/fcampelo/subscriptions"],
      "organizations_url": ["https://api.github.com/users/fcampelo/orgs"],
      "repos_url": ["https://api.github.com/users/fcampelo/repos"],
      "events_url": ["https://api.github.com/users/fcampelo/events{/privacy}"],
      "received_events_url": ["https://api.github.com/users/fcampelo/received_events"],
      "type": ["User"],
      "site_admin": [false]
    },
    "html_url": ["https://github.com/fcampelo/Weight-Chart"],
    "description": ["My weight in 2017"],
    "fork": [false],
    "url": ["https://api.github.com/repos/fcampelo/Weight-Chart"],
    "forks_url": ["https://api.github.com/repos/fcampelo/Weight-Chart/forks"],
    "keys_url": ["https://api.github.com/repos/fcampelo/Weight-Chart/keys{/key_id}"],
    "collaborators_url": ["https://api.github.com/repos/fcampelo/Weight-Chart/collaborators{/collaborator}"],
    "teams_url": ["https://api.github.com/repos/fcampelo/Weight-Chart/teams"],
    "hooks_url": ["https://api.github.com/repos/fcampelo/Weight-Chart/hooks"],
    "issue_events_url": ["https://api.github.com/repos/fcampelo/Weight-Chart/issues/events{/number}"],
    "events_url": ["https://api.github.com/repos/fcampelo/Weight-Chart/events"],
    "assignees_url": ["https://api.github.com/repos/fcampelo/Weight-Chart/assignees{/user}"],
    "branches_url": ["https://api.github.com/repos/fcampelo/Weight-Chart/branches{/branch}"],
    "tags_url": ["https://api.github.com/repos/fcampelo/Weight-Chart/tags"],
    "blobs_url": ["https://api.github.com/repos/fcampelo/Weight-Chart/git/blobs{/sha}"],
    "git_tags_url": ["https://api.github.com/repos/fcampelo/Weight-Chart/git/tags{/sha}"],
    "git_refs_url": ["https://api.github.com/repos/fcampelo/Weight-Chart/git/refs{/sha}"],
    "trees_url": ["https://api.github.com/repos/fcampelo/Weight-Chart/git/trees{/sha}"],
    "statuses_url": ["https://api.github.com/repos/fcampelo/Weight-Chart/statuses/{sha}"],
    "languages_url": ["https://api.github.com/repos/fcampelo/Weight-Chart/languages"],
    "stargazers_url": ["https://api.github.com/repos/fcampelo/Weight-Chart/stargazers"],
    "contributors_url": ["https://api.github.com/repos/fcampelo/Weight-Chart/contributors"],
    "subscribers_url": ["https://api.github.com/repos/fcampelo/Weight-Chart/subscribers"],
    "subscription_url": ["https://api.github.com/repos/fcampelo/Weight-Chart/subscription"],
    "commits_url": ["https://api.github.com/repos/fcampelo/Weight-Chart/commits{/sha}"],
    "git_commits_url": ["https://api.github.com/repos/fcampelo/Weight-Chart/git/commits{/sha}"],
    "comments_url": ["https://api.github.com/repos/fcampelo/Weight-Chart/comments{/number}"],
    "issue_comment_url": ["https://api.github.com/repos/fcampelo/Weight-Chart/issues/comments{/number}"],
    "contents_url": ["https://api.github.com/repos/fcampelo/Weight-Chart/contents/{+path}"],
    "compare_url": ["https://api.github.com/repos/fcampelo/Weight-Chart/compare/{base}...{head}"],
    "merges_url": ["https://api.github.com/repos/fcampelo/Weight-Chart/merges"],
    "archive_url": ["https://api.github.com/repos/fcampelo/Weight-Chart/{archive_format}{/ref}"],
    "downloads_url": ["https://api.github.com/repos/fcampelo/Weight-Chart/downloads"],
    "issues_url": ["https://api.github.com/repos/fcampelo/Weight-Chart/issues{/number}"],
    "pulls_url": ["https://api.github.com/repos/fcampelo/Weight-Chart/pulls{/number}"],
    "milestones_url": ["https://api.github.com/repos/fcampelo/Weight-Chart/milestones{/number}"],
    "notifications_url": ["https://api.github.com/repos/fcampelo/Weight-Chart/notifications{?since,all,participating}"],
    "labels_url": ["https://api.github.com/repos/fcampelo/Weight-Chart/labels{/name}"],
    "releases_url": ["https://api.github.com/repos/fcampelo/Weight-Chart/releases{/id}"],
    "deployments_url": ["https://api.github.com/repos/fcampelo/Weight-Chart/deployments"],
    "created_at": ["2017-03-01T13:28:15Z"],
    "updated_at": ["2017-03-01T13:28:22Z"],
    "pushed_at": ["2017-03-01T13:28:21Z"],
    "git_url": ["git://github.com/fcampelo/Weight-Chart.git"],
    "ssh_url": ["git@github.com:fcampelo/Weight-Chart.git"],
    "clone_url": ["https://github.com/fcampelo/Weight-Chart.git"],
    "svn_url": ["https://github.com/fcampelo/Weight-Chart"],
    "homepage": {},
    "size": [1],
    "stargazers_count": [0],
    "watchers_count": [0],
    "language": ["R"],
    "has_issues": [true],
    "has_projects": [true],
    "has_downloads": [true],
    "has_wiki": [true],
    "has_pages": [false],
    "forks_count": [0],
    "mirror_url": {},
    "archived": [false],
    "disabled": [false],
    "open_issues_count": [0],
    "license": {},
    "forks": [0],
    "open_issues": [0],
    "watchers": [0],
    "default_branch": ["master"],
    "permissions": {
      "admin": [false],
      "push": [false],
      "pull": [true]
    }
  }
]
