[
  {
    "id": [138016996],
    "node_id": ["MDEwOlJlcG9zaXRvcnkxMzgwMTY5OTY="],
    "name": ["polishing-heuristics"],
    "full_name": ["fcampelo/polishing-heuristics"],
    "private": [false],
    "owner": {
      "login": ["fcampelo"],
      "id": [9551592],
      "node_id": ["MDQ6VXNlcjk1NTE1OTI="],
      "avatar_url": ["https://avatars0.githubusercontent.com/u/9551592?v=4"],
      "gravatar_id": [""],
      "url": ["https://api.github.com/users/fcampelo"],
      "html_url": ["https://github.com/fcampelo"],
      "followers_url": ["https://api.github.com/users/fcampelo/followers"],
      "following_url": ["https://api.github.com/users/fcampelo/following{/other_user}"],
      "gists_url": ["https://api.github.com/users/fcampelo/gists{/gist_id}"],
      "starred_url": ["https://api.github.com/users/fcampelo/starred{/owner}{/repo}"],
      "subscriptions_url": ["https://api.github.com/users/fcampelo/subscriptions"],
      "organizations_url": ["https://api.github.com/users/fcampelo/orgs"],
      "repos_url": ["https://api.github.com/users/fcampelo/repos"],
      "events_url": ["https://api.github.com/users/fcampelo/events{/privacy}"],
      "received_events_url": ["https://api.github.com/users/fcampelo/received_events"],
      "type": ["User"],
      "site_admin": [false]
    },
    "html_url": ["https://github.com/fcampelo/polishing-heuristics"],
    "description": ["A recombination-based matheuristic for mixed integer programming problems with binary variables"],
    "fork": [true],
    "url": ["https://api.github.com/repos/fcampelo/polishing-heuristics"],
    "forks_url": ["https://api.github.com/repos/fcampelo/polishing-heuristics/forks"],
    "keys_url": ["https://api.github.com/repos/fcampelo/polishing-heuristics/keys{/key_id}"],
    "collaborators_url": ["https://api.github.com/repos/fcampelo/polishing-heuristics/collaborators{/collaborator}"],
    "teams_url": ["https://api.github.com/repos/fcampelo/polishing-heuristics/teams"],
    "hooks_url": ["https://api.github.com/repos/fcampelo/polishing-heuristics/hooks"],
    "issue_events_url": ["https://api.github.com/repos/fcampelo/polishing-heuristics/issues/events{/number}"],
    "events_url": ["https://api.github.com/repos/fcampelo/polishing-heuristics/events"],
    "assignees_url": ["https://api.github.com/repos/fcampelo/polishing-heuristics/assignees{/user}"],
    "branches_url": ["https://api.github.com/repos/fcampelo/polishing-heuristics/branches{/branch}"],
    "tags_url": ["https://api.github.com/repos/fcampelo/polishing-heuristics/tags"],
    "blobs_url": ["https://api.github.com/repos/fcampelo/polishing-heuristics/git/blobs{/sha}"],
    "git_tags_url": ["https://api.github.com/repos/fcampelo/polishing-heuristics/git/tags{/sha}"],
    "git_refs_url": ["https://api.github.com/repos/fcampelo/polishing-heuristics/git/refs{/sha}"],
    "trees_url": ["https://api.github.com/repos/fcampelo/polishing-heuristics/git/trees{/sha}"],
    "statuses_url": ["https://api.github.com/repos/fcampelo/polishing-heuristics/statuses/{sha}"],
    "languages_url": ["https://api.github.com/repos/fcampelo/polishing-heuristics/languages"],
    "stargazers_url": ["https://api.github.com/repos/fcampelo/polishing-heuristics/stargazers"],
    "contributors_url": ["https://api.github.com/repos/fcampelo/polishing-heuristics/contributors"],
    "subscribers_url": ["https://api.github.com/repos/fcampelo/polishing-heuristics/subscribers"],
    "subscription_url": ["https://api.github.com/repos/fcampelo/polishing-heuristics/subscription"],
    "commits_url": ["https://api.github.com/repos/fcampelo/polishing-heuristics/commits{/sha}"],
    "git_commits_url": ["https://api.github.com/repos/fcampelo/polishing-heuristics/git/commits{/sha}"],
    "comments_url": ["https://api.github.com/repos/fcampelo/polishing-heuristics/comments{/number}"],
    "issue_comment_url": ["https://api.github.com/repos/fcampelo/polishing-heuristics/issues/comments{/number}"],
    "contents_url": ["https://api.github.com/repos/fcampelo/polishing-heuristics/contents/{+path}"],
    "compare_url": ["https://api.github.com/repos/fcampelo/polishing-heuristics/compare/{base}...{head}"],
    "merges_url": ["https://api.github.com/repos/fcampelo/polishing-heuristics/merges"],
    "archive_url": ["https://api.github.com/repos/fcampelo/polishing-heuristics/{archive_format}{/ref}"],
    "downloads_url": ["https://api.github.com/repos/fcampelo/polishing-heuristics/downloads"],
    "issues_url": ["https://api.github.com/repos/fcampelo/polishing-heuristics/issues{/number}"],
    "pulls_url": ["https://api.github.com/repos/fcampelo/polishing-heuristics/pulls{/number}"],
    "milestones_url": ["https://api.github.com/repos/fcampelo/polishing-heuristics/milestones{/number}"],
    "notifications_url": ["https://api.github.com/repos/fcampelo/polishing-heuristics/notifications{?since,all,participating}"],
    "labels_url": ["https://api.github.com/repos/fcampelo/polishing-heuristics/labels{/name}"],
    "releases_url": ["https://api.github.com/repos/fcampelo/polishing-heuristics/releases{/id}"],
    "deployments_url": ["https://api.github.com/repos/fcampelo/polishing-heuristics/deployments"],
    "created_at": ["2018-06-20T10:27:01Z"],
    "updated_at": ["2018-06-20T10:29:13Z"],
    "pushed_at": ["2018-06-20T10:29:11Z"],
    "git_url": ["git://github.com/fcampelo/polishing-heuristics.git"],
    "ssh_url": ["git@github.com:fcampelo/polishing-heuristics.git"],
    "clone_url": ["https://github.com/fcampelo/polishing-heuristics.git"],
    "svn_url": ["https://github.com/fcampelo/polishing-heuristics"],
    "homepage": {},
    "size": [71],
    "stargazers_count": [0],
    "watchers_count": [0],
    "language": ["C++"],
    "has_issues": [false],
    "has_projects": [true],
    "has_downloads": [true],
    "has_wiki": [true],
    "has_pages": [false],
    "forks_count": [0],
    "mirror_url": {},
    "archived": [false],
    "disabled": [false],
    "open_issues_count": [0],
    "license": {
      "key": ["mit"],
      "name": ["MIT License"],
      "spdx_id": ["MIT"],
      "url": ["https://api.github.com/licenses/mit"],
      "node_id": ["MDc6TGljZW5zZTEz"]
    },
    "forks": [0],
    "open_issues": [0],
    "watchers": [0],
    "default_branch": ["master"],
    "permissions": {
      "admin": [false],
      "push": [false],
      "pull": [true]
    }
  }
]
