[
  {
    "id": [114928299],
    "node_id": ["MDEwOlJlcG9zaXRvcnkxMTQ5MjgyOTk="],
    "name": ["MetaTuner"],
    "full_name": ["fcampelo/MetaTuner"],
    "private": [false],
    "owner": {
      "login": ["fcampelo"],
      "id": [9551592],
      "node_id": ["MDQ6VXNlcjk1NTE1OTI="],
      "avatar_url": ["https://avatars0.githubusercontent.com/u/9551592?v=4"],
      "gravatar_id": [""],
      "url": ["https://api.github.com/users/fcampelo"],
      "html_url": ["https://github.com/fcampelo"],
      "followers_url": ["https://api.github.com/users/fcampelo/followers"],
      "following_url": ["https://api.github.com/users/fcampelo/following{/other_user}"],
      "gists_url": ["https://api.github.com/users/fcampelo/gists{/gist_id}"],
      "starred_url": ["https://api.github.com/users/fcampelo/starred{/owner}{/repo}"],
      "subscriptions_url": ["https://api.github.com/users/fcampelo/subscriptions"],
      "organizations_url": ["https://api.github.com/users/fcampelo/orgs"],
      "repos_url": ["https://api.github.com/users/fcampelo/repos"],
      "events_url": ["https://api.github.com/users/fcampelo/events{/privacy}"],
      "received_events_url": ["https://api.github.com/users/fcampelo/received_events"],
      "type": ["User"],
      "site_admin": [false]
    },
    "html_url": ["https://github.com/fcampelo/MetaTuner"],
    "description": ["Metaheuristics Tuner"],
    "fork": [false],
    "url": ["https://api.github.com/repos/fcampelo/MetaTuner"],
    "forks_url": ["https://api.github.com/repos/fcampelo/MetaTuner/forks"],
    "keys_url": ["https://api.github.com/repos/fcampelo/MetaTuner/keys{/key_id}"],
    "collaborators_url": ["https://api.github.com/repos/fcampelo/MetaTuner/collaborators{/collaborator}"],
    "teams_url": ["https://api.github.com/repos/fcampelo/MetaTuner/teams"],
    "hooks_url": ["https://api.github.com/repos/fcampelo/MetaTuner/hooks"],
    "issue_events_url": ["https://api.github.com/repos/fcampelo/MetaTuner/issues/events{/number}"],
    "events_url": ["https://api.github.com/repos/fcampelo/MetaTuner/events"],
    "assignees_url": ["https://api.github.com/repos/fcampelo/MetaTuner/assignees{/user}"],
    "branches_url": ["https://api.github.com/repos/fcampelo/MetaTuner/branches{/branch}"],
    "tags_url": ["https://api.github.com/repos/fcampelo/MetaTuner/tags"],
    "blobs_url": ["https://api.github.com/repos/fcampelo/MetaTuner/git/blobs{/sha}"],
    "git_tags_url": ["https://api.github.com/repos/fcampelo/MetaTuner/git/tags{/sha}"],
    "git_refs_url": ["https://api.github.com/repos/fcampelo/MetaTuner/git/refs{/sha}"],
    "trees_url": ["https://api.github.com/repos/fcampelo/MetaTuner/git/trees{/sha}"],
    "statuses_url": ["https://api.github.com/repos/fcampelo/MetaTuner/statuses/{sha}"],
    "languages_url": ["https://api.github.com/repos/fcampelo/MetaTuner/languages"],
    "stargazers_url": ["https://api.github.com/repos/fcampelo/MetaTuner/stargazers"],
    "contributors_url": ["https://api.github.com/repos/fcampelo/MetaTuner/contributors"],
    "subscribers_url": ["https://api.github.com/repos/fcampelo/MetaTuner/subscribers"],
    "subscription_url": ["https://api.github.com/repos/fcampelo/MetaTuner/subscription"],
    "commits_url": ["https://api.github.com/repos/fcampelo/MetaTuner/commits{/sha}"],
    "git_commits_url": ["https://api.github.com/repos/fcampelo/MetaTuner/git/commits{/sha}"],
    "comments_url": ["https://api.github.com/repos/fcampelo/MetaTuner/comments{/number}"],
    "issue_comment_url": ["https://api.github.com/repos/fcampelo/MetaTuner/issues/comments{/number}"],
    "contents_url": ["https://api.github.com/repos/fcampelo/MetaTuner/contents/{+path}"],
    "compare_url": ["https://api.github.com/repos/fcampelo/MetaTuner/compare/{base}...{head}"],
    "merges_url": ["https://api.github.com/repos/fcampelo/MetaTuner/merges"],
    "archive_url": ["https://api.github.com/repos/fcampelo/MetaTuner/{archive_format}{/ref}"],
    "downloads_url": ["https://api.github.com/repos/fcampelo/MetaTuner/downloads"],
    "issues_url": ["https://api.github.com/repos/fcampelo/MetaTuner/issues{/number}"],
    "pulls_url": ["https://api.github.com/repos/fcampelo/MetaTuner/pulls{/number}"],
    "milestones_url": ["https://api.github.com/repos/fcampelo/MetaTuner/milestones{/number}"],
    "notifications_url": ["https://api.github.com/repos/fcampelo/MetaTuner/notifications{?since,all,participating}"],
    "labels_url": ["https://api.github.com/repos/fcampelo/MetaTuner/labels{/name}"],
    "releases_url": ["https://api.github.com/repos/fcampelo/MetaTuner/releases{/id}"],
    "deployments_url": ["https://api.github.com/repos/fcampelo/MetaTuner/deployments"],
    "created_at": ["2017-12-20T20:28:32Z"],
    "updated_at": ["2018-12-17T10:37:20Z"],
    "pushed_at": ["2018-12-17T10:37:19Z"],
    "git_url": ["git://github.com/fcampelo/MetaTuner.git"],
    "ssh_url": ["git@github.com:fcampelo/MetaTuner.git"],
    "clone_url": ["https://github.com/fcampelo/MetaTuner.git"],
    "svn_url": ["https://github.com/fcampelo/MetaTuner"],
    "homepage": {},
    "size": [359],
    "stargazers_count": [0],
    "watchers_count": [0],
    "language": ["R"],
    "has_issues": [true],
    "has_projects": [true],
    "has_downloads": [true],
    "has_wiki": [true],
    "has_pages": [false],
    "forks_count": [0],
    "mirror_url": {},
    "archived": [false],
    "disabled": [false],
    "open_issues_count": [0],
    "license": {},
    "forks": [0],
    "open_issues": [0],
    "watchers": [0],
    "default_branch": ["master"],
    "permissions": {
      "admin": [false],
      "push": [false],
      "pull": [true]
    }
  }
]
