[
  {
    "id": [148816883],
    "node_id": ["MDEwOlJlcG9zaXRvcnkxNDg4MTY4ODM="],
    "name": ["MetaAnaliseEleicoes"],
    "full_name": ["fcampelo/MetaAnaliseEleicoes"],
    "private": [false],
    "owner": {
      "login": ["fcampelo"],
      "id": [9551592],
      "node_id": ["MDQ6VXNlcjk1NTE1OTI="],
      "avatar_url": ["https://avatars0.githubusercontent.com/u/9551592?v=4"],
      "gravatar_id": [""],
      "url": ["https://api.github.com/users/fcampelo"],
      "html_url": ["https://github.com/fcampelo"],
      "followers_url": ["https://api.github.com/users/fcampelo/followers"],
      "following_url": ["https://api.github.com/users/fcampelo/following{/other_user}"],
      "gists_url": ["https://api.github.com/users/fcampelo/gists{/gist_id}"],
      "starred_url": ["https://api.github.com/users/fcampelo/starred{/owner}{/repo}"],
      "subscriptions_url": ["https://api.github.com/users/fcampelo/subscriptions"],
      "organizations_url": ["https://api.github.com/users/fcampelo/orgs"],
      "repos_url": ["https://api.github.com/users/fcampelo/repos"],
      "events_url": ["https://api.github.com/users/fcampelo/events{/privacy}"],
      "received_events_url": ["https://api.github.com/users/fcampelo/received_events"],
      "type": ["User"],
      "site_admin": [false]
    },
    "html_url": ["https://github.com/fcampelo/MetaAnaliseEleicoes"],
    "description": {},
    "fork": [true],
    "url": ["https://api.github.com/repos/fcampelo/MetaAnaliseEleicoes"],
    "forks_url": ["https://api.github.com/repos/fcampelo/MetaAnaliseEleicoes/forks"],
    "keys_url": ["https://api.github.com/repos/fcampelo/MetaAnaliseEleicoes/keys{/key_id}"],
    "collaborators_url": ["https://api.github.com/repos/fcampelo/MetaAnaliseEleicoes/collaborators{/collaborator}"],
    "teams_url": ["https://api.github.com/repos/fcampelo/MetaAnaliseEleicoes/teams"],
    "hooks_url": ["https://api.github.com/repos/fcampelo/MetaAnaliseEleicoes/hooks"],
    "issue_events_url": ["https://api.github.com/repos/fcampelo/MetaAnaliseEleicoes/issues/events{/number}"],
    "events_url": ["https://api.github.com/repos/fcampelo/MetaAnaliseEleicoes/events"],
    "assignees_url": ["https://api.github.com/repos/fcampelo/MetaAnaliseEleicoes/assignees{/user}"],
    "branches_url": ["https://api.github.com/repos/fcampelo/MetaAnaliseEleicoes/branches{/branch}"],
    "tags_url": ["https://api.github.com/repos/fcampelo/MetaAnaliseEleicoes/tags"],
    "blobs_url": ["https://api.github.com/repos/fcampelo/MetaAnaliseEleicoes/git/blobs{/sha}"],
    "git_tags_url": ["https://api.github.com/repos/fcampelo/MetaAnaliseEleicoes/git/tags{/sha}"],
    "git_refs_url": ["https://api.github.com/repos/fcampelo/MetaAnaliseEleicoes/git/refs{/sha}"],
    "trees_url": ["https://api.github.com/repos/fcampelo/MetaAnaliseEleicoes/git/trees{/sha}"],
    "statuses_url": ["https://api.github.com/repos/fcampelo/MetaAnaliseEleicoes/statuses/{sha}"],
    "languages_url": ["https://api.github.com/repos/fcampelo/MetaAnaliseEleicoes/languages"],
    "stargazers_url": ["https://api.github.com/repos/fcampelo/MetaAnaliseEleicoes/stargazers"],
    "contributors_url": ["https://api.github.com/repos/fcampelo/MetaAnaliseEleicoes/contributors"],
    "subscribers_url": ["https://api.github.com/repos/fcampelo/MetaAnaliseEleicoes/subscribers"],
    "subscription_url": ["https://api.github.com/repos/fcampelo/MetaAnaliseEleicoes/subscription"],
    "commits_url": ["https://api.github.com/repos/fcampelo/MetaAnaliseEleicoes/commits{/sha}"],
    "git_commits_url": ["https://api.github.com/repos/fcampelo/MetaAnaliseEleicoes/git/commits{/sha}"],
    "comments_url": ["https://api.github.com/repos/fcampelo/MetaAnaliseEleicoes/comments{/number}"],
    "issue_comment_url": ["https://api.github.com/repos/fcampelo/MetaAnaliseEleicoes/issues/comments{/number}"],
    "contents_url": ["https://api.github.com/repos/fcampelo/MetaAnaliseEleicoes/contents/{+path}"],
    "compare_url": ["https://api.github.com/repos/fcampelo/MetaAnaliseEleicoes/compare/{base}...{head}"],
    "merges_url": ["https://api.github.com/repos/fcampelo/MetaAnaliseEleicoes/merges"],
    "archive_url": ["https://api.github.com/repos/fcampelo/MetaAnaliseEleicoes/{archive_format}{/ref}"],
    "downloads_url": ["https://api.github.com/repos/fcampelo/MetaAnaliseEleicoes/downloads"],
    "issues_url": ["https://api.github.com/repos/fcampelo/MetaAnaliseEleicoes/issues{/number}"],
    "pulls_url": ["https://api.github.com/repos/fcampelo/MetaAnaliseEleicoes/pulls{/number}"],
    "milestones_url": ["https://api.github.com/repos/fcampelo/MetaAnaliseEleicoes/milestones{/number}"],
    "notifications_url": ["https://api.github.com/repos/fcampelo/MetaAnaliseEleicoes/notifications{?since,all,participating}"],
    "labels_url": ["https://api.github.com/repos/fcampelo/MetaAnaliseEleicoes/labels{/name}"],
    "releases_url": ["https://api.github.com/repos/fcampelo/MetaAnaliseEleicoes/releases{/id}"],
    "deployments_url": ["https://api.github.com/repos/fcampelo/MetaAnaliseEleicoes/deployments"],
    "created_at": ["2018-09-14T16:47:30Z"],
    "updated_at": ["2018-09-14T16:47:32Z"],
    "pushed_at": ["2018-09-13T17:51:54Z"],
    "git_url": ["git://github.com/fcampelo/MetaAnaliseEleicoes.git"],
    "ssh_url": ["git@github.com:fcampelo/MetaAnaliseEleicoes.git"],
    "clone_url": ["https://github.com/fcampelo/MetaAnaliseEleicoes.git"],
    "svn_url": ["https://github.com/fcampelo/MetaAnaliseEleicoes"],
    "homepage": {},
    "size": [36],
    "stargazers_count": [0],
    "watchers_count": [0],
    "language": ["Jupyter Notebook"],
    "has_issues": [false],
    "has_projects": [true],
    "has_downloads": [true],
    "has_wiki": [true],
    "has_pages": [false],
    "forks_count": [0],
    "mirror_url": {},
    "archived": [false],
    "disabled": [false],
    "open_issues_count": [0],
    "license": {
      "key": ["gpl-3.0"],
      "name": ["GNU General Public License v3.0"],
      "spdx_id": ["GPL-3.0"],
      "url": ["https://api.github.com/licenses/gpl-3.0"],
      "node_id": ["MDc6TGljZW5zZTk="]
    },
    "forks": [0],
    "open_issues": [0],
    "watchers": [0],
    "default_branch": ["master"],
    "permissions": {
      "admin": [false],
      "push": [false],
      "pull": [true]
    }
  }
]
