[
  {
    "id": [134757323],
    "node_id": ["MDEwOlJlcG9zaXRvcnkxMzQ3NTczMjM="],
    "name": ["NonlinearOpMethods"],
    "full_name": ["fcampelo/NonlinearOpMethods"],
    "private": [false],
    "owner": {
      "login": ["fcampelo"],
      "id": [9551592],
      "node_id": ["MDQ6VXNlcjk1NTE1OTI="],
      "avatar_url": ["https://avatars0.githubusercontent.com/u/9551592?v=4"],
      "gravatar_id": [""],
      "url": ["https://api.github.com/users/fcampelo"],
      "html_url": ["https://github.com/fcampelo"],
      "followers_url": ["https://api.github.com/users/fcampelo/followers"],
      "following_url": ["https://api.github.com/users/fcampelo/following{/other_user}"],
      "gists_url": ["https://api.github.com/users/fcampelo/gists{/gist_id}"],
      "starred_url": ["https://api.github.com/users/fcampelo/starred{/owner}{/repo}"],
      "subscriptions_url": ["https://api.github.com/users/fcampelo/subscriptions"],
      "organizations_url": ["https://api.github.com/users/fcampelo/orgs"],
      "repos_url": ["https://api.github.com/users/fcampelo/repos"],
      "events_url": ["https://api.github.com/users/fcampelo/events{/privacy}"],
      "received_events_url": ["https://api.github.com/users/fcampelo/received_events"],
      "type": ["User"],
      "site_admin": [false]
    },
    "html_url": ["https://github.com/fcampelo/NonlinearOpMethods"],
    "description": ["R package implementing nonlinear optimization methods."],
    "fork": [true],
    "url": ["https://api.github.com/repos/fcampelo/NonlinearOpMethods"],
    "forks_url": ["https://api.github.com/repos/fcampelo/NonlinearOpMethods/forks"],
    "keys_url": ["https://api.github.com/repos/fcampelo/NonlinearOpMethods/keys{/key_id}"],
    "collaborators_url": ["https://api.github.com/repos/fcampelo/NonlinearOpMethods/collaborators{/collaborator}"],
    "teams_url": ["https://api.github.com/repos/fcampelo/NonlinearOpMethods/teams"],
    "hooks_url": ["https://api.github.com/repos/fcampelo/NonlinearOpMethods/hooks"],
    "issue_events_url": ["https://api.github.com/repos/fcampelo/NonlinearOpMethods/issues/events{/number}"],
    "events_url": ["https://api.github.com/repos/fcampelo/NonlinearOpMethods/events"],
    "assignees_url": ["https://api.github.com/repos/fcampelo/NonlinearOpMethods/assignees{/user}"],
    "branches_url": ["https://api.github.com/repos/fcampelo/NonlinearOpMethods/branches{/branch}"],
    "tags_url": ["https://api.github.com/repos/fcampelo/NonlinearOpMethods/tags"],
    "blobs_url": ["https://api.github.com/repos/fcampelo/NonlinearOpMethods/git/blobs{/sha}"],
    "git_tags_url": ["https://api.github.com/repos/fcampelo/NonlinearOpMethods/git/tags{/sha}"],
    "git_refs_url": ["https://api.github.com/repos/fcampelo/NonlinearOpMethods/git/refs{/sha}"],
    "trees_url": ["https://api.github.com/repos/fcampelo/NonlinearOpMethods/git/trees{/sha}"],
    "statuses_url": ["https://api.github.com/repos/fcampelo/NonlinearOpMethods/statuses/{sha}"],
    "languages_url": ["https://api.github.com/repos/fcampelo/NonlinearOpMethods/languages"],
    "stargazers_url": ["https://api.github.com/repos/fcampelo/NonlinearOpMethods/stargazers"],
    "contributors_url": ["https://api.github.com/repos/fcampelo/NonlinearOpMethods/contributors"],
    "subscribers_url": ["https://api.github.com/repos/fcampelo/NonlinearOpMethods/subscribers"],
    "subscription_url": ["https://api.github.com/repos/fcampelo/NonlinearOpMethods/subscription"],
    "commits_url": ["https://api.github.com/repos/fcampelo/NonlinearOpMethods/commits{/sha}"],
    "git_commits_url": ["https://api.github.com/repos/fcampelo/NonlinearOpMethods/git/commits{/sha}"],
    "comments_url": ["https://api.github.com/repos/fcampelo/NonlinearOpMethods/comments{/number}"],
    "issue_comment_url": ["https://api.github.com/repos/fcampelo/NonlinearOpMethods/issues/comments{/number}"],
    "contents_url": ["https://api.github.com/repos/fcampelo/NonlinearOpMethods/contents/{+path}"],
    "compare_url": ["https://api.github.com/repos/fcampelo/NonlinearOpMethods/compare/{base}...{head}"],
    "merges_url": ["https://api.github.com/repos/fcampelo/NonlinearOpMethods/merges"],
    "archive_url": ["https://api.github.com/repos/fcampelo/NonlinearOpMethods/{archive_format}{/ref}"],
    "downloads_url": ["https://api.github.com/repos/fcampelo/NonlinearOpMethods/downloads"],
    "issues_url": ["https://api.github.com/repos/fcampelo/NonlinearOpMethods/issues{/number}"],
    "pulls_url": ["https://api.github.com/repos/fcampelo/NonlinearOpMethods/pulls{/number}"],
    "milestones_url": ["https://api.github.com/repos/fcampelo/NonlinearOpMethods/milestones{/number}"],
    "notifications_url": ["https://api.github.com/repos/fcampelo/NonlinearOpMethods/notifications{?since,all,participating}"],
    "labels_url": ["https://api.github.com/repos/fcampelo/NonlinearOpMethods/labels{/name}"],
    "releases_url": ["https://api.github.com/repos/fcampelo/NonlinearOpMethods/releases{/id}"],
    "deployments_url": ["https://api.github.com/repos/fcampelo/NonlinearOpMethods/deployments"],
    "created_at": ["2018-05-24T19:01:07Z"],
    "updated_at": ["2018-08-13T18:52:59Z"],
    "pushed_at": ["2018-08-13T18:52:58Z"],
    "git_url": ["git://github.com/fcampelo/NonlinearOpMethods.git"],
    "ssh_url": ["git@github.com:fcampelo/NonlinearOpMethods.git"],
    "clone_url": ["https://github.com/fcampelo/NonlinearOpMethods.git"],
    "svn_url": ["https://github.com/fcampelo/NonlinearOpMethods"],
    "homepage": [""],
    "size": [85],
    "stargazers_count": [0],
    "watchers_count": [0],
    "language": ["R"],
    "has_issues": [false],
    "has_projects": [true],
    "has_downloads": [true],
    "has_wiki": [true],
    "has_pages": [false],
    "forks_count": [0],
    "mirror_url": {},
    "archived": [false],
    "disabled": [false],
    "open_issues_count": [0],
    "license": {},
    "forks": [0],
    "open_issues": [0],
    "watchers": [0],
    "default_branch": ["master"],
    "permissions": {
      "admin": [false],
      "push": [false],
      "pull": [true]
    }
  }
]
