[
  {
    "id": [71393146],
    "node_id": ["MDEwOlJlcG9zaXRvcnk3MTM5MzE0Ng=="],
    "name": ["serenata-de-amor"],
    "full_name": ["fcampelo/serenata-de-amor"],
    "private": [false],
    "owner": {
      "login": ["fcampelo"],
      "id": [9551592],
      "node_id": ["MDQ6VXNlcjk1NTE1OTI="],
      "avatar_url": ["https://avatars0.githubusercontent.com/u/9551592?v=4"],
      "gravatar_id": [""],
      "url": ["https://api.github.com/users/fcampelo"],
      "html_url": ["https://github.com/fcampelo"],
      "followers_url": ["https://api.github.com/users/fcampelo/followers"],
      "following_url": ["https://api.github.com/users/fcampelo/following{/other_user}"],
      "gists_url": ["https://api.github.com/users/fcampelo/gists{/gist_id}"],
      "starred_url": ["https://api.github.com/users/fcampelo/starred{/owner}{/repo}"],
      "subscriptions_url": ["https://api.github.com/users/fcampelo/subscriptions"],
      "organizations_url": ["https://api.github.com/users/fcampelo/orgs"],
      "repos_url": ["https://api.github.com/users/fcampelo/repos"],
      "events_url": ["https://api.github.com/users/fcampelo/events{/privacy}"],
      "received_events_url": ["https://api.github.com/users/fcampelo/received_events"],
      "type": ["User"],
      "site_admin": [false]
    },
    "html_url": ["https://github.com/fcampelo/serenata-de-amor"],
    "description": ["🕵 Fighting corruption with data and SCIENCE!"],
    "fork": [true],
    "url": ["https://api.github.com/repos/fcampelo/serenata-de-amor"],
    "forks_url": ["https://api.github.com/repos/fcampelo/serenata-de-amor/forks"],
    "keys_url": ["https://api.github.com/repos/fcampelo/serenata-de-amor/keys{/key_id}"],
    "collaborators_url": ["https://api.github.com/repos/fcampelo/serenata-de-amor/collaborators{/collaborator}"],
    "teams_url": ["https://api.github.com/repos/fcampelo/serenata-de-amor/teams"],
    "hooks_url": ["https://api.github.com/repos/fcampelo/serenata-de-amor/hooks"],
    "issue_events_url": ["https://api.github.com/repos/fcampelo/serenata-de-amor/issues/events{/number}"],
    "events_url": ["https://api.github.com/repos/fcampelo/serenata-de-amor/events"],
    "assignees_url": ["https://api.github.com/repos/fcampelo/serenata-de-amor/assignees{/user}"],
    "branches_url": ["https://api.github.com/repos/fcampelo/serenata-de-amor/branches{/branch}"],
    "tags_url": ["https://api.github.com/repos/fcampelo/serenata-de-amor/tags"],
    "blobs_url": ["https://api.github.com/repos/fcampelo/serenata-de-amor/git/blobs{/sha}"],
    "git_tags_url": ["https://api.github.com/repos/fcampelo/serenata-de-amor/git/tags{/sha}"],
    "git_refs_url": ["https://api.github.com/repos/fcampelo/serenata-de-amor/git/refs{/sha}"],
    "trees_url": ["https://api.github.com/repos/fcampelo/serenata-de-amor/git/trees{/sha}"],
    "statuses_url": ["https://api.github.com/repos/fcampelo/serenata-de-amor/statuses/{sha}"],
    "languages_url": ["https://api.github.com/repos/fcampelo/serenata-de-amor/languages"],
    "stargazers_url": ["https://api.github.com/repos/fcampelo/serenata-de-amor/stargazers"],
    "contributors_url": ["https://api.github.com/repos/fcampelo/serenata-de-amor/contributors"],
    "subscribers_url": ["https://api.github.com/repos/fcampelo/serenata-de-amor/subscribers"],
    "subscription_url": ["https://api.github.com/repos/fcampelo/serenata-de-amor/subscription"],
    "commits_url": ["https://api.github.com/repos/fcampelo/serenata-de-amor/commits{/sha}"],
    "git_commits_url": ["https://api.github.com/repos/fcampelo/serenata-de-amor/git/commits{/sha}"],
    "comments_url": ["https://api.github.com/repos/fcampelo/serenata-de-amor/comments{/number}"],
    "issue_comment_url": ["https://api.github.com/repos/fcampelo/serenata-de-amor/issues/comments{/number}"],
    "contents_url": ["https://api.github.com/repos/fcampelo/serenata-de-amor/contents/{+path}"],
    "compare_url": ["https://api.github.com/repos/fcampelo/serenata-de-amor/compare/{base}...{head}"],
    "merges_url": ["https://api.github.com/repos/fcampelo/serenata-de-amor/merges"],
    "archive_url": ["https://api.github.com/repos/fcampelo/serenata-de-amor/{archive_format}{/ref}"],
    "downloads_url": ["https://api.github.com/repos/fcampelo/serenata-de-amor/downloads"],
    "issues_url": ["https://api.github.com/repos/fcampelo/serenata-de-amor/issues{/number}"],
    "pulls_url": ["https://api.github.com/repos/fcampelo/serenata-de-amor/pulls{/number}"],
    "milestones_url": ["https://api.github.com/repos/fcampelo/serenata-de-amor/milestones{/number}"],
    "notifications_url": ["https://api.github.com/repos/fcampelo/serenata-de-amor/notifications{?since,all,participating}"],
    "labels_url": ["https://api.github.com/repos/fcampelo/serenata-de-amor/labels{/name}"],
    "releases_url": ["https://api.github.com/repos/fcampelo/serenata-de-amor/releases{/id}"],
    "deployments_url": ["https://api.github.com/repos/fcampelo/serenata-de-amor/deployments"],
    "created_at": ["2016-10-19T19:42:35Z"],
    "updated_at": ["2016-10-19T19:42:36Z"],
    "pushed_at": ["2016-10-18T20:09:54Z"],
    "git_url": ["git://github.com/fcampelo/serenata-de-amor.git"],
    "ssh_url": ["git@github.com:fcampelo/serenata-de-amor.git"],
    "clone_url": ["https://github.com/fcampelo/serenata-de-amor.git"],
    "svn_url": ["https://github.com/fcampelo/serenata-de-amor"],
    "homepage": ["http://serenata.datasciencebr.com/"],
    "size": [950],
    "stargazers_count": [0],
    "watchers_count": [0],
    "language": ["HTML"],
    "has_issues": [false],
    "has_projects": [true],
    "has_downloads": [true],
    "has_wiki": [false],
    "has_pages": [false],
    "forks_count": [1],
    "mirror_url": {},
    "archived": [false],
    "disabled": [false],
    "open_issues_count": [0],
    "license": {
      "key": ["mit"],
      "name": ["MIT License"],
      "spdx_id": ["MIT"],
      "url": ["https://api.github.com/licenses/mit"],
      "node_id": ["MDc6TGljZW5zZTEz"]
    },
    "forks": [1],
    "open_issues": [0],
    "watchers": [0],
    "default_branch": ["master"],
    "permissions": {
      "admin": [false],
      "push": [false],
      "pull": [true]
    }
  }
]
