[
  {
    "id": [30385909],
    "node_id": ["MDEwOlJlcG9zaXRvcnkzMDM4NTkwOQ=="],
    "name": ["CLT"],
    "full_name": ["fcampelo/CLT"],
    "private": [false],
    "owner": {
      "login": ["fcampelo"],
      "id": [9551592],
      "node_id": ["MDQ6VXNlcjk1NTE1OTI="],
      "avatar_url": ["https://avatars0.githubusercontent.com/u/9551592?v=4"],
      "gravatar_id": [""],
      "url": ["https://api.github.com/users/fcampelo"],
      "html_url": ["https://github.com/fcampelo"],
      "followers_url": ["https://api.github.com/users/fcampelo/followers"],
      "following_url": ["https://api.github.com/users/fcampelo/following{/other_user}"],
      "gists_url": ["https://api.github.com/users/fcampelo/gists{/gist_id}"],
      "starred_url": ["https://api.github.com/users/fcampelo/starred{/owner}{/repo}"],
      "subscriptions_url": ["https://api.github.com/users/fcampelo/subscriptions"],
      "organizations_url": ["https://api.github.com/users/fcampelo/orgs"],
      "repos_url": ["https://api.github.com/users/fcampelo/repos"],
      "events_url": ["https://api.github.com/users/fcampelo/events{/privacy}"],
      "received_events_url": ["https://api.github.com/users/fcampelo/received_events"],
      "type": ["User"],
      "site_admin": [false]
    },
    "html_url": ["https://github.com/fcampelo/CLT"],
    "description": ["Shiny application to illustrate the central limit theorem"],
    "fork": [false],
    "url": ["https://api.github.com/repos/fcampelo/CLT"],
    "forks_url": ["https://api.github.com/repos/fcampelo/CLT/forks"],
    "keys_url": ["https://api.github.com/repos/fcampelo/CLT/keys{/key_id}"],
    "collaborators_url": ["https://api.github.com/repos/fcampelo/CLT/collaborators{/collaborator}"],
    "teams_url": ["https://api.github.com/repos/fcampelo/CLT/teams"],
    "hooks_url": ["https://api.github.com/repos/fcampelo/CLT/hooks"],
    "issue_events_url": ["https://api.github.com/repos/fcampelo/CLT/issues/events{/number}"],
    "events_url": ["https://api.github.com/repos/fcampelo/CLT/events"],
    "assignees_url": ["https://api.github.com/repos/fcampelo/CLT/assignees{/user}"],
    "branches_url": ["https://api.github.com/repos/fcampelo/CLT/branches{/branch}"],
    "tags_url": ["https://api.github.com/repos/fcampelo/CLT/tags"],
    "blobs_url": ["https://api.github.com/repos/fcampelo/CLT/git/blobs{/sha}"],
    "git_tags_url": ["https://api.github.com/repos/fcampelo/CLT/git/tags{/sha}"],
    "git_refs_url": ["https://api.github.com/repos/fcampelo/CLT/git/refs{/sha}"],
    "trees_url": ["https://api.github.com/repos/fcampelo/CLT/git/trees{/sha}"],
    "statuses_url": ["https://api.github.com/repos/fcampelo/CLT/statuses/{sha}"],
    "languages_url": ["https://api.github.com/repos/fcampelo/CLT/languages"],
    "stargazers_url": ["https://api.github.com/repos/fcampelo/CLT/stargazers"],
    "contributors_url": ["https://api.github.com/repos/fcampelo/CLT/contributors"],
    "subscribers_url": ["https://api.github.com/repos/fcampelo/CLT/subscribers"],
    "subscription_url": ["https://api.github.com/repos/fcampelo/CLT/subscription"],
    "commits_url": ["https://api.github.com/repos/fcampelo/CLT/commits{/sha}"],
    "git_commits_url": ["https://api.github.com/repos/fcampelo/CLT/git/commits{/sha}"],
    "comments_url": ["https://api.github.com/repos/fcampelo/CLT/comments{/number}"],
    "issue_comment_url": ["https://api.github.com/repos/fcampelo/CLT/issues/comments{/number}"],
    "contents_url": ["https://api.github.com/repos/fcampelo/CLT/contents/{+path}"],
    "compare_url": ["https://api.github.com/repos/fcampelo/CLT/compare/{base}...{head}"],
    "merges_url": ["https://api.github.com/repos/fcampelo/CLT/merges"],
    "archive_url": ["https://api.github.com/repos/fcampelo/CLT/{archive_format}{/ref}"],
    "downloads_url": ["https://api.github.com/repos/fcampelo/CLT/downloads"],
    "issues_url": ["https://api.github.com/repos/fcampelo/CLT/issues{/number}"],
    "pulls_url": ["https://api.github.com/repos/fcampelo/CLT/pulls{/number}"],
    "milestones_url": ["https://api.github.com/repos/fcampelo/CLT/milestones{/number}"],
    "notifications_url": ["https://api.github.com/repos/fcampelo/CLT/notifications{?since,all,participating}"],
    "labels_url": ["https://api.github.com/repos/fcampelo/CLT/labels{/name}"],
    "releases_url": ["https://api.github.com/repos/fcampelo/CLT/releases{/id}"],
    "deployments_url": ["https://api.github.com/repos/fcampelo/CLT/deployments"],
    "created_at": ["2015-02-06T00:16:52Z"],
    "updated_at": ["2018-02-09T16:35:27Z"],
    "pushed_at": ["2015-03-09T01:00:10Z"],
    "git_url": ["git://github.com/fcampelo/CLT.git"],
    "ssh_url": ["git@github.com:fcampelo/CLT.git"],
    "clone_url": ["https://github.com/fcampelo/CLT.git"],
    "svn_url": ["https://github.com/fcampelo/CLT"],
    "homepage": {},
    "size": [3328],
    "stargazers_count": [1],
    "watchers_count": [1],
    "language": ["JavaScript"],
    "has_issues": [true],
    "has_projects": [true],
    "has_downloads": [true],
    "has_wiki": [false],
    "has_pages": [true],
    "forks_count": [1],
    "mirror_url": {},
    "archived": [false],
    "disabled": [false],
    "open_issues_count": [0],
    "license": {},
    "forks": [1],
    "open_issues": [0],
    "watchers": [1],
    "default_branch": ["gh-pages"],
    "permissions": {
      "admin": [false],
      "push": [false],
      "pull": [true]
    }
  }
]
