[
  {
    "id": [127634274],
    "node_id": ["MDEwOlJlcG9zaXRvcnkxMjc2MzQyNzQ="],
    "name": ["awesome-public-datasets"],
    "full_name": ["fcampelo/awesome-public-datasets"],
    "private": [false],
    "owner": {
      "login": ["fcampelo"],
      "id": [9551592],
      "node_id": ["MDQ6VXNlcjk1NTE1OTI="],
      "avatar_url": ["https://avatars0.githubusercontent.com/u/9551592?v=4"],
      "gravatar_id": [""],
      "url": ["https://api.github.com/users/fcampelo"],
      "html_url": ["https://github.com/fcampelo"],
      "followers_url": ["https://api.github.com/users/fcampelo/followers"],
      "following_url": ["https://api.github.com/users/fcampelo/following{/other_user}"],
      "gists_url": ["https://api.github.com/users/fcampelo/gists{/gist_id}"],
      "starred_url": ["https://api.github.com/users/fcampelo/starred{/owner}{/repo}"],
      "subscriptions_url": ["https://api.github.com/users/fcampelo/subscriptions"],
      "organizations_url": ["https://api.github.com/users/fcampelo/orgs"],
      "repos_url": ["https://api.github.com/users/fcampelo/repos"],
      "events_url": ["https://api.github.com/users/fcampelo/events{/privacy}"],
      "received_events_url": ["https://api.github.com/users/fcampelo/received_events"],
      "type": ["User"],
      "site_admin": [false]
    },
    "html_url": ["https://github.com/fcampelo/awesome-public-datasets"],
    "description": ["A topic-centric list of high-quality open datasets in public domains. By everyone, for everyone!"],
    "fork": [true],
    "url": ["https://api.github.com/repos/fcampelo/awesome-public-datasets"],
    "forks_url": ["https://api.github.com/repos/fcampelo/awesome-public-datasets/forks"],
    "keys_url": ["https://api.github.com/repos/fcampelo/awesome-public-datasets/keys{/key_id}"],
    "collaborators_url": ["https://api.github.com/repos/fcampelo/awesome-public-datasets/collaborators{/collaborator}"],
    "teams_url": ["https://api.github.com/repos/fcampelo/awesome-public-datasets/teams"],
    "hooks_url": ["https://api.github.com/repos/fcampelo/awesome-public-datasets/hooks"],
    "issue_events_url": ["https://api.github.com/repos/fcampelo/awesome-public-datasets/issues/events{/number}"],
    "events_url": ["https://api.github.com/repos/fcampelo/awesome-public-datasets/events"],
    "assignees_url": ["https://api.github.com/repos/fcampelo/awesome-public-datasets/assignees{/user}"],
    "branches_url": ["https://api.github.com/repos/fcampelo/awesome-public-datasets/branches{/branch}"],
    "tags_url": ["https://api.github.com/repos/fcampelo/awesome-public-datasets/tags"],
    "blobs_url": ["https://api.github.com/repos/fcampelo/awesome-public-datasets/git/blobs{/sha}"],
    "git_tags_url": ["https://api.github.com/repos/fcampelo/awesome-public-datasets/git/tags{/sha}"],
    "git_refs_url": ["https://api.github.com/repos/fcampelo/awesome-public-datasets/git/refs{/sha}"],
    "trees_url": ["https://api.github.com/repos/fcampelo/awesome-public-datasets/git/trees{/sha}"],
    "statuses_url": ["https://api.github.com/repos/fcampelo/awesome-public-datasets/statuses/{sha}"],
    "languages_url": ["https://api.github.com/repos/fcampelo/awesome-public-datasets/languages"],
    "stargazers_url": ["https://api.github.com/repos/fcampelo/awesome-public-datasets/stargazers"],
    "contributors_url": ["https://api.github.com/repos/fcampelo/awesome-public-datasets/contributors"],
    "subscribers_url": ["https://api.github.com/repos/fcampelo/awesome-public-datasets/subscribers"],
    "subscription_url": ["https://api.github.com/repos/fcampelo/awesome-public-datasets/subscription"],
    "commits_url": ["https://api.github.com/repos/fcampelo/awesome-public-datasets/commits{/sha}"],
    "git_commits_url": ["https://api.github.com/repos/fcampelo/awesome-public-datasets/git/commits{/sha}"],
    "comments_url": ["https://api.github.com/repos/fcampelo/awesome-public-datasets/comments{/number}"],
    "issue_comment_url": ["https://api.github.com/repos/fcampelo/awesome-public-datasets/issues/comments{/number}"],
    "contents_url": ["https://api.github.com/repos/fcampelo/awesome-public-datasets/contents/{+path}"],
    "compare_url": ["https://api.github.com/repos/fcampelo/awesome-public-datasets/compare/{base}...{head}"],
    "merges_url": ["https://api.github.com/repos/fcampelo/awesome-public-datasets/merges"],
    "archive_url": ["https://api.github.com/repos/fcampelo/awesome-public-datasets/{archive_format}{/ref}"],
    "downloads_url": ["https://api.github.com/repos/fcampelo/awesome-public-datasets/downloads"],
    "issues_url": ["https://api.github.com/repos/fcampelo/awesome-public-datasets/issues{/number}"],
    "pulls_url": ["https://api.github.com/repos/fcampelo/awesome-public-datasets/pulls{/number}"],
    "milestones_url": ["https://api.github.com/repos/fcampelo/awesome-public-datasets/milestones{/number}"],
    "notifications_url": ["https://api.github.com/repos/fcampelo/awesome-public-datasets/notifications{?since,all,participating}"],
    "labels_url": ["https://api.github.com/repos/fcampelo/awesome-public-datasets/labels{/name}"],
    "releases_url": ["https://api.github.com/repos/fcampelo/awesome-public-datasets/releases{/id}"],
    "deployments_url": ["https://api.github.com/repos/fcampelo/awesome-public-datasets/deployments"],
    "created_at": ["2018-04-01T14:00:01Z"],
    "updated_at": ["2018-04-01T14:00:03Z"],
    "pushed_at": ["2018-03-29T22:51:01Z"],
    "git_url": ["git://github.com/fcampelo/awesome-public-datasets.git"],
    "ssh_url": ["git@github.com:fcampelo/awesome-public-datasets.git"],
    "clone_url": ["https://github.com/fcampelo/awesome-public-datasets.git"],
    "svn_url": ["https://github.com/fcampelo/awesome-public-datasets"],
    "homepage": ["https://github.com/awesomedata/awesome-public-datasets/wiki"],
    "size": [518],
    "stargazers_count": [0],
    "watchers_count": [0],
    "language": {},
    "has_issues": [false],
    "has_projects": [true],
    "has_downloads": [true],
    "has_wiki": [true],
    "has_pages": [false],
    "forks_count": [0],
    "mirror_url": {},
    "archived": [false],
    "disabled": [false],
    "open_issues_count": [0],
    "license": {
      "key": ["mit"],
      "name": ["MIT License"],
      "spdx_id": ["MIT"],
      "url": ["https://api.github.com/licenses/mit"],
      "node_id": ["MDc6TGljZW5zZTEz"]
    },
    "forks": [0],
    "open_issues": [0],
    "watchers": [0],
    "default_branch": ["master"],
    "permissions": {
      "admin": [false],
      "push": [false],
      "pull": [true]
    }
  }
]
