[
  {
    "id": [106617932],
    "node_id": ["MDEwOlJlcG9zaXRvcnkxMDY2MTc5MzI="],
    "name": ["CAISEr"],
    "full_name": ["fcampelo/CAISEr"],
    "private": [false],
    "owner": {
      "login": ["fcampelo"],
      "id": [9551592],
      "node_id": ["MDQ6VXNlcjk1NTE1OTI="],
      "avatar_url": ["https://avatars0.githubusercontent.com/u/9551592?v=4"],
      "gravatar_id": [""],
      "url": ["https://api.github.com/users/fcampelo"],
      "html_url": ["https://github.com/fcampelo"],
      "followers_url": ["https://api.github.com/users/fcampelo/followers"],
      "following_url": ["https://api.github.com/users/fcampelo/following{/other_user}"],
      "gists_url": ["https://api.github.com/users/fcampelo/gists{/gist_id}"],
      "starred_url": ["https://api.github.com/users/fcampelo/starred{/owner}{/repo}"],
      "subscriptions_url": ["https://api.github.com/users/fcampelo/subscriptions"],
      "organizations_url": ["https://api.github.com/users/fcampelo/orgs"],
      "repos_url": ["https://api.github.com/users/fcampelo/repos"],
      "events_url": ["https://api.github.com/users/fcampelo/events{/privacy}"],
      "received_events_url": ["https://api.github.com/users/fcampelo/received_events"],
      "type": ["User"],
      "site_admin": [false]
    },
    "html_url": ["https://github.com/fcampelo/CAISEr"],
    "description": ["CAISEr - Comparison of algorithms with Iterative Sample size Estimation in R"],
    "fork": [false],
    "url": ["https://api.github.com/repos/fcampelo/CAISEr"],
    "forks_url": ["https://api.github.com/repos/fcampelo/CAISEr/forks"],
    "keys_url": ["https://api.github.com/repos/fcampelo/CAISEr/keys{/key_id}"],
    "collaborators_url": ["https://api.github.com/repos/fcampelo/CAISEr/collaborators{/collaborator}"],
    "teams_url": ["https://api.github.com/repos/fcampelo/CAISEr/teams"],
    "hooks_url": ["https://api.github.com/repos/fcampelo/CAISEr/hooks"],
    "issue_events_url": ["https://api.github.com/repos/fcampelo/CAISEr/issues/events{/number}"],
    "events_url": ["https://api.github.com/repos/fcampelo/CAISEr/events"],
    "assignees_url": ["https://api.github.com/repos/fcampelo/CAISEr/assignees{/user}"],
    "branches_url": ["https://api.github.com/repos/fcampelo/CAISEr/branches{/branch}"],
    "tags_url": ["https://api.github.com/repos/fcampelo/CAISEr/tags"],
    "blobs_url": ["https://api.github.com/repos/fcampelo/CAISEr/git/blobs{/sha}"],
    "git_tags_url": ["https://api.github.com/repos/fcampelo/CAISEr/git/tags{/sha}"],
    "git_refs_url": ["https://api.github.com/repos/fcampelo/CAISEr/git/refs{/sha}"],
    "trees_url": ["https://api.github.com/repos/fcampelo/CAISEr/git/trees{/sha}"],
    "statuses_url": ["https://api.github.com/repos/fcampelo/CAISEr/statuses/{sha}"],
    "languages_url": ["https://api.github.com/repos/fcampelo/CAISEr/languages"],
    "stargazers_url": ["https://api.github.com/repos/fcampelo/CAISEr/stargazers"],
    "contributors_url": ["https://api.github.com/repos/fcampelo/CAISEr/contributors"],
    "subscribers_url": ["https://api.github.com/repos/fcampelo/CAISEr/subscribers"],
    "subscription_url": ["https://api.github.com/repos/fcampelo/CAISEr/subscription"],
    "commits_url": ["https://api.github.com/repos/fcampelo/CAISEr/commits{/sha}"],
    "git_commits_url": ["https://api.github.com/repos/fcampelo/CAISEr/git/commits{/sha}"],
    "comments_url": ["https://api.github.com/repos/fcampelo/CAISEr/comments{/number}"],
    "issue_comment_url": ["https://api.github.com/repos/fcampelo/CAISEr/issues/comments{/number}"],
    "contents_url": ["https://api.github.com/repos/fcampelo/CAISEr/contents/{+path}"],
    "compare_url": ["https://api.github.com/repos/fcampelo/CAISEr/compare/{base}...{head}"],
    "merges_url": ["https://api.github.com/repos/fcampelo/CAISEr/merges"],
    "archive_url": ["https://api.github.com/repos/fcampelo/CAISEr/{archive_format}{/ref}"],
    "downloads_url": ["https://api.github.com/repos/fcampelo/CAISEr/downloads"],
    "issues_url": ["https://api.github.com/repos/fcampelo/CAISEr/issues{/number}"],
    "pulls_url": ["https://api.github.com/repos/fcampelo/CAISEr/pulls{/number}"],
    "milestones_url": ["https://api.github.com/repos/fcampelo/CAISEr/milestones{/number}"],
    "notifications_url": ["https://api.github.com/repos/fcampelo/CAISEr/notifications{?since,all,participating}"],
    "labels_url": ["https://api.github.com/repos/fcampelo/CAISEr/labels{/name}"],
    "releases_url": ["https://api.github.com/repos/fcampelo/CAISEr/releases{/id}"],
    "deployments_url": ["https://api.github.com/repos/fcampelo/CAISEr/deployments"],
    "created_at": ["2017-10-11T22:56:46Z"],
    "updated_at": ["2018-07-24T03:24:54Z"],
    "pushed_at": ["2019-03-31T21:36:27Z"],
    "git_url": ["git://github.com/fcampelo/CAISEr.git"],
    "ssh_url": ["git@github.com:fcampelo/CAISEr.git"],
    "clone_url": ["https://github.com/fcampelo/CAISEr.git"],
    "svn_url": ["https://github.com/fcampelo/CAISEr"],
    "homepage": {},
    "size": [1876],
    "stargazers_count": [1],
    "watchers_count": [1],
    "language": ["R"],
    "has_issues": [true],
    "has_projects": [true],
    "has_downloads": [true],
    "has_wiki": [true],
    "has_pages": [true],
    "forks_count": [0],
    "mirror_url": {},
    "archived": [false],
    "disabled": [false],
    "open_issues_count": [0],
    "license": {},
    "forks": [0],
    "open_issues": [0],
    "watchers": [1],
    "default_branch": ["master"],
    "permissions": {
      "admin": [false],
      "push": [false],
      "pull": [true]
    }
  }
]
