[
  {
    "id": [63886386],
    "node_id": ["MDEwOlJlcG9zaXRvcnk2Mzg4NjM4Ng=="],
    "name": ["GECCO2016-ExpDE"],
    "full_name": ["fcampelo/GECCO2016-ExpDE"],
    "private": [false],
    "owner": {
      "login": ["fcampelo"],
      "id": [9551592],
      "node_id": ["MDQ6VXNlcjk1NTE1OTI="],
      "avatar_url": ["https://avatars0.githubusercontent.com/u/9551592?v=4"],
      "gravatar_id": [""],
      "url": ["https://api.github.com/users/fcampelo"],
      "html_url": ["https://github.com/fcampelo"],
      "followers_url": ["https://api.github.com/users/fcampelo/followers"],
      "following_url": ["https://api.github.com/users/fcampelo/following{/other_user}"],
      "gists_url": ["https://api.github.com/users/fcampelo/gists{/gist_id}"],
      "starred_url": ["https://api.github.com/users/fcampelo/starred{/owner}{/repo}"],
      "subscriptions_url": ["https://api.github.com/users/fcampelo/subscriptions"],
      "organizations_url": ["https://api.github.com/users/fcampelo/orgs"],
      "repos_url": ["https://api.github.com/users/fcampelo/repos"],
      "events_url": ["https://api.github.com/users/fcampelo/events{/privacy}"],
      "received_events_url": ["https://api.github.com/users/fcampelo/received_events"],
      "type": ["User"],
      "site_admin": [false]
    },
    "html_url": ["https://github.com/fcampelo/GECCO2016-ExpDE"],
    "description": ["ExpDE paper presentation in GECCO 2016"],
    "fork": [false],
    "url": ["https://api.github.com/repos/fcampelo/GECCO2016-ExpDE"],
    "forks_url": ["https://api.github.com/repos/fcampelo/GECCO2016-ExpDE/forks"],
    "keys_url": ["https://api.github.com/repos/fcampelo/GECCO2016-ExpDE/keys{/key_id}"],
    "collaborators_url": ["https://api.github.com/repos/fcampelo/GECCO2016-ExpDE/collaborators{/collaborator}"],
    "teams_url": ["https://api.github.com/repos/fcampelo/GECCO2016-ExpDE/teams"],
    "hooks_url": ["https://api.github.com/repos/fcampelo/GECCO2016-ExpDE/hooks"],
    "issue_events_url": ["https://api.github.com/repos/fcampelo/GECCO2016-ExpDE/issues/events{/number}"],
    "events_url": ["https://api.github.com/repos/fcampelo/GECCO2016-ExpDE/events"],
    "assignees_url": ["https://api.github.com/repos/fcampelo/GECCO2016-ExpDE/assignees{/user}"],
    "branches_url": ["https://api.github.com/repos/fcampelo/GECCO2016-ExpDE/branches{/branch}"],
    "tags_url": ["https://api.github.com/repos/fcampelo/GECCO2016-ExpDE/tags"],
    "blobs_url": ["https://api.github.com/repos/fcampelo/GECCO2016-ExpDE/git/blobs{/sha}"],
    "git_tags_url": ["https://api.github.com/repos/fcampelo/GECCO2016-ExpDE/git/tags{/sha}"],
    "git_refs_url": ["https://api.github.com/repos/fcampelo/GECCO2016-ExpDE/git/refs{/sha}"],
    "trees_url": ["https://api.github.com/repos/fcampelo/GECCO2016-ExpDE/git/trees{/sha}"],
    "statuses_url": ["https://api.github.com/repos/fcampelo/GECCO2016-ExpDE/statuses/{sha}"],
    "languages_url": ["https://api.github.com/repos/fcampelo/GECCO2016-ExpDE/languages"],
    "stargazers_url": ["https://api.github.com/repos/fcampelo/GECCO2016-ExpDE/stargazers"],
    "contributors_url": ["https://api.github.com/repos/fcampelo/GECCO2016-ExpDE/contributors"],
    "subscribers_url": ["https://api.github.com/repos/fcampelo/GECCO2016-ExpDE/subscribers"],
    "subscription_url": ["https://api.github.com/repos/fcampelo/GECCO2016-ExpDE/subscription"],
    "commits_url": ["https://api.github.com/repos/fcampelo/GECCO2016-ExpDE/commits{/sha}"],
    "git_commits_url": ["https://api.github.com/repos/fcampelo/GECCO2016-ExpDE/git/commits{/sha}"],
    "comments_url": ["https://api.github.com/repos/fcampelo/GECCO2016-ExpDE/comments{/number}"],
    "issue_comment_url": ["https://api.github.com/repos/fcampelo/GECCO2016-ExpDE/issues/comments{/number}"],
    "contents_url": ["https://api.github.com/repos/fcampelo/GECCO2016-ExpDE/contents/{+path}"],
    "compare_url": ["https://api.github.com/repos/fcampelo/GECCO2016-ExpDE/compare/{base}...{head}"],
    "merges_url": ["https://api.github.com/repos/fcampelo/GECCO2016-ExpDE/merges"],
    "archive_url": ["https://api.github.com/repos/fcampelo/GECCO2016-ExpDE/{archive_format}{/ref}"],
    "downloads_url": ["https://api.github.com/repos/fcampelo/GECCO2016-ExpDE/downloads"],
    "issues_url": ["https://api.github.com/repos/fcampelo/GECCO2016-ExpDE/issues{/number}"],
    "pulls_url": ["https://api.github.com/repos/fcampelo/GECCO2016-ExpDE/pulls{/number}"],
    "milestones_url": ["https://api.github.com/repos/fcampelo/GECCO2016-ExpDE/milestones{/number}"],
    "notifications_url": ["https://api.github.com/repos/fcampelo/GECCO2016-ExpDE/notifications{?since,all,participating}"],
    "labels_url": ["https://api.github.com/repos/fcampelo/GECCO2016-ExpDE/labels{/name}"],
    "releases_url": ["https://api.github.com/repos/fcampelo/GECCO2016-ExpDE/releases{/id}"],
    "deployments_url": ["https://api.github.com/repos/fcampelo/GECCO2016-ExpDE/deployments"],
    "created_at": ["2016-07-21T16:45:56Z"],
    "updated_at": ["2016-07-21T16:45:56Z"],
    "pushed_at": ["2016-07-21T16:45:57Z"],
    "git_url": ["git://github.com/fcampelo/GECCO2016-ExpDE.git"],
    "ssh_url": ["git@github.com:fcampelo/GECCO2016-ExpDE.git"],
    "clone_url": ["https://github.com/fcampelo/GECCO2016-ExpDE.git"],
    "svn_url": ["https://github.com/fcampelo/GECCO2016-ExpDE"],
    "homepage": {},
    "size": [0],
    "stargazers_count": [0],
    "watchers_count": [0],
    "language": {},
    "has_issues": [true],
    "has_projects": [true],
    "has_downloads": [true],
    "has_wiki": [true],
    "has_pages": [false],
    "forks_count": [0],
    "mirror_url": {},
    "archived": [false],
    "disabled": [false],
    "open_issues_count": [0],
    "license": {},
    "forks": [0],
    "open_issues": [0],
    "watchers": [0],
    "default_branch": ["master"],
    "permissions": {
      "admin": [false],
      "push": [false],
      "pull": [true]
    }
  }
]
