[
  {
    "id": [49684712],
    "node_id": ["MDEwOlJlcG9zaXRvcnk0OTY4NDcxMg=="],
    "name": ["iracex"],
    "full_name": ["fcampelo/iracex"],
    "private": [false],
    "owner": {
      "login": ["fcampelo"],
      "id": [9551592],
      "node_id": ["MDQ6VXNlcjk1NTE1OTI="],
      "avatar_url": ["https://avatars0.githubusercontent.com/u/9551592?v=4"],
      "gravatar_id": [""],
      "url": ["https://api.github.com/users/fcampelo"],
      "html_url": ["https://github.com/fcampelo"],
      "followers_url": ["https://api.github.com/users/fcampelo/followers"],
      "following_url": ["https://api.github.com/users/fcampelo/following{/other_user}"],
      "gists_url": ["https://api.github.com/users/fcampelo/gists{/gist_id}"],
      "starred_url": ["https://api.github.com/users/fcampelo/starred{/owner}{/repo}"],
      "subscriptions_url": ["https://api.github.com/users/fcampelo/subscriptions"],
      "organizations_url": ["https://api.github.com/users/fcampelo/orgs"],
      "repos_url": ["https://api.github.com/users/fcampelo/repos"],
      "events_url": ["https://api.github.com/users/fcampelo/events{/privacy}"],
      "received_events_url": ["https://api.github.com/users/fcampelo/received_events"],
      "type": ["User"],
      "site_admin": [false]
    },
    "html_url": ["https://github.com/fcampelo/iracex"],
    "description": {},
    "fork": [true],
    "url": ["https://api.github.com/repos/fcampelo/iracex"],
    "forks_url": ["https://api.github.com/repos/fcampelo/iracex/forks"],
    "keys_url": ["https://api.github.com/repos/fcampelo/iracex/keys{/key_id}"],
    "collaborators_url": ["https://api.github.com/repos/fcampelo/iracex/collaborators{/collaborator}"],
    "teams_url": ["https://api.github.com/repos/fcampelo/iracex/teams"],
    "hooks_url": ["https://api.github.com/repos/fcampelo/iracex/hooks"],
    "issue_events_url": ["https://api.github.com/repos/fcampelo/iracex/issues/events{/number}"],
    "events_url": ["https://api.github.com/repos/fcampelo/iracex/events"],
    "assignees_url": ["https://api.github.com/repos/fcampelo/iracex/assignees{/user}"],
    "branches_url": ["https://api.github.com/repos/fcampelo/iracex/branches{/branch}"],
    "tags_url": ["https://api.github.com/repos/fcampelo/iracex/tags"],
    "blobs_url": ["https://api.github.com/repos/fcampelo/iracex/git/blobs{/sha}"],
    "git_tags_url": ["https://api.github.com/repos/fcampelo/iracex/git/tags{/sha}"],
    "git_refs_url": ["https://api.github.com/repos/fcampelo/iracex/git/refs{/sha}"],
    "trees_url": ["https://api.github.com/repos/fcampelo/iracex/git/trees{/sha}"],
    "statuses_url": ["https://api.github.com/repos/fcampelo/iracex/statuses/{sha}"],
    "languages_url": ["https://api.github.com/repos/fcampelo/iracex/languages"],
    "stargazers_url": ["https://api.github.com/repos/fcampelo/iracex/stargazers"],
    "contributors_url": ["https://api.github.com/repos/fcampelo/iracex/contributors"],
    "subscribers_url": ["https://api.github.com/repos/fcampelo/iracex/subscribers"],
    "subscription_url": ["https://api.github.com/repos/fcampelo/iracex/subscription"],
    "commits_url": ["https://api.github.com/repos/fcampelo/iracex/commits{/sha}"],
    "git_commits_url": ["https://api.github.com/repos/fcampelo/iracex/git/commits{/sha}"],
    "comments_url": ["https://api.github.com/repos/fcampelo/iracex/comments{/number}"],
    "issue_comment_url": ["https://api.github.com/repos/fcampelo/iracex/issues/comments{/number}"],
    "contents_url": ["https://api.github.com/repos/fcampelo/iracex/contents/{+path}"],
    "compare_url": ["https://api.github.com/repos/fcampelo/iracex/compare/{base}...{head}"],
    "merges_url": ["https://api.github.com/repos/fcampelo/iracex/merges"],
    "archive_url": ["https://api.github.com/repos/fcampelo/iracex/{archive_format}{/ref}"],
    "downloads_url": ["https://api.github.com/repos/fcampelo/iracex/downloads"],
    "issues_url": ["https://api.github.com/repos/fcampelo/iracex/issues{/number}"],
    "pulls_url": ["https://api.github.com/repos/fcampelo/iracex/pulls{/number}"],
    "milestones_url": ["https://api.github.com/repos/fcampelo/iracex/milestones{/number}"],
    "notifications_url": ["https://api.github.com/repos/fcampelo/iracex/notifications{?since,all,participating}"],
    "labels_url": ["https://api.github.com/repos/fcampelo/iracex/labels{/name}"],
    "releases_url": ["https://api.github.com/repos/fcampelo/iracex/releases{/id}"],
    "deployments_url": ["https://api.github.com/repos/fcampelo/iracex/deployments"],
    "created_at": ["2016-01-15T00:34:00Z"],
    "updated_at": ["2016-01-15T00:34:02Z"],
    "pushed_at": ["2016-01-14T18:06:00Z"],
    "git_url": ["git://github.com/fcampelo/iracex.git"],
    "ssh_url": ["git@github.com:fcampelo/iracex.git"],
    "clone_url": ["https://github.com/fcampelo/iracex.git"],
    "svn_url": ["https://github.com/fcampelo/iracex"],
    "homepage": {},
    "size": [626],
    "stargazers_count": [0],
    "watchers_count": [0],
    "language": ["R"],
    "has_issues": [false],
    "has_projects": [true],
    "has_downloads": [true],
    "has_wiki": [true],
    "has_pages": [false],
    "forks_count": [0],
    "mirror_url": {},
    "archived": [false],
    "disabled": [false],
    "open_issues_count": [0],
    "license": {},
    "forks": [0],
    "open_issues": [0],
    "watchers": [0],
    "default_branch": ["master"],
    "permissions": {
      "admin": [false],
      "push": [false],
      "pull": [true]
    }
  }
]
