[
  {
    "id": [45551019],
    "node_id": ["MDEwOlJlcG9zaXRvcnk0NTU1MTAxOQ=="],
    "name": ["elmnet"],
    "full_name": ["fcampelo/elmnet"],
    "private": [false],
    "owner": {
      "login": ["fcampelo"],
      "id": [9551592],
      "node_id": ["MDQ6VXNlcjk1NTE1OTI="],
      "avatar_url": ["https://avatars0.githubusercontent.com/u/9551592?v=4"],
      "gravatar_id": [""],
      "url": ["https://api.github.com/users/fcampelo"],
      "html_url": ["https://github.com/fcampelo"],
      "followers_url": ["https://api.github.com/users/fcampelo/followers"],
      "following_url": ["https://api.github.com/users/fcampelo/following{/other_user}"],
      "gists_url": ["https://api.github.com/users/fcampelo/gists{/gist_id}"],
      "starred_url": ["https://api.github.com/users/fcampelo/starred{/owner}{/repo}"],
      "subscriptions_url": ["https://api.github.com/users/fcampelo/subscriptions"],
      "organizations_url": ["https://api.github.com/users/fcampelo/orgs"],
      "repos_url": ["https://api.github.com/users/fcampelo/repos"],
      "events_url": ["https://api.github.com/users/fcampelo/events{/privacy}"],
      "received_events_url": ["https://api.github.com/users/fcampelo/received_events"],
      "type": ["User"],
      "site_admin": [false]
    },
    "html_url": ["https://github.com/fcampelo/elmnet"],
    "description": ["Regularized and Pruned Extreme Learning Machines in R"],
    "fork": [true],
    "url": ["https://api.github.com/repos/fcampelo/elmnet"],
    "forks_url": ["https://api.github.com/repos/fcampelo/elmnet/forks"],
    "keys_url": ["https://api.github.com/repos/fcampelo/elmnet/keys{/key_id}"],
    "collaborators_url": ["https://api.github.com/repos/fcampelo/elmnet/collaborators{/collaborator}"],
    "teams_url": ["https://api.github.com/repos/fcampelo/elmnet/teams"],
    "hooks_url": ["https://api.github.com/repos/fcampelo/elmnet/hooks"],
    "issue_events_url": ["https://api.github.com/repos/fcampelo/elmnet/issues/events{/number}"],
    "events_url": ["https://api.github.com/repos/fcampelo/elmnet/events"],
    "assignees_url": ["https://api.github.com/repos/fcampelo/elmnet/assignees{/user}"],
    "branches_url": ["https://api.github.com/repos/fcampelo/elmnet/branches{/branch}"],
    "tags_url": ["https://api.github.com/repos/fcampelo/elmnet/tags"],
    "blobs_url": ["https://api.github.com/repos/fcampelo/elmnet/git/blobs{/sha}"],
    "git_tags_url": ["https://api.github.com/repos/fcampelo/elmnet/git/tags{/sha}"],
    "git_refs_url": ["https://api.github.com/repos/fcampelo/elmnet/git/refs{/sha}"],
    "trees_url": ["https://api.github.com/repos/fcampelo/elmnet/git/trees{/sha}"],
    "statuses_url": ["https://api.github.com/repos/fcampelo/elmnet/statuses/{sha}"],
    "languages_url": ["https://api.github.com/repos/fcampelo/elmnet/languages"],
    "stargazers_url": ["https://api.github.com/repos/fcampelo/elmnet/stargazers"],
    "contributors_url": ["https://api.github.com/repos/fcampelo/elmnet/contributors"],
    "subscribers_url": ["https://api.github.com/repos/fcampelo/elmnet/subscribers"],
    "subscription_url": ["https://api.github.com/repos/fcampelo/elmnet/subscription"],
    "commits_url": ["https://api.github.com/repos/fcampelo/elmnet/commits{/sha}"],
    "git_commits_url": ["https://api.github.com/repos/fcampelo/elmnet/git/commits{/sha}"],
    "comments_url": ["https://api.github.com/repos/fcampelo/elmnet/comments{/number}"],
    "issue_comment_url": ["https://api.github.com/repos/fcampelo/elmnet/issues/comments{/number}"],
    "contents_url": ["https://api.github.com/repos/fcampelo/elmnet/contents/{+path}"],
    "compare_url": ["https://api.github.com/repos/fcampelo/elmnet/compare/{base}...{head}"],
    "merges_url": ["https://api.github.com/repos/fcampelo/elmnet/merges"],
    "archive_url": ["https://api.github.com/repos/fcampelo/elmnet/{archive_format}{/ref}"],
    "downloads_url": ["https://api.github.com/repos/fcampelo/elmnet/downloads"],
    "issues_url": ["https://api.github.com/repos/fcampelo/elmnet/issues{/number}"],
    "pulls_url": ["https://api.github.com/repos/fcampelo/elmnet/pulls{/number}"],
    "milestones_url": ["https://api.github.com/repos/fcampelo/elmnet/milestones{/number}"],
    "notifications_url": ["https://api.github.com/repos/fcampelo/elmnet/notifications{?since,all,participating}"],
    "labels_url": ["https://api.github.com/repos/fcampelo/elmnet/labels{/name}"],
    "releases_url": ["https://api.github.com/repos/fcampelo/elmnet/releases{/id}"],
    "deployments_url": ["https://api.github.com/repos/fcampelo/elmnet/deployments"],
    "created_at": ["2015-11-04T16:14:53Z"],
    "updated_at": ["2015-11-04T16:14:20Z"],
    "pushed_at": ["2015-11-03T23:44:36Z"],
    "git_url": ["git://github.com/fcampelo/elmnet.git"],
    "ssh_url": ["git@github.com:fcampelo/elmnet.git"],
    "clone_url": ["https://github.com/fcampelo/elmnet.git"],
    "svn_url": ["https://github.com/fcampelo/elmnet"],
    "homepage": [""],
    "size": [64],
    "stargazers_count": [0],
    "watchers_count": [0],
    "language": {},
    "has_issues": [false],
    "has_projects": [true],
    "has_downloads": [true],
    "has_wiki": [true],
    "has_pages": [false],
    "forks_count": [0],
    "mirror_url": {},
    "archived": [false],
    "disabled": [false],
    "open_issues_count": [0],
    "license": {},
    "forks": [0],
    "open_issues": [0],
    "watchers": [0],
    "default_branch": ["master"],
    "permissions": {
      "admin": [false],
      "push": [false],
      "pull": [true]
    }
  }
]
