[
  {
    "id": [89730035],
    "node_id": ["MDEwOlJlcG9zaXRvcnk4OTczMDAzNQ=="],
    "name": ["Comparing-algorithms--sample-sizes-for-percent-and-absolute-differences"],
    "full_name": ["fcampelo/Comparing-algorithms--sample-sizes-for-percent-and-absolute-differences"],
    "private": [false],
    "owner": {
      "login": ["fcampelo"],
      "id": [9551592],
      "node_id": ["MDQ6VXNlcjk1NTE1OTI="],
      "avatar_url": ["https://avatars0.githubusercontent.com/u/9551592?v=4"],
      "gravatar_id": [""],
      "url": ["https://api.github.com/users/fcampelo"],
      "html_url": ["https://github.com/fcampelo"],
      "followers_url": ["https://api.github.com/users/fcampelo/followers"],
      "following_url": ["https://api.github.com/users/fcampelo/following{/other_user}"],
      "gists_url": ["https://api.github.com/users/fcampelo/gists{/gist_id}"],
      "starred_url": ["https://api.github.com/users/fcampelo/starred{/owner}{/repo}"],
      "subscriptions_url": ["https://api.github.com/users/fcampelo/subscriptions"],
      "organizations_url": ["https://api.github.com/users/fcampelo/orgs"],
      "repos_url": ["https://api.github.com/users/fcampelo/repos"],
      "events_url": ["https://api.github.com/users/fcampelo/events{/privacy}"],
      "received_events_url": ["https://api.github.com/users/fcampelo/received_events"],
      "type": ["User"],
      "site_admin": [false]
    },
    "html_url": ["https://github.com/fcampelo/Comparing-algorithms--sample-sizes-for-percent-and-absolute-differences"],
    "description": ["Comparing algorithms: sample sizes for percent and absolute differences"],
    "fork": [false],
    "url": ["https://api.github.com/repos/fcampelo/Comparing-algorithms--sample-sizes-for-percent-and-absolute-differences"],
    "forks_url": ["https://api.github.com/repos/fcampelo/Comparing-algorithms--sample-sizes-for-percent-and-absolute-differences/forks"],
    "keys_url": ["https://api.github.com/repos/fcampelo/Comparing-algorithms--sample-sizes-for-percent-and-absolute-differences/keys{/key_id}"],
    "collaborators_url": ["https://api.github.com/repos/fcampelo/Comparing-algorithms--sample-sizes-for-percent-and-absolute-differences/collaborators{/collaborator}"],
    "teams_url": ["https://api.github.com/repos/fcampelo/Comparing-algorithms--sample-sizes-for-percent-and-absolute-differences/teams"],
    "hooks_url": ["https://api.github.com/repos/fcampelo/Comparing-algorithms--sample-sizes-for-percent-and-absolute-differences/hooks"],
    "issue_events_url": ["https://api.github.com/repos/fcampelo/Comparing-algorithms--sample-sizes-for-percent-and-absolute-differences/issues/events{/number}"],
    "events_url": ["https://api.github.com/repos/fcampelo/Comparing-algorithms--sample-sizes-for-percent-and-absolute-differences/events"],
    "assignees_url": ["https://api.github.com/repos/fcampelo/Comparing-algorithms--sample-sizes-for-percent-and-absolute-differences/assignees{/user}"],
    "branches_url": ["https://api.github.com/repos/fcampelo/Comparing-algorithms--sample-sizes-for-percent-and-absolute-differences/branches{/branch}"],
    "tags_url": ["https://api.github.com/repos/fcampelo/Comparing-algorithms--sample-sizes-for-percent-and-absolute-differences/tags"],
    "blobs_url": ["https://api.github.com/repos/fcampelo/Comparing-algorithms--sample-sizes-for-percent-and-absolute-differences/git/blobs{/sha}"],
    "git_tags_url": ["https://api.github.com/repos/fcampelo/Comparing-algorithms--sample-sizes-for-percent-and-absolute-differences/git/tags{/sha}"],
    "git_refs_url": ["https://api.github.com/repos/fcampelo/Comparing-algorithms--sample-sizes-for-percent-and-absolute-differences/git/refs{/sha}"],
    "trees_url": ["https://api.github.com/repos/fcampelo/Comparing-algorithms--sample-sizes-for-percent-and-absolute-differences/git/trees{/sha}"],
    "statuses_url": ["https://api.github.com/repos/fcampelo/Comparing-algorithms--sample-sizes-for-percent-and-absolute-differences/statuses/{sha}"],
    "languages_url": ["https://api.github.com/repos/fcampelo/Comparing-algorithms--sample-sizes-for-percent-and-absolute-differences/languages"],
    "stargazers_url": ["https://api.github.com/repos/fcampelo/Comparing-algorithms--sample-sizes-for-percent-and-absolute-differences/stargazers"],
    "contributors_url": ["https://api.github.com/repos/fcampelo/Comparing-algorithms--sample-sizes-for-percent-and-absolute-differences/contributors"],
    "subscribers_url": ["https://api.github.com/repos/fcampelo/Comparing-algorithms--sample-sizes-for-percent-and-absolute-differences/subscribers"],
    "subscription_url": ["https://api.github.com/repos/fcampelo/Comparing-algorithms--sample-sizes-for-percent-and-absolute-differences/subscription"],
    "commits_url": ["https://api.github.com/repos/fcampelo/Comparing-algorithms--sample-sizes-for-percent-and-absolute-differences/commits{/sha}"],
    "git_commits_url": ["https://api.github.com/repos/fcampelo/Comparing-algorithms--sample-sizes-for-percent-and-absolute-differences/git/commits{/sha}"],
    "comments_url": ["https://api.github.com/repos/fcampelo/Comparing-algorithms--sample-sizes-for-percent-and-absolute-differences/comments{/number}"],
    "issue_comment_url": ["https://api.github.com/repos/fcampelo/Comparing-algorithms--sample-sizes-for-percent-and-absolute-differences/issues/comments{/number}"],
    "contents_url": ["https://api.github.com/repos/fcampelo/Comparing-algorithms--sample-sizes-for-percent-and-absolute-differences/contents/{+path}"],
    "compare_url": ["https://api.github.com/repos/fcampelo/Comparing-algorithms--sample-sizes-for-percent-and-absolute-differences/compare/{base}...{head}"],
    "merges_url": ["https://api.github.com/repos/fcampelo/Comparing-algorithms--sample-sizes-for-percent-and-absolute-differences/merges"],
    "archive_url": ["https://api.github.com/repos/fcampelo/Comparing-algorithms--sample-sizes-for-percent-and-absolute-differences/{archive_format}{/ref}"],
    "downloads_url": ["https://api.github.com/repos/fcampelo/Comparing-algorithms--sample-sizes-for-percent-and-absolute-differences/downloads"],
    "issues_url": ["https://api.github.com/repos/fcampelo/Comparing-algorithms--sample-sizes-for-percent-and-absolute-differences/issues{/number}"],
    "pulls_url": ["https://api.github.com/repos/fcampelo/Comparing-algorithms--sample-sizes-for-percent-and-absolute-differences/pulls{/number}"],
    "milestones_url": ["https://api.github.com/repos/fcampelo/Comparing-algorithms--sample-sizes-for-percent-and-absolute-differences/milestones{/number}"],
    "notifications_url": ["https://api.github.com/repos/fcampelo/Comparing-algorithms--sample-sizes-for-percent-and-absolute-differences/notifications{?since,all,participating}"],
    "labels_url": ["https://api.github.com/repos/fcampelo/Comparing-algorithms--sample-sizes-for-percent-and-absolute-differences/labels{/name}"],
    "releases_url": ["https://api.github.com/repos/fcampelo/Comparing-algorithms--sample-sizes-for-percent-and-absolute-differences/releases{/id}"],
    "deployments_url": ["https://api.github.com/repos/fcampelo/Comparing-algorithms--sample-sizes-for-percent-and-absolute-differences/deployments"],
    "created_at": ["2017-04-28T17:39:01Z"],
    "updated_at": ["2018-03-06T19:24:05Z"],
    "pushed_at": ["2017-04-28T19:38:56Z"],
    "git_url": ["git://github.com/fcampelo/Comparing-algorithms--sample-sizes-for-percent-and-absolute-differences.git"],
    "ssh_url": ["git@github.com:fcampelo/Comparing-algorithms--sample-sizes-for-percent-and-absolute-differences.git"],
    "clone_url": ["https://github.com/fcampelo/Comparing-algorithms--sample-sizes-for-percent-and-absolute-differences.git"],
    "svn_url": ["https://github.com/fcampelo/Comparing-algorithms--sample-sizes-for-percent-and-absolute-differences"],
    "homepage": {},
    "size": [12624],
    "stargazers_count": [1],
    "watchers_count": [1],
    "language": {},
    "has_issues": [true],
    "has_projects": [true],
    "has_downloads": [true],
    "has_wiki": [true],
    "has_pages": [true],
    "forks_count": [0],
    "mirror_url": {},
    "archived": [false],
    "disabled": [false],
    "open_issues_count": [0],
    "license": {},
    "forks": [0],
    "open_issues": [0],
    "watchers": [1],
    "default_branch": ["master"],
    "permissions": {
      "admin": [false],
      "push": [false],
      "pull": [true]
    }
  }
]
