[
  {
    "id": [48927346],
    "node_id": ["MDEwOlJlcG9zaXRvcnk0ODkyNzM0Ng=="],
    "name": ["tensorflow"],
    "full_name": ["fcampelo/tensorflow"],
    "private": [false],
    "owner": {
      "login": ["fcampelo"],
      "id": [9551592],
      "node_id": ["MDQ6VXNlcjk1NTE1OTI="],
      "avatar_url": ["https://avatars0.githubusercontent.com/u/9551592?v=4"],
      "gravatar_id": [""],
      "url": ["https://api.github.com/users/fcampelo"],
      "html_url": ["https://github.com/fcampelo"],
      "followers_url": ["https://api.github.com/users/fcampelo/followers"],
      "following_url": ["https://api.github.com/users/fcampelo/following{/other_user}"],
      "gists_url": ["https://api.github.com/users/fcampelo/gists{/gist_id}"],
      "starred_url": ["https://api.github.com/users/fcampelo/starred{/owner}{/repo}"],
      "subscriptions_url": ["https://api.github.com/users/fcampelo/subscriptions"],
      "organizations_url": ["https://api.github.com/users/fcampelo/orgs"],
      "repos_url": ["https://api.github.com/users/fcampelo/repos"],
      "events_url": ["https://api.github.com/users/fcampelo/events{/privacy}"],
      "received_events_url": ["https://api.github.com/users/fcampelo/received_events"],
      "type": ["User"],
      "site_admin": [false]
    },
    "html_url": ["https://github.com/fcampelo/tensorflow"],
    "description": [" Open source software library for numerical computation using data flow graphs."],
    "fork": [true],
    "url": ["https://api.github.com/repos/fcampelo/tensorflow"],
    "forks_url": ["https://api.github.com/repos/fcampelo/tensorflow/forks"],
    "keys_url": ["https://api.github.com/repos/fcampelo/tensorflow/keys{/key_id}"],
    "collaborators_url": ["https://api.github.com/repos/fcampelo/tensorflow/collaborators{/collaborator}"],
    "teams_url": ["https://api.github.com/repos/fcampelo/tensorflow/teams"],
    "hooks_url": ["https://api.github.com/repos/fcampelo/tensorflow/hooks"],
    "issue_events_url": ["https://api.github.com/repos/fcampelo/tensorflow/issues/events{/number}"],
    "events_url": ["https://api.github.com/repos/fcampelo/tensorflow/events"],
    "assignees_url": ["https://api.github.com/repos/fcampelo/tensorflow/assignees{/user}"],
    "branches_url": ["https://api.github.com/repos/fcampelo/tensorflow/branches{/branch}"],
    "tags_url": ["https://api.github.com/repos/fcampelo/tensorflow/tags"],
    "blobs_url": ["https://api.github.com/repos/fcampelo/tensorflow/git/blobs{/sha}"],
    "git_tags_url": ["https://api.github.com/repos/fcampelo/tensorflow/git/tags{/sha}"],
    "git_refs_url": ["https://api.github.com/repos/fcampelo/tensorflow/git/refs{/sha}"],
    "trees_url": ["https://api.github.com/repos/fcampelo/tensorflow/git/trees{/sha}"],
    "statuses_url": ["https://api.github.com/repos/fcampelo/tensorflow/statuses/{sha}"],
    "languages_url": ["https://api.github.com/repos/fcampelo/tensorflow/languages"],
    "stargazers_url": ["https://api.github.com/repos/fcampelo/tensorflow/stargazers"],
    "contributors_url": ["https://api.github.com/repos/fcampelo/tensorflow/contributors"],
    "subscribers_url": ["https://api.github.com/repos/fcampelo/tensorflow/subscribers"],
    "subscription_url": ["https://api.github.com/repos/fcampelo/tensorflow/subscription"],
    "commits_url": ["https://api.github.com/repos/fcampelo/tensorflow/commits{/sha}"],
    "git_commits_url": ["https://api.github.com/repos/fcampelo/tensorflow/git/commits{/sha}"],
    "comments_url": ["https://api.github.com/repos/fcampelo/tensorflow/comments{/number}"],
    "issue_comment_url": ["https://api.github.com/repos/fcampelo/tensorflow/issues/comments{/number}"],
    "contents_url": ["https://api.github.com/repos/fcampelo/tensorflow/contents/{+path}"],
    "compare_url": ["https://api.github.com/repos/fcampelo/tensorflow/compare/{base}...{head}"],
    "merges_url": ["https://api.github.com/repos/fcampelo/tensorflow/merges"],
    "archive_url": ["https://api.github.com/repos/fcampelo/tensorflow/{archive_format}{/ref}"],
    "downloads_url": ["https://api.github.com/repos/fcampelo/tensorflow/downloads"],
    "issues_url": ["https://api.github.com/repos/fcampelo/tensorflow/issues{/number}"],
    "pulls_url": ["https://api.github.com/repos/fcampelo/tensorflow/pulls{/number}"],
    "milestones_url": ["https://api.github.com/repos/fcampelo/tensorflow/milestones{/number}"],
    "notifications_url": ["https://api.github.com/repos/fcampelo/tensorflow/notifications{?since,all,participating}"],
    "labels_url": ["https://api.github.com/repos/fcampelo/tensorflow/labels{/name}"],
    "releases_url": ["https://api.github.com/repos/fcampelo/tensorflow/releases{/id}"],
    "deployments_url": ["https://api.github.com/repos/fcampelo/tensorflow/deployments"],
    "created_at": ["2016-01-02T23:26:17Z"],
    "updated_at": ["2016-01-02T23:26:21Z"],
    "pushed_at": ["2016-01-02T21:25:09Z"],
    "git_url": ["git://github.com/fcampelo/tensorflow.git"],
    "ssh_url": ["git@github.com:fcampelo/tensorflow.git"],
    "clone_url": ["https://github.com/fcampelo/tensorflow.git"],
    "svn_url": ["https://github.com/fcampelo/tensorflow"],
    "homepage": ["http://tensorflow.org"],
    "size": [119728],
    "stargazers_count": [0],
    "watchers_count": [0],
    "language": ["C++"],
    "has_issues": [false],
    "has_projects": [true],
    "has_downloads": [true],
    "has_wiki": [false],
    "has_pages": [false],
    "forks_count": [0],
    "mirror_url": {},
    "archived": [false],
    "disabled": [false],
    "open_issues_count": [0],
    "license": {
      "key": ["apache-2.0"],
      "name": ["Apache License 2.0"],
      "spdx_id": ["Apache-2.0"],
      "url": ["https://api.github.com/licenses/apache-2.0"],
      "node_id": ["MDc6TGljZW5zZTI="]
    },
    "forks": [0],
    "open_issues": [0],
    "watchers": [0],
    "default_branch": ["master"],
    "permissions": {
      "admin": [false],
      "push": [false],
      "pull": [true]
    }
  }
]
