[
  {
    "id": [47346463],
    "node_id": ["MDEwOlJlcG9zaXRvcnk0NzM0NjQ2Mw=="],
    "name": ["Evolutionary-Multiobjective-Optimization-of-Winglets"],
    "full_name": ["fcampelo/Evolutionary-Multiobjective-Optimization-of-Winglets"],
    "private": [false],
    "owner": {
      "login": ["fcampelo"],
      "id": [9551592],
      "node_id": ["MDQ6VXNlcjk1NTE1OTI="],
      "avatar_url": ["https://avatars0.githubusercontent.com/u/9551592?v=4"],
      "gravatar_id": [""],
      "url": ["https://api.github.com/users/fcampelo"],
      "html_url": ["https://github.com/fcampelo"],
      "followers_url": ["https://api.github.com/users/fcampelo/followers"],
      "following_url": ["https://api.github.com/users/fcampelo/following{/other_user}"],
      "gists_url": ["https://api.github.com/users/fcampelo/gists{/gist_id}"],
      "starred_url": ["https://api.github.com/users/fcampelo/starred{/owner}{/repo}"],
      "subscriptions_url": ["https://api.github.com/users/fcampelo/subscriptions"],
      "organizations_url": ["https://api.github.com/users/fcampelo/orgs"],
      "repos_url": ["https://api.github.com/users/fcampelo/repos"],
      "events_url": ["https://api.github.com/users/fcampelo/events{/privacy}"],
      "received_events_url": ["https://api.github.com/users/fcampelo/received_events"],
      "type": ["User"],
      "site_admin": [false]
    },
    "html_url": ["https://github.com/fcampelo/Evolutionary-Multiobjective-Optimization-of-Winglets"],
    "description": ["Computational codes and additional material for the paper: Evolutionary Multiobjective Optimization of Winglets"],
    "fork": [false],
    "url": ["https://api.github.com/repos/fcampelo/Evolutionary-Multiobjective-Optimization-of-Winglets"],
    "forks_url": ["https://api.github.com/repos/fcampelo/Evolutionary-Multiobjective-Optimization-of-Winglets/forks"],
    "keys_url": ["https://api.github.com/repos/fcampelo/Evolutionary-Multiobjective-Optimization-of-Winglets/keys{/key_id}"],
    "collaborators_url": ["https://api.github.com/repos/fcampelo/Evolutionary-Multiobjective-Optimization-of-Winglets/collaborators{/collaborator}"],
    "teams_url": ["https://api.github.com/repos/fcampelo/Evolutionary-Multiobjective-Optimization-of-Winglets/teams"],
    "hooks_url": ["https://api.github.com/repos/fcampelo/Evolutionary-Multiobjective-Optimization-of-Winglets/hooks"],
    "issue_events_url": ["https://api.github.com/repos/fcampelo/Evolutionary-Multiobjective-Optimization-of-Winglets/issues/events{/number}"],
    "events_url": ["https://api.github.com/repos/fcampelo/Evolutionary-Multiobjective-Optimization-of-Winglets/events"],
    "assignees_url": ["https://api.github.com/repos/fcampelo/Evolutionary-Multiobjective-Optimization-of-Winglets/assignees{/user}"],
    "branches_url": ["https://api.github.com/repos/fcampelo/Evolutionary-Multiobjective-Optimization-of-Winglets/branches{/branch}"],
    "tags_url": ["https://api.github.com/repos/fcampelo/Evolutionary-Multiobjective-Optimization-of-Winglets/tags"],
    "blobs_url": ["https://api.github.com/repos/fcampelo/Evolutionary-Multiobjective-Optimization-of-Winglets/git/blobs{/sha}"],
    "git_tags_url": ["https://api.github.com/repos/fcampelo/Evolutionary-Multiobjective-Optimization-of-Winglets/git/tags{/sha}"],
    "git_refs_url": ["https://api.github.com/repos/fcampelo/Evolutionary-Multiobjective-Optimization-of-Winglets/git/refs{/sha}"],
    "trees_url": ["https://api.github.com/repos/fcampelo/Evolutionary-Multiobjective-Optimization-of-Winglets/git/trees{/sha}"],
    "statuses_url": ["https://api.github.com/repos/fcampelo/Evolutionary-Multiobjective-Optimization-of-Winglets/statuses/{sha}"],
    "languages_url": ["https://api.github.com/repos/fcampelo/Evolutionary-Multiobjective-Optimization-of-Winglets/languages"],
    "stargazers_url": ["https://api.github.com/repos/fcampelo/Evolutionary-Multiobjective-Optimization-of-Winglets/stargazers"],
    "contributors_url": ["https://api.github.com/repos/fcampelo/Evolutionary-Multiobjective-Optimization-of-Winglets/contributors"],
    "subscribers_url": ["https://api.github.com/repos/fcampelo/Evolutionary-Multiobjective-Optimization-of-Winglets/subscribers"],
    "subscription_url": ["https://api.github.com/repos/fcampelo/Evolutionary-Multiobjective-Optimization-of-Winglets/subscription"],
    "commits_url": ["https://api.github.com/repos/fcampelo/Evolutionary-Multiobjective-Optimization-of-Winglets/commits{/sha}"],
    "git_commits_url": ["https://api.github.com/repos/fcampelo/Evolutionary-Multiobjective-Optimization-of-Winglets/git/commits{/sha}"],
    "comments_url": ["https://api.github.com/repos/fcampelo/Evolutionary-Multiobjective-Optimization-of-Winglets/comments{/number}"],
    "issue_comment_url": ["https://api.github.com/repos/fcampelo/Evolutionary-Multiobjective-Optimization-of-Winglets/issues/comments{/number}"],
    "contents_url": ["https://api.github.com/repos/fcampelo/Evolutionary-Multiobjective-Optimization-of-Winglets/contents/{+path}"],
    "compare_url": ["https://api.github.com/repos/fcampelo/Evolutionary-Multiobjective-Optimization-of-Winglets/compare/{base}...{head}"],
    "merges_url": ["https://api.github.com/repos/fcampelo/Evolutionary-Multiobjective-Optimization-of-Winglets/merges"],
    "archive_url": ["https://api.github.com/repos/fcampelo/Evolutionary-Multiobjective-Optimization-of-Winglets/{archive_format}{/ref}"],
    "downloads_url": ["https://api.github.com/repos/fcampelo/Evolutionary-Multiobjective-Optimization-of-Winglets/downloads"],
    "issues_url": ["https://api.github.com/repos/fcampelo/Evolutionary-Multiobjective-Optimization-of-Winglets/issues{/number}"],
    "pulls_url": ["https://api.github.com/repos/fcampelo/Evolutionary-Multiobjective-Optimization-of-Winglets/pulls{/number}"],
    "milestones_url": ["https://api.github.com/repos/fcampelo/Evolutionary-Multiobjective-Optimization-of-Winglets/milestones{/number}"],
    "notifications_url": ["https://api.github.com/repos/fcampelo/Evolutionary-Multiobjective-Optimization-of-Winglets/notifications{?since,all,participating}"],
    "labels_url": ["https://api.github.com/repos/fcampelo/Evolutionary-Multiobjective-Optimization-of-Winglets/labels{/name}"],
    "releases_url": ["https://api.github.com/repos/fcampelo/Evolutionary-Multiobjective-Optimization-of-Winglets/releases{/id}"],
    "deployments_url": ["https://api.github.com/repos/fcampelo/Evolutionary-Multiobjective-Optimization-of-Winglets/deployments"],
    "created_at": ["2015-12-03T16:57:18Z"],
    "updated_at": ["2015-12-03T16:57:18Z"],
    "pushed_at": ["2015-12-03T16:57:19Z"],
    "git_url": ["git://github.com/fcampelo/Evolutionary-Multiobjective-Optimization-of-Winglets.git"],
    "ssh_url": ["git@github.com:fcampelo/Evolutionary-Multiobjective-Optimization-of-Winglets.git"],
    "clone_url": ["https://github.com/fcampelo/Evolutionary-Multiobjective-Optimization-of-Winglets.git"],
    "svn_url": ["https://github.com/fcampelo/Evolutionary-Multiobjective-Optimization-of-Winglets"],
    "homepage": {},
    "size": [0],
    "stargazers_count": [0],
    "watchers_count": [0],
    "language": {},
    "has_issues": [true],
    "has_projects": [true],
    "has_downloads": [true],
    "has_wiki": [true],
    "has_pages": [false],
    "forks_count": [0],
    "mirror_url": {},
    "archived": [false],
    "disabled": [false],
    "open_issues_count": [0],
    "license": {
      "key": ["mit"],
      "name": ["MIT License"],
      "spdx_id": ["MIT"],
      "url": ["https://api.github.com/licenses/mit"],
      "node_id": ["MDc6TGljZW5zZTEz"]
    },
    "forks": [0],
    "open_issues": [0],
    "watchers": [0],
    "default_branch": ["master"],
    "permissions": {
      "admin": [false],
      "push": [false],
      "pull": [true]
    }
  }
]
