[
  {
    "id": [31854305],
    "node_id": ["MDEwOlJlcG9zaXRvcnkzMTg1NDMwNQ=="],
    "name": ["tmp-media"],
    "full_name": ["fcampelo/tmp-media"],
    "private": [false],
    "owner": {
      "login": ["fcampelo"],
      "id": [9551592],
      "node_id": ["MDQ6VXNlcjk1NTE1OTI="],
      "avatar_url": ["https://avatars0.githubusercontent.com/u/9551592?v=4"],
      "gravatar_id": [""],
      "url": ["https://api.github.com/users/fcampelo"],
      "html_url": ["https://github.com/fcampelo"],
      "followers_url": ["https://api.github.com/users/fcampelo/followers"],
      "following_url": ["https://api.github.com/users/fcampelo/following{/other_user}"],
      "gists_url": ["https://api.github.com/users/fcampelo/gists{/gist_id}"],
      "starred_url": ["https://api.github.com/users/fcampelo/starred{/owner}{/repo}"],
      "subscriptions_url": ["https://api.github.com/users/fcampelo/subscriptions"],
      "organizations_url": ["https://api.github.com/users/fcampelo/orgs"],
      "repos_url": ["https://api.github.com/users/fcampelo/repos"],
      "events_url": ["https://api.github.com/users/fcampelo/events{/privacy}"],
      "received_events_url": ["https://api.github.com/users/fcampelo/received_events"],
      "type": ["User"],
      "site_admin": [false]
    },
    "html_url": ["https://github.com/fcampelo/tmp-media"],
    "description": ["a few temporary media files for presentations etc."],
    "fork": [false],
    "url": ["https://api.github.com/repos/fcampelo/tmp-media"],
    "forks_url": ["https://api.github.com/repos/fcampelo/tmp-media/forks"],
    "keys_url": ["https://api.github.com/repos/fcampelo/tmp-media/keys{/key_id}"],
    "collaborators_url": ["https://api.github.com/repos/fcampelo/tmp-media/collaborators{/collaborator}"],
    "teams_url": ["https://api.github.com/repos/fcampelo/tmp-media/teams"],
    "hooks_url": ["https://api.github.com/repos/fcampelo/tmp-media/hooks"],
    "issue_events_url": ["https://api.github.com/repos/fcampelo/tmp-media/issues/events{/number}"],
    "events_url": ["https://api.github.com/repos/fcampelo/tmp-media/events"],
    "assignees_url": ["https://api.github.com/repos/fcampelo/tmp-media/assignees{/user}"],
    "branches_url": ["https://api.github.com/repos/fcampelo/tmp-media/branches{/branch}"],
    "tags_url": ["https://api.github.com/repos/fcampelo/tmp-media/tags"],
    "blobs_url": ["https://api.github.com/repos/fcampelo/tmp-media/git/blobs{/sha}"],
    "git_tags_url": ["https://api.github.com/repos/fcampelo/tmp-media/git/tags{/sha}"],
    "git_refs_url": ["https://api.github.com/repos/fcampelo/tmp-media/git/refs{/sha}"],
    "trees_url": ["https://api.github.com/repos/fcampelo/tmp-media/git/trees{/sha}"],
    "statuses_url": ["https://api.github.com/repos/fcampelo/tmp-media/statuses/{sha}"],
    "languages_url": ["https://api.github.com/repos/fcampelo/tmp-media/languages"],
    "stargazers_url": ["https://api.github.com/repos/fcampelo/tmp-media/stargazers"],
    "contributors_url": ["https://api.github.com/repos/fcampelo/tmp-media/contributors"],
    "subscribers_url": ["https://api.github.com/repos/fcampelo/tmp-media/subscribers"],
    "subscription_url": ["https://api.github.com/repos/fcampelo/tmp-media/subscription"],
    "commits_url": ["https://api.github.com/repos/fcampelo/tmp-media/commits{/sha}"],
    "git_commits_url": ["https://api.github.com/repos/fcampelo/tmp-media/git/commits{/sha}"],
    "comments_url": ["https://api.github.com/repos/fcampelo/tmp-media/comments{/number}"],
    "issue_comment_url": ["https://api.github.com/repos/fcampelo/tmp-media/issues/comments{/number}"],
    "contents_url": ["https://api.github.com/repos/fcampelo/tmp-media/contents/{+path}"],
    "compare_url": ["https://api.github.com/repos/fcampelo/tmp-media/compare/{base}...{head}"],
    "merges_url": ["https://api.github.com/repos/fcampelo/tmp-media/merges"],
    "archive_url": ["https://api.github.com/repos/fcampelo/tmp-media/{archive_format}{/ref}"],
    "downloads_url": ["https://api.github.com/repos/fcampelo/tmp-media/downloads"],
    "issues_url": ["https://api.github.com/repos/fcampelo/tmp-media/issues{/number}"],
    "pulls_url": ["https://api.github.com/repos/fcampelo/tmp-media/pulls{/number}"],
    "milestones_url": ["https://api.github.com/repos/fcampelo/tmp-media/milestones{/number}"],
    "notifications_url": ["https://api.github.com/repos/fcampelo/tmp-media/notifications{?since,all,participating}"],
    "labels_url": ["https://api.github.com/repos/fcampelo/tmp-media/labels{/name}"],
    "releases_url": ["https://api.github.com/repos/fcampelo/tmp-media/releases{/id}"],
    "deployments_url": ["https://api.github.com/repos/fcampelo/tmp-media/deployments"],
    "created_at": ["2015-03-08T15:19:32Z"],
    "updated_at": ["2015-03-08T15:19:32Z"],
    "pushed_at": ["2015-03-08T15:25:57Z"],
    "git_url": ["git://github.com/fcampelo/tmp-media.git"],
    "ssh_url": ["git@github.com:fcampelo/tmp-media.git"],
    "clone_url": ["https://github.com/fcampelo/tmp-media.git"],
    "svn_url": ["https://github.com/fcampelo/tmp-media"],
    "homepage": {},
    "size": [376],
    "stargazers_count": [0],
    "watchers_count": [0],
    "language": {},
    "has_issues": [true],
    "has_projects": [true],
    "has_downloads": [true],
    "has_wiki": [true],
    "has_pages": [false],
    "forks_count": [0],
    "mirror_url": {},
    "archived": [false],
    "disabled": [false],
    "open_issues_count": [0],
    "license": {},
    "forks": [0],
    "open_issues": [0],
    "watchers": [0],
    "default_branch": ["master"],
    "permissions": {
      "admin": [false],
      "push": [false],
      "pull": [true]
    }
  }
]
