[
  {
    "id": [35350665],
    "node_id": ["MDEwOlJlcG9zaXRvcnkzNTM1MDY2NQ=="],
    "name": ["Shiny-Apps"],
    "full_name": ["fcampelo/Shiny-Apps"],
    "private": [false],
    "owner": {
      "login": ["fcampelo"],
      "id": [9551592],
      "node_id": ["MDQ6VXNlcjk1NTE1OTI="],
      "avatar_url": ["https://avatars0.githubusercontent.com/u/9551592?v=4"],
      "gravatar_id": [""],
      "url": ["https://api.github.com/users/fcampelo"],
      "html_url": ["https://github.com/fcampelo"],
      "followers_url": ["https://api.github.com/users/fcampelo/followers"],
      "following_url": ["https://api.github.com/users/fcampelo/following{/other_user}"],
      "gists_url": ["https://api.github.com/users/fcampelo/gists{/gist_id}"],
      "starred_url": ["https://api.github.com/users/fcampelo/starred{/owner}{/repo}"],
      "subscriptions_url": ["https://api.github.com/users/fcampelo/subscriptions"],
      "organizations_url": ["https://api.github.com/users/fcampelo/orgs"],
      "repos_url": ["https://api.github.com/users/fcampelo/repos"],
      "events_url": ["https://api.github.com/users/fcampelo/events{/privacy}"],
      "received_events_url": ["https://api.github.com/users/fcampelo/received_events"],
      "type": ["User"],
      "site_admin": [false]
    },
    "html_url": ["https://github.com/fcampelo/Shiny-Apps"],
    "description": ["Fork for Vittor's Shiny Apps repo, for editing."],
    "fork": [true],
    "url": ["https://api.github.com/repos/fcampelo/Shiny-Apps"],
    "forks_url": ["https://api.github.com/repos/fcampelo/Shiny-Apps/forks"],
    "keys_url": ["https://api.github.com/repos/fcampelo/Shiny-Apps/keys{/key_id}"],
    "collaborators_url": ["https://api.github.com/repos/fcampelo/Shiny-Apps/collaborators{/collaborator}"],
    "teams_url": ["https://api.github.com/repos/fcampelo/Shiny-Apps/teams"],
    "hooks_url": ["https://api.github.com/repos/fcampelo/Shiny-Apps/hooks"],
    "issue_events_url": ["https://api.github.com/repos/fcampelo/Shiny-Apps/issues/events{/number}"],
    "events_url": ["https://api.github.com/repos/fcampelo/Shiny-Apps/events"],
    "assignees_url": ["https://api.github.com/repos/fcampelo/Shiny-Apps/assignees{/user}"],
    "branches_url": ["https://api.github.com/repos/fcampelo/Shiny-Apps/branches{/branch}"],
    "tags_url": ["https://api.github.com/repos/fcampelo/Shiny-Apps/tags"],
    "blobs_url": ["https://api.github.com/repos/fcampelo/Shiny-Apps/git/blobs{/sha}"],
    "git_tags_url": ["https://api.github.com/repos/fcampelo/Shiny-Apps/git/tags{/sha}"],
    "git_refs_url": ["https://api.github.com/repos/fcampelo/Shiny-Apps/git/refs{/sha}"],
    "trees_url": ["https://api.github.com/repos/fcampelo/Shiny-Apps/git/trees{/sha}"],
    "statuses_url": ["https://api.github.com/repos/fcampelo/Shiny-Apps/statuses/{sha}"],
    "languages_url": ["https://api.github.com/repos/fcampelo/Shiny-Apps/languages"],
    "stargazers_url": ["https://api.github.com/repos/fcampelo/Shiny-Apps/stargazers"],
    "contributors_url": ["https://api.github.com/repos/fcampelo/Shiny-Apps/contributors"],
    "subscribers_url": ["https://api.github.com/repos/fcampelo/Shiny-Apps/subscribers"],
    "subscription_url": ["https://api.github.com/repos/fcampelo/Shiny-Apps/subscription"],
    "commits_url": ["https://api.github.com/repos/fcampelo/Shiny-Apps/commits{/sha}"],
    "git_commits_url": ["https://api.github.com/repos/fcampelo/Shiny-Apps/git/commits{/sha}"],
    "comments_url": ["https://api.github.com/repos/fcampelo/Shiny-Apps/comments{/number}"],
    "issue_comment_url": ["https://api.github.com/repos/fcampelo/Shiny-Apps/issues/comments{/number}"],
    "contents_url": ["https://api.github.com/repos/fcampelo/Shiny-Apps/contents/{+path}"],
    "compare_url": ["https://api.github.com/repos/fcampelo/Shiny-Apps/compare/{base}...{head}"],
    "merges_url": ["https://api.github.com/repos/fcampelo/Shiny-Apps/merges"],
    "archive_url": ["https://api.github.com/repos/fcampelo/Shiny-Apps/{archive_format}{/ref}"],
    "downloads_url": ["https://api.github.com/repos/fcampelo/Shiny-Apps/downloads"],
    "issues_url": ["https://api.github.com/repos/fcampelo/Shiny-Apps/issues{/number}"],
    "pulls_url": ["https://api.github.com/repos/fcampelo/Shiny-Apps/pulls{/number}"],
    "milestones_url": ["https://api.github.com/repos/fcampelo/Shiny-Apps/milestones{/number}"],
    "notifications_url": ["https://api.github.com/repos/fcampelo/Shiny-Apps/notifications{?since,all,participating}"],
    "labels_url": ["https://api.github.com/repos/fcampelo/Shiny-Apps/labels{/name}"],
    "releases_url": ["https://api.github.com/repos/fcampelo/Shiny-Apps/releases{/id}"],
    "deployments_url": ["https://api.github.com/repos/fcampelo/Shiny-Apps/deployments"],
    "created_at": ["2015-05-10T00:22:04Z"],
    "updated_at": ["2015-05-10T01:43:17Z"],
    "pushed_at": ["2015-05-12T14:27:31Z"],
    "git_url": ["git://github.com/fcampelo/Shiny-Apps.git"],
    "ssh_url": ["git@github.com:fcampelo/Shiny-Apps.git"],
    "clone_url": ["https://github.com/fcampelo/Shiny-Apps.git"],
    "svn_url": ["https://github.com/fcampelo/Shiny-Apps"],
    "homepage": [""],
    "size": [509],
    "stargazers_count": [0],
    "watchers_count": [0],
    "language": ["R"],
    "has_issues": [false],
    "has_projects": [true],
    "has_downloads": [true],
    "has_wiki": [true],
    "has_pages": [false],
    "forks_count": [0],
    "mirror_url": {},
    "archived": [false],
    "disabled": [false],
    "open_issues_count": [0],
    "license": {},
    "forks": [0],
    "open_issues": [0],
    "watchers": [0],
    "default_branch": ["master"],
    "permissions": {
      "admin": [false],
      "push": [false],
      "pull": [true]
    }
  }
]
