[
  {
    "id": [77097830],
    "node_id": ["MDEwOlJlcG9zaXRvcnk3NzA5NzgzMA=="],
    "name": ["CWUR-vs-CNPq-2016"],
    "full_name": ["fcampelo/CWUR-vs-CNPq-2016"],
    "private": [false],
    "owner": {
      "login": ["fcampelo"],
      "id": [9551592],
      "node_id": ["MDQ6VXNlcjk1NTE1OTI="],
      "avatar_url": ["https://avatars0.githubusercontent.com/u/9551592?v=4"],
      "gravatar_id": [""],
      "url": ["https://api.github.com/users/fcampelo"],
      "html_url": ["https://github.com/fcampelo"],
      "followers_url": ["https://api.github.com/users/fcampelo/followers"],
      "following_url": ["https://api.github.com/users/fcampelo/following{/other_user}"],
      "gists_url": ["https://api.github.com/users/fcampelo/gists{/gist_id}"],
      "starred_url": ["https://api.github.com/users/fcampelo/starred{/owner}{/repo}"],
      "subscriptions_url": ["https://api.github.com/users/fcampelo/subscriptions"],
      "organizations_url": ["https://api.github.com/users/fcampelo/orgs"],
      "repos_url": ["https://api.github.com/users/fcampelo/repos"],
      "events_url": ["https://api.github.com/users/fcampelo/events{/privacy}"],
      "received_events_url": ["https://api.github.com/users/fcampelo/received_events"],
      "type": ["User"],
      "site_admin": [false]
    },
    "html_url": ["https://github.com/fcampelo/CWUR-vs-CNPq-2016"],
    "description": ["Plot CWUR position vs number of CNPq \"Universal\" Grants for Brazilian Universities 2016."],
    "fork": [false],
    "url": ["https://api.github.com/repos/fcampelo/CWUR-vs-CNPq-2016"],
    "forks_url": ["https://api.github.com/repos/fcampelo/CWUR-vs-CNPq-2016/forks"],
    "keys_url": ["https://api.github.com/repos/fcampelo/CWUR-vs-CNPq-2016/keys{/key_id}"],
    "collaborators_url": ["https://api.github.com/repos/fcampelo/CWUR-vs-CNPq-2016/collaborators{/collaborator}"],
    "teams_url": ["https://api.github.com/repos/fcampelo/CWUR-vs-CNPq-2016/teams"],
    "hooks_url": ["https://api.github.com/repos/fcampelo/CWUR-vs-CNPq-2016/hooks"],
    "issue_events_url": ["https://api.github.com/repos/fcampelo/CWUR-vs-CNPq-2016/issues/events{/number}"],
    "events_url": ["https://api.github.com/repos/fcampelo/CWUR-vs-CNPq-2016/events"],
    "assignees_url": ["https://api.github.com/repos/fcampelo/CWUR-vs-CNPq-2016/assignees{/user}"],
    "branches_url": ["https://api.github.com/repos/fcampelo/CWUR-vs-CNPq-2016/branches{/branch}"],
    "tags_url": ["https://api.github.com/repos/fcampelo/CWUR-vs-CNPq-2016/tags"],
    "blobs_url": ["https://api.github.com/repos/fcampelo/CWUR-vs-CNPq-2016/git/blobs{/sha}"],
    "git_tags_url": ["https://api.github.com/repos/fcampelo/CWUR-vs-CNPq-2016/git/tags{/sha}"],
    "git_refs_url": ["https://api.github.com/repos/fcampelo/CWUR-vs-CNPq-2016/git/refs{/sha}"],
    "trees_url": ["https://api.github.com/repos/fcampelo/CWUR-vs-CNPq-2016/git/trees{/sha}"],
    "statuses_url": ["https://api.github.com/repos/fcampelo/CWUR-vs-CNPq-2016/statuses/{sha}"],
    "languages_url": ["https://api.github.com/repos/fcampelo/CWUR-vs-CNPq-2016/languages"],
    "stargazers_url": ["https://api.github.com/repos/fcampelo/CWUR-vs-CNPq-2016/stargazers"],
    "contributors_url": ["https://api.github.com/repos/fcampelo/CWUR-vs-CNPq-2016/contributors"],
    "subscribers_url": ["https://api.github.com/repos/fcampelo/CWUR-vs-CNPq-2016/subscribers"],
    "subscription_url": ["https://api.github.com/repos/fcampelo/CWUR-vs-CNPq-2016/subscription"],
    "commits_url": ["https://api.github.com/repos/fcampelo/CWUR-vs-CNPq-2016/commits{/sha}"],
    "git_commits_url": ["https://api.github.com/repos/fcampelo/CWUR-vs-CNPq-2016/git/commits{/sha}"],
    "comments_url": ["https://api.github.com/repos/fcampelo/CWUR-vs-CNPq-2016/comments{/number}"],
    "issue_comment_url": ["https://api.github.com/repos/fcampelo/CWUR-vs-CNPq-2016/issues/comments{/number}"],
    "contents_url": ["https://api.github.com/repos/fcampelo/CWUR-vs-CNPq-2016/contents/{+path}"],
    "compare_url": ["https://api.github.com/repos/fcampelo/CWUR-vs-CNPq-2016/compare/{base}...{head}"],
    "merges_url": ["https://api.github.com/repos/fcampelo/CWUR-vs-CNPq-2016/merges"],
    "archive_url": ["https://api.github.com/repos/fcampelo/CWUR-vs-CNPq-2016/{archive_format}{/ref}"],
    "downloads_url": ["https://api.github.com/repos/fcampelo/CWUR-vs-CNPq-2016/downloads"],
    "issues_url": ["https://api.github.com/repos/fcampelo/CWUR-vs-CNPq-2016/issues{/number}"],
    "pulls_url": ["https://api.github.com/repos/fcampelo/CWUR-vs-CNPq-2016/pulls{/number}"],
    "milestones_url": ["https://api.github.com/repos/fcampelo/CWUR-vs-CNPq-2016/milestones{/number}"],
    "notifications_url": ["https://api.github.com/repos/fcampelo/CWUR-vs-CNPq-2016/notifications{?since,all,participating}"],
    "labels_url": ["https://api.github.com/repos/fcampelo/CWUR-vs-CNPq-2016/labels{/name}"],
    "releases_url": ["https://api.github.com/repos/fcampelo/CWUR-vs-CNPq-2016/releases{/id}"],
    "deployments_url": ["https://api.github.com/repos/fcampelo/CWUR-vs-CNPq-2016/deployments"],
    "created_at": ["2016-12-22T01:00:53Z"],
    "updated_at": ["2016-12-22T01:06:22Z"],
    "pushed_at": ["2016-12-22T01:10:05Z"],
    "git_url": ["git://github.com/fcampelo/CWUR-vs-CNPq-2016.git"],
    "ssh_url": ["git@github.com:fcampelo/CWUR-vs-CNPq-2016.git"],
    "clone_url": ["https://github.com/fcampelo/CWUR-vs-CNPq-2016.git"],
    "svn_url": ["https://github.com/fcampelo/CWUR-vs-CNPq-2016"],
    "homepage": {},
    "size": [220],
    "stargazers_count": [0],
    "watchers_count": [0],
    "language": ["R"],
    "has_issues": [true],
    "has_projects": [true],
    "has_downloads": [true],
    "has_wiki": [true],
    "has_pages": [false],
    "forks_count": [0],
    "mirror_url": {},
    "archived": [false],
    "disabled": [false],
    "open_issues_count": [0],
    "license": {
      "key": ["gpl-3.0"],
      "name": ["GNU General Public License v3.0"],
      "spdx_id": ["GPL-3.0"],
      "url": ["https://api.github.com/licenses/gpl-3.0"],
      "node_id": ["MDc6TGljZW5zZTk="]
    },
    "forks": [0],
    "open_issues": [0],
    "watchers": [0],
    "default_branch": ["master"],
    "permissions": {
      "admin": [false],
      "push": [false],
      "pull": [true]
    }
  }
]
