[
  {
    "id": [26380212],
    "node_id": ["MDEwOlJlcG9zaXRvcnkyNjM4MDIxMg=="],
    "name": ["Test-Repo"],
    "full_name": ["fcampelo/Test-Repo"],
    "private": [false],
    "owner": {
      "login": ["fcampelo"],
      "id": [9551592],
      "node_id": ["MDQ6VXNlcjk1NTE1OTI="],
      "avatar_url": ["https://avatars0.githubusercontent.com/u/9551592?v=4"],
      "gravatar_id": [""],
      "url": ["https://api.github.com/users/fcampelo"],
      "html_url": ["https://github.com/fcampelo"],
      "followers_url": ["https://api.github.com/users/fcampelo/followers"],
      "following_url": ["https://api.github.com/users/fcampelo/following{/other_user}"],
      "gists_url": ["https://api.github.com/users/fcampelo/gists{/gist_id}"],
      "starred_url": ["https://api.github.com/users/fcampelo/starred{/owner}{/repo}"],
      "subscriptions_url": ["https://api.github.com/users/fcampelo/subscriptions"],
      "organizations_url": ["https://api.github.com/users/fcampelo/orgs"],
      "repos_url": ["https://api.github.com/users/fcampelo/repos"],
      "events_url": ["https://api.github.com/users/fcampelo/events{/privacy}"],
      "received_events_url": ["https://api.github.com/users/fcampelo/received_events"],
      "type": ["User"],
      "site_admin": [false]
    },
    "html_url": ["https://github.com/fcampelo/Test-Repo"],
    "description": ["My first repo, to try and experiment a few things."],
    "fork": [false],
    "url": ["https://api.github.com/repos/fcampelo/Test-Repo"],
    "forks_url": ["https://api.github.com/repos/fcampelo/Test-Repo/forks"],
    "keys_url": ["https://api.github.com/repos/fcampelo/Test-Repo/keys{/key_id}"],
    "collaborators_url": ["https://api.github.com/repos/fcampelo/Test-Repo/collaborators{/collaborator}"],
    "teams_url": ["https://api.github.com/repos/fcampelo/Test-Repo/teams"],
    "hooks_url": ["https://api.github.com/repos/fcampelo/Test-Repo/hooks"],
    "issue_events_url": ["https://api.github.com/repos/fcampelo/Test-Repo/issues/events{/number}"],
    "events_url": ["https://api.github.com/repos/fcampelo/Test-Repo/events"],
    "assignees_url": ["https://api.github.com/repos/fcampelo/Test-Repo/assignees{/user}"],
    "branches_url": ["https://api.github.com/repos/fcampelo/Test-Repo/branches{/branch}"],
    "tags_url": ["https://api.github.com/repos/fcampelo/Test-Repo/tags"],
    "blobs_url": ["https://api.github.com/repos/fcampelo/Test-Repo/git/blobs{/sha}"],
    "git_tags_url": ["https://api.github.com/repos/fcampelo/Test-Repo/git/tags{/sha}"],
    "git_refs_url": ["https://api.github.com/repos/fcampelo/Test-Repo/git/refs{/sha}"],
    "trees_url": ["https://api.github.com/repos/fcampelo/Test-Repo/git/trees{/sha}"],
    "statuses_url": ["https://api.github.com/repos/fcampelo/Test-Repo/statuses/{sha}"],
    "languages_url": ["https://api.github.com/repos/fcampelo/Test-Repo/languages"],
    "stargazers_url": ["https://api.github.com/repos/fcampelo/Test-Repo/stargazers"],
    "contributors_url": ["https://api.github.com/repos/fcampelo/Test-Repo/contributors"],
    "subscribers_url": ["https://api.github.com/repos/fcampelo/Test-Repo/subscribers"],
    "subscription_url": ["https://api.github.com/repos/fcampelo/Test-Repo/subscription"],
    "commits_url": ["https://api.github.com/repos/fcampelo/Test-Repo/commits{/sha}"],
    "git_commits_url": ["https://api.github.com/repos/fcampelo/Test-Repo/git/commits{/sha}"],
    "comments_url": ["https://api.github.com/repos/fcampelo/Test-Repo/comments{/number}"],
    "issue_comment_url": ["https://api.github.com/repos/fcampelo/Test-Repo/issues/comments{/number}"],
    "contents_url": ["https://api.github.com/repos/fcampelo/Test-Repo/contents/{+path}"],
    "compare_url": ["https://api.github.com/repos/fcampelo/Test-Repo/compare/{base}...{head}"],
    "merges_url": ["https://api.github.com/repos/fcampelo/Test-Repo/merges"],
    "archive_url": ["https://api.github.com/repos/fcampelo/Test-Repo/{archive_format}{/ref}"],
    "downloads_url": ["https://api.github.com/repos/fcampelo/Test-Repo/downloads"],
    "issues_url": ["https://api.github.com/repos/fcampelo/Test-Repo/issues{/number}"],
    "pulls_url": ["https://api.github.com/repos/fcampelo/Test-Repo/pulls{/number}"],
    "milestones_url": ["https://api.github.com/repos/fcampelo/Test-Repo/milestones{/number}"],
    "notifications_url": ["https://api.github.com/repos/fcampelo/Test-Repo/notifications{?since,all,participating}"],
    "labels_url": ["https://api.github.com/repos/fcampelo/Test-Repo/labels{/name}"],
    "releases_url": ["https://api.github.com/repos/fcampelo/Test-Repo/releases{/id}"],
    "deployments_url": ["https://api.github.com/repos/fcampelo/Test-Repo/deployments"],
    "created_at": ["2014-11-09T00:57:50Z"],
    "updated_at": ["2014-11-09T01:03:22Z"],
    "pushed_at": ["2014-11-09T01:04:12Z"],
    "git_url": ["git://github.com/fcampelo/Test-Repo.git"],
    "ssh_url": ["git@github.com:fcampelo/Test-Repo.git"],
    "clone_url": ["https://github.com/fcampelo/Test-Repo.git"],
    "svn_url": ["https://github.com/fcampelo/Test-Repo"],
    "homepage": [""],
    "size": [160],
    "stargazers_count": [0],
    "watchers_count": [0],
    "language": {},
    "has_issues": [true],
    "has_projects": [true],
    "has_downloads": [true],
    "has_wiki": [true],
    "has_pages": [false],
    "forks_count": [0],
    "mirror_url": {},
    "archived": [false],
    "disabled": [false],
    "open_issues_count": [0],
    "license": {},
    "forks": [0],
    "open_issues": [0],
    "watchers": [0],
    "default_branch": ["master"],
    "permissions": {
      "admin": [false],
      "push": [false],
      "pull": [true]
    }
  }
]
