[
  {
    "id": [61828989],
    "node_id": ["MDEwOlJlcG9zaXRvcnk2MTgyODk4OQ=="],
    "name": ["MOEADr"],
    "full_name": ["fcampelo/MOEADr"],
    "private": [false],
    "owner": {
      "login": ["fcampelo"],
      "id": [9551592],
      "node_id": ["MDQ6VXNlcjk1NTE1OTI="],
      "avatar_url": ["https://avatars0.githubusercontent.com/u/9551592?v=4"],
      "gravatar_id": [""],
      "url": ["https://api.github.com/users/fcampelo"],
      "html_url": ["https://github.com/fcampelo"],
      "followers_url": ["https://api.github.com/users/fcampelo/followers"],
      "following_url": ["https://api.github.com/users/fcampelo/following{/other_user}"],
      "gists_url": ["https://api.github.com/users/fcampelo/gists{/gist_id}"],
      "starred_url": ["https://api.github.com/users/fcampelo/starred{/owner}{/repo}"],
      "subscriptions_url": ["https://api.github.com/users/fcampelo/subscriptions"],
      "organizations_url": ["https://api.github.com/users/fcampelo/orgs"],
      "repos_url": ["https://api.github.com/users/fcampelo/repos"],
      "events_url": ["https://api.github.com/users/fcampelo/events{/privacy}"],
      "received_events_url": ["https://api.github.com/users/fcampelo/received_events"],
      "type": ["User"],
      "site_admin": [false]
    },
    "html_url": ["https://github.com/fcampelo/MOEADr"],
    "description": ["R package MOEADr, a modular implementation of the Multiobjective Evolutionary Algorithm with Decomposition (MOEA/D) framework"],
    "fork": [false],
    "url": ["https://api.github.com/repos/fcampelo/MOEADr"],
    "forks_url": ["https://api.github.com/repos/fcampelo/MOEADr/forks"],
    "keys_url": ["https://api.github.com/repos/fcampelo/MOEADr/keys{/key_id}"],
    "collaborators_url": ["https://api.github.com/repos/fcampelo/MOEADr/collaborators{/collaborator}"],
    "teams_url": ["https://api.github.com/repos/fcampelo/MOEADr/teams"],
    "hooks_url": ["https://api.github.com/repos/fcampelo/MOEADr/hooks"],
    "issue_events_url": ["https://api.github.com/repos/fcampelo/MOEADr/issues/events{/number}"],
    "events_url": ["https://api.github.com/repos/fcampelo/MOEADr/events"],
    "assignees_url": ["https://api.github.com/repos/fcampelo/MOEADr/assignees{/user}"],
    "branches_url": ["https://api.github.com/repos/fcampelo/MOEADr/branches{/branch}"],
    "tags_url": ["https://api.github.com/repos/fcampelo/MOEADr/tags"],
    "blobs_url": ["https://api.github.com/repos/fcampelo/MOEADr/git/blobs{/sha}"],
    "git_tags_url": ["https://api.github.com/repos/fcampelo/MOEADr/git/tags{/sha}"],
    "git_refs_url": ["https://api.github.com/repos/fcampelo/MOEADr/git/refs{/sha}"],
    "trees_url": ["https://api.github.com/repos/fcampelo/MOEADr/git/trees{/sha}"],
    "statuses_url": ["https://api.github.com/repos/fcampelo/MOEADr/statuses/{sha}"],
    "languages_url": ["https://api.github.com/repos/fcampelo/MOEADr/languages"],
    "stargazers_url": ["https://api.github.com/repos/fcampelo/MOEADr/stargazers"],
    "contributors_url": ["https://api.github.com/repos/fcampelo/MOEADr/contributors"],
    "subscribers_url": ["https://api.github.com/repos/fcampelo/MOEADr/subscribers"],
    "subscription_url": ["https://api.github.com/repos/fcampelo/MOEADr/subscription"],
    "commits_url": ["https://api.github.com/repos/fcampelo/MOEADr/commits{/sha}"],
    "git_commits_url": ["https://api.github.com/repos/fcampelo/MOEADr/git/commits{/sha}"],
    "comments_url": ["https://api.github.com/repos/fcampelo/MOEADr/comments{/number}"],
    "issue_comment_url": ["https://api.github.com/repos/fcampelo/MOEADr/issues/comments{/number}"],
    "contents_url": ["https://api.github.com/repos/fcampelo/MOEADr/contents/{+path}"],
    "compare_url": ["https://api.github.com/repos/fcampelo/MOEADr/compare/{base}...{head}"],
    "merges_url": ["https://api.github.com/repos/fcampelo/MOEADr/merges"],
    "archive_url": ["https://api.github.com/repos/fcampelo/MOEADr/{archive_format}{/ref}"],
    "downloads_url": ["https://api.github.com/repos/fcampelo/MOEADr/downloads"],
    "issues_url": ["https://api.github.com/repos/fcampelo/MOEADr/issues{/number}"],
    "pulls_url": ["https://api.github.com/repos/fcampelo/MOEADr/pulls{/number}"],
    "milestones_url": ["https://api.github.com/repos/fcampelo/MOEADr/milestones{/number}"],
    "notifications_url": ["https://api.github.com/repos/fcampelo/MOEADr/notifications{?since,all,participating}"],
    "labels_url": ["https://api.github.com/repos/fcampelo/MOEADr/labels{/name}"],
    "releases_url": ["https://api.github.com/repos/fcampelo/MOEADr/releases{/id}"],
    "deployments_url": ["https://api.github.com/repos/fcampelo/MOEADr/deployments"],
    "created_at": ["2016-06-23T18:50:55Z"],
    "updated_at": ["2018-11-19T13:15:30Z"],
    "pushed_at": ["2018-11-19T13:15:28Z"],
    "git_url": ["git://github.com/fcampelo/MOEADr.git"],
    "ssh_url": ["git@github.com:fcampelo/MOEADr.git"],
    "clone_url": ["https://github.com/fcampelo/MOEADr.git"],
    "svn_url": ["https://github.com/fcampelo/MOEADr"],
    "homepage": [""],
    "size": [2557],
    "stargazers_count": [9],
    "watchers_count": [9],
    "language": ["R"],
    "has_issues": [true],
    "has_projects": [true],
    "has_downloads": [true],
    "has_wiki": [true],
    "has_pages": [true],
    "forks_count": [7],
    "mirror_url": {},
    "archived": [false],
    "disabled": [false],
    "open_issues_count": [12],
    "license": {},
    "forks": [7],
    "open_issues": [12],
    "watchers": [9],
    "default_branch": ["master"],
    "permissions": {
      "admin": [false],
      "push": [false],
      "pull": [true]
    }
  }
]
