[
  {
    "id": [31226264],
    "node_id": ["MDEwOlJlcG9zaXRvcnkzMTIyNjI2NA=="],
    "name": ["Design-and-Analysis-of-Experiments"],
    "full_name": ["fcampelo/Design-and-Analysis-of-Experiments"],
    "private": [false],
    "owner": {
      "login": ["fcampelo"],
      "id": [9551592],
      "node_id": ["MDQ6VXNlcjk1NTE1OTI="],
      "avatar_url": ["https://avatars0.githubusercontent.com/u/9551592?v=4"],
      "gravatar_id": [""],
      "url": ["https://api.github.com/users/fcampelo"],
      "html_url": ["https://github.com/fcampelo"],
      "followers_url": ["https://api.github.com/users/fcampelo/followers"],
      "following_url": ["https://api.github.com/users/fcampelo/following{/other_user}"],
      "gists_url": ["https://api.github.com/users/fcampelo/gists{/gist_id}"],
      "starred_url": ["https://api.github.com/users/fcampelo/starred{/owner}{/repo}"],
      "subscriptions_url": ["https://api.github.com/users/fcampelo/subscriptions"],
      "organizations_url": ["https://api.github.com/users/fcampelo/orgs"],
      "repos_url": ["https://api.github.com/users/fcampelo/repos"],
      "events_url": ["https://api.github.com/users/fcampelo/events{/privacy}"],
      "received_events_url": ["https://api.github.com/users/fcampelo/received_events"],
      "type": ["User"],
      "site_admin": [false]
    },
    "html_url": ["https://github.com/fcampelo/Design-and-Analysis-of-Experiments"],
    "description": ["Lecture Notes on Design & Analysis of Experiments"],
    "fork": [false],
    "url": ["https://api.github.com/repos/fcampelo/Design-and-Analysis-of-Experiments"],
    "forks_url": ["https://api.github.com/repos/fcampelo/Design-and-Analysis-of-Experiments/forks"],
    "keys_url": ["https://api.github.com/repos/fcampelo/Design-and-Analysis-of-Experiments/keys{/key_id}"],
    "collaborators_url": ["https://api.github.com/repos/fcampelo/Design-and-Analysis-of-Experiments/collaborators{/collaborator}"],
    "teams_url": ["https://api.github.com/repos/fcampelo/Design-and-Analysis-of-Experiments/teams"],
    "hooks_url": ["https://api.github.com/repos/fcampelo/Design-and-Analysis-of-Experiments/hooks"],
    "issue_events_url": ["https://api.github.com/repos/fcampelo/Design-and-Analysis-of-Experiments/issues/events{/number}"],
    "events_url": ["https://api.github.com/repos/fcampelo/Design-and-Analysis-of-Experiments/events"],
    "assignees_url": ["https://api.github.com/repos/fcampelo/Design-and-Analysis-of-Experiments/assignees{/user}"],
    "branches_url": ["https://api.github.com/repos/fcampelo/Design-and-Analysis-of-Experiments/branches{/branch}"],
    "tags_url": ["https://api.github.com/repos/fcampelo/Design-and-Analysis-of-Experiments/tags"],
    "blobs_url": ["https://api.github.com/repos/fcampelo/Design-and-Analysis-of-Experiments/git/blobs{/sha}"],
    "git_tags_url": ["https://api.github.com/repos/fcampelo/Design-and-Analysis-of-Experiments/git/tags{/sha}"],
    "git_refs_url": ["https://api.github.com/repos/fcampelo/Design-and-Analysis-of-Experiments/git/refs{/sha}"],
    "trees_url": ["https://api.github.com/repos/fcampelo/Design-and-Analysis-of-Experiments/git/trees{/sha}"],
    "statuses_url": ["https://api.github.com/repos/fcampelo/Design-and-Analysis-of-Experiments/statuses/{sha}"],
    "languages_url": ["https://api.github.com/repos/fcampelo/Design-and-Analysis-of-Experiments/languages"],
    "stargazers_url": ["https://api.github.com/repos/fcampelo/Design-and-Analysis-of-Experiments/stargazers"],
    "contributors_url": ["https://api.github.com/repos/fcampelo/Design-and-Analysis-of-Experiments/contributors"],
    "subscribers_url": ["https://api.github.com/repos/fcampelo/Design-and-Analysis-of-Experiments/subscribers"],
    "subscription_url": ["https://api.github.com/repos/fcampelo/Design-and-Analysis-of-Experiments/subscription"],
    "commits_url": ["https://api.github.com/repos/fcampelo/Design-and-Analysis-of-Experiments/commits{/sha}"],
    "git_commits_url": ["https://api.github.com/repos/fcampelo/Design-and-Analysis-of-Experiments/git/commits{/sha}"],
    "comments_url": ["https://api.github.com/repos/fcampelo/Design-and-Analysis-of-Experiments/comments{/number}"],
    "issue_comment_url": ["https://api.github.com/repos/fcampelo/Design-and-Analysis-of-Experiments/issues/comments{/number}"],
    "contents_url": ["https://api.github.com/repos/fcampelo/Design-and-Analysis-of-Experiments/contents/{+path}"],
    "compare_url": ["https://api.github.com/repos/fcampelo/Design-and-Analysis-of-Experiments/compare/{base}...{head}"],
    "merges_url": ["https://api.github.com/repos/fcampelo/Design-and-Analysis-of-Experiments/merges"],
    "archive_url": ["https://api.github.com/repos/fcampelo/Design-and-Analysis-of-Experiments/{archive_format}{/ref}"],
    "downloads_url": ["https://api.github.com/repos/fcampelo/Design-and-Analysis-of-Experiments/downloads"],
    "issues_url": ["https://api.github.com/repos/fcampelo/Design-and-Analysis-of-Experiments/issues{/number}"],
    "pulls_url": ["https://api.github.com/repos/fcampelo/Design-and-Analysis-of-Experiments/pulls{/number}"],
    "milestones_url": ["https://api.github.com/repos/fcampelo/Design-and-Analysis-of-Experiments/milestones{/number}"],
    "notifications_url": ["https://api.github.com/repos/fcampelo/Design-and-Analysis-of-Experiments/notifications{?since,all,participating}"],
    "labels_url": ["https://api.github.com/repos/fcampelo/Design-and-Analysis-of-Experiments/labels{/name}"],
    "releases_url": ["https://api.github.com/repos/fcampelo/Design-and-Analysis-of-Experiments/releases{/id}"],
    "deployments_url": ["https://api.github.com/repos/fcampelo/Design-and-Analysis-of-Experiments/deployments"],
    "created_at": ["2015-02-23T19:50:14Z"],
    "updated_at": ["2019-04-01T02:14:15Z"],
    "pushed_at": ["2019-03-29T11:40:59Z"],
    "git_url": ["git://github.com/fcampelo/Design-and-Analysis-of-Experiments.git"],
    "ssh_url": ["git@github.com:fcampelo/Design-and-Analysis-of-Experiments.git"],
    "clone_url": ["https://github.com/fcampelo/Design-and-Analysis-of-Experiments.git"],
    "svn_url": ["https://github.com/fcampelo/Design-and-Analysis-of-Experiments"],
    "homepage": {},
    "size": [71596],
    "stargazers_count": [43],
    "watchers_count": [43],
    "language": ["TeX"],
    "has_issues": [true],
    "has_projects": [true],
    "has_downloads": [true],
    "has_wiki": [false],
    "has_pages": [false],
    "forks_count": [33],
    "mirror_url": {},
    "archived": [false],
    "disabled": [false],
    "open_issues_count": [1],
    "license": {},
    "forks": [33],
    "open_issues": [1],
    "watchers": [43],
    "default_branch": ["master"],
    "permissions": {
      "admin": [false],
      "push": [false],
      "pull": [true]
    }
  }
]
