[
  {
    "id": [55931166],
    "node_id": ["MDEwOlJlcG9zaXRvcnk1NTkzMTE2Ng=="],
    "name": ["smoof"],
    "full_name": ["fcampelo/smoof"],
    "private": [false],
    "owner": {
      "login": ["fcampelo"],
      "id": [9551592],
      "node_id": ["MDQ6VXNlcjk1NTE1OTI="],
      "avatar_url": ["https://avatars0.githubusercontent.com/u/9551592?v=4"],
      "gravatar_id": [""],
      "url": ["https://api.github.com/users/fcampelo"],
      "html_url": ["https://github.com/fcampelo"],
      "followers_url": ["https://api.github.com/users/fcampelo/followers"],
      "following_url": ["https://api.github.com/users/fcampelo/following{/other_user}"],
      "gists_url": ["https://api.github.com/users/fcampelo/gists{/gist_id}"],
      "starred_url": ["https://api.github.com/users/fcampelo/starred{/owner}{/repo}"],
      "subscriptions_url": ["https://api.github.com/users/fcampelo/subscriptions"],
      "organizations_url": ["https://api.github.com/users/fcampelo/orgs"],
      "repos_url": ["https://api.github.com/users/fcampelo/repos"],
      "events_url": ["https://api.github.com/users/fcampelo/events{/privacy}"],
      "received_events_url": ["https://api.github.com/users/fcampelo/received_events"],
      "type": ["User"],
      "site_admin": [false]
    },
    "html_url": ["https://github.com/fcampelo/smoof"],
    "description": ["Single- and Multi-Objective Optimization test Functions"],
    "fork": [true],
    "url": ["https://api.github.com/repos/fcampelo/smoof"],
    "forks_url": ["https://api.github.com/repos/fcampelo/smoof/forks"],
    "keys_url": ["https://api.github.com/repos/fcampelo/smoof/keys{/key_id}"],
    "collaborators_url": ["https://api.github.com/repos/fcampelo/smoof/collaborators{/collaborator}"],
    "teams_url": ["https://api.github.com/repos/fcampelo/smoof/teams"],
    "hooks_url": ["https://api.github.com/repos/fcampelo/smoof/hooks"],
    "issue_events_url": ["https://api.github.com/repos/fcampelo/smoof/issues/events{/number}"],
    "events_url": ["https://api.github.com/repos/fcampelo/smoof/events"],
    "assignees_url": ["https://api.github.com/repos/fcampelo/smoof/assignees{/user}"],
    "branches_url": ["https://api.github.com/repos/fcampelo/smoof/branches{/branch}"],
    "tags_url": ["https://api.github.com/repos/fcampelo/smoof/tags"],
    "blobs_url": ["https://api.github.com/repos/fcampelo/smoof/git/blobs{/sha}"],
    "git_tags_url": ["https://api.github.com/repos/fcampelo/smoof/git/tags{/sha}"],
    "git_refs_url": ["https://api.github.com/repos/fcampelo/smoof/git/refs{/sha}"],
    "trees_url": ["https://api.github.com/repos/fcampelo/smoof/git/trees{/sha}"],
    "statuses_url": ["https://api.github.com/repos/fcampelo/smoof/statuses/{sha}"],
    "languages_url": ["https://api.github.com/repos/fcampelo/smoof/languages"],
    "stargazers_url": ["https://api.github.com/repos/fcampelo/smoof/stargazers"],
    "contributors_url": ["https://api.github.com/repos/fcampelo/smoof/contributors"],
    "subscribers_url": ["https://api.github.com/repos/fcampelo/smoof/subscribers"],
    "subscription_url": ["https://api.github.com/repos/fcampelo/smoof/subscription"],
    "commits_url": ["https://api.github.com/repos/fcampelo/smoof/commits{/sha}"],
    "git_commits_url": ["https://api.github.com/repos/fcampelo/smoof/git/commits{/sha}"],
    "comments_url": ["https://api.github.com/repos/fcampelo/smoof/comments{/number}"],
    "issue_comment_url": ["https://api.github.com/repos/fcampelo/smoof/issues/comments{/number}"],
    "contents_url": ["https://api.github.com/repos/fcampelo/smoof/contents/{+path}"],
    "compare_url": ["https://api.github.com/repos/fcampelo/smoof/compare/{base}...{head}"],
    "merges_url": ["https://api.github.com/repos/fcampelo/smoof/merges"],
    "archive_url": ["https://api.github.com/repos/fcampelo/smoof/{archive_format}{/ref}"],
    "downloads_url": ["https://api.github.com/repos/fcampelo/smoof/downloads"],
    "issues_url": ["https://api.github.com/repos/fcampelo/smoof/issues{/number}"],
    "pulls_url": ["https://api.github.com/repos/fcampelo/smoof/pulls{/number}"],
    "milestones_url": ["https://api.github.com/repos/fcampelo/smoof/milestones{/number}"],
    "notifications_url": ["https://api.github.com/repos/fcampelo/smoof/notifications{?since,all,participating}"],
    "labels_url": ["https://api.github.com/repos/fcampelo/smoof/labels{/name}"],
    "releases_url": ["https://api.github.com/repos/fcampelo/smoof/releases{/id}"],
    "deployments_url": ["https://api.github.com/repos/fcampelo/smoof/deployments"],
    "created_at": ["2016-04-11T01:00:17Z"],
    "updated_at": ["2016-04-11T01:00:18Z"],
    "pushed_at": ["2016-03-24T11:59:33Z"],
    "git_url": ["git://github.com/fcampelo/smoof.git"],
    "ssh_url": ["git@github.com:fcampelo/smoof.git"],
    "clone_url": ["https://github.com/fcampelo/smoof.git"],
    "svn_url": ["https://github.com/fcampelo/smoof"],
    "homepage": [""],
    "size": [3961],
    "stargazers_count": [0],
    "watchers_count": [0],
    "language": ["R"],
    "has_issues": [false],
    "has_projects": [true],
    "has_downloads": [true],
    "has_wiki": [false],
    "has_pages": [false],
    "forks_count": [0],
    "mirror_url": {},
    "archived": [false],
    "disabled": [false],
    "open_issues_count": [0],
    "license": {
      "key": ["other"],
      "name": ["Other"],
      "spdx_id": ["NOASSERTION"],
      "url": {},
      "node_id": ["MDc6TGljZW5zZTA="]
    },
    "forks": [0],
    "open_issues": [0],
    "watchers": [0],
    "default_branch": ["master"],
    "permissions": {
      "admin": [false],
      "push": [false],
      "pull": [true]
    }
  }
]
