[
  {
    "id": [45735988],
    "node_id": ["MDEwOlJlcG9zaXRvcnk0NTczNTk4OA=="],
    "name": ["Loudspeaker-model"],
    "full_name": ["fcampelo/Loudspeaker-model"],
    "private": [false],
    "owner": {
      "login": ["fcampelo"],
      "id": [9551592],
      "node_id": ["MDQ6VXNlcjk1NTE1OTI="],
      "avatar_url": ["https://avatars0.githubusercontent.com/u/9551592?v=4"],
      "gravatar_id": [""],
      "url": ["https://api.github.com/users/fcampelo"],
      "html_url": ["https://github.com/fcampelo"],
      "followers_url": ["https://api.github.com/users/fcampelo/followers"],
      "following_url": ["https://api.github.com/users/fcampelo/following{/other_user}"],
      "gists_url": ["https://api.github.com/users/fcampelo/gists{/gist_id}"],
      "starred_url": ["https://api.github.com/users/fcampelo/starred{/owner}{/repo}"],
      "subscriptions_url": ["https://api.github.com/users/fcampelo/subscriptions"],
      "organizations_url": ["https://api.github.com/users/fcampelo/orgs"],
      "repos_url": ["https://api.github.com/users/fcampelo/repos"],
      "events_url": ["https://api.github.com/users/fcampelo/events{/privacy}"],
      "received_events_url": ["https://api.github.com/users/fcampelo/received_events"],
      "type": ["User"],
      "site_admin": [false]
    },
    "html_url": ["https://github.com/fcampelo/Loudspeaker-model"],
    "description": ["FEMM loudspeaker model"],
    "fork": [false],
    "url": ["https://api.github.com/repos/fcampelo/Loudspeaker-model"],
    "forks_url": ["https://api.github.com/repos/fcampelo/Loudspeaker-model/forks"],
    "keys_url": ["https://api.github.com/repos/fcampelo/Loudspeaker-model/keys{/key_id}"],
    "collaborators_url": ["https://api.github.com/repos/fcampelo/Loudspeaker-model/collaborators{/collaborator}"],
    "teams_url": ["https://api.github.com/repos/fcampelo/Loudspeaker-model/teams"],
    "hooks_url": ["https://api.github.com/repos/fcampelo/Loudspeaker-model/hooks"],
    "issue_events_url": ["https://api.github.com/repos/fcampelo/Loudspeaker-model/issues/events{/number}"],
    "events_url": ["https://api.github.com/repos/fcampelo/Loudspeaker-model/events"],
    "assignees_url": ["https://api.github.com/repos/fcampelo/Loudspeaker-model/assignees{/user}"],
    "branches_url": ["https://api.github.com/repos/fcampelo/Loudspeaker-model/branches{/branch}"],
    "tags_url": ["https://api.github.com/repos/fcampelo/Loudspeaker-model/tags"],
    "blobs_url": ["https://api.github.com/repos/fcampelo/Loudspeaker-model/git/blobs{/sha}"],
    "git_tags_url": ["https://api.github.com/repos/fcampelo/Loudspeaker-model/git/tags{/sha}"],
    "git_refs_url": ["https://api.github.com/repos/fcampelo/Loudspeaker-model/git/refs{/sha}"],
    "trees_url": ["https://api.github.com/repos/fcampelo/Loudspeaker-model/git/trees{/sha}"],
    "statuses_url": ["https://api.github.com/repos/fcampelo/Loudspeaker-model/statuses/{sha}"],
    "languages_url": ["https://api.github.com/repos/fcampelo/Loudspeaker-model/languages"],
    "stargazers_url": ["https://api.github.com/repos/fcampelo/Loudspeaker-model/stargazers"],
    "contributors_url": ["https://api.github.com/repos/fcampelo/Loudspeaker-model/contributors"],
    "subscribers_url": ["https://api.github.com/repos/fcampelo/Loudspeaker-model/subscribers"],
    "subscription_url": ["https://api.github.com/repos/fcampelo/Loudspeaker-model/subscription"],
    "commits_url": ["https://api.github.com/repos/fcampelo/Loudspeaker-model/commits{/sha}"],
    "git_commits_url": ["https://api.github.com/repos/fcampelo/Loudspeaker-model/git/commits{/sha}"],
    "comments_url": ["https://api.github.com/repos/fcampelo/Loudspeaker-model/comments{/number}"],
    "issue_comment_url": ["https://api.github.com/repos/fcampelo/Loudspeaker-model/issues/comments{/number}"],
    "contents_url": ["https://api.github.com/repos/fcampelo/Loudspeaker-model/contents/{+path}"],
    "compare_url": ["https://api.github.com/repos/fcampelo/Loudspeaker-model/compare/{base}...{head}"],
    "merges_url": ["https://api.github.com/repos/fcampelo/Loudspeaker-model/merges"],
    "archive_url": ["https://api.github.com/repos/fcampelo/Loudspeaker-model/{archive_format}{/ref}"],
    "downloads_url": ["https://api.github.com/repos/fcampelo/Loudspeaker-model/downloads"],
    "issues_url": ["https://api.github.com/repos/fcampelo/Loudspeaker-model/issues{/number}"],
    "pulls_url": ["https://api.github.com/repos/fcampelo/Loudspeaker-model/pulls{/number}"],
    "milestones_url": ["https://api.github.com/repos/fcampelo/Loudspeaker-model/milestones{/number}"],
    "notifications_url": ["https://api.github.com/repos/fcampelo/Loudspeaker-model/notifications{?since,all,participating}"],
    "labels_url": ["https://api.github.com/repos/fcampelo/Loudspeaker-model/labels{/name}"],
    "releases_url": ["https://api.github.com/repos/fcampelo/Loudspeaker-model/releases{/id}"],
    "deployments_url": ["https://api.github.com/repos/fcampelo/Loudspeaker-model/deployments"],
    "created_at": ["2015-11-07T12:43:27Z"],
    "updated_at": ["2018-01-24T12:58:17Z"],
    "pushed_at": ["2018-01-24T12:58:15Z"],
    "git_url": ["git://github.com/fcampelo/Loudspeaker-model.git"],
    "ssh_url": ["git@github.com:fcampelo/Loudspeaker-model.git"],
    "clone_url": ["https://github.com/fcampelo/Loudspeaker-model.git"],
    "svn_url": ["https://github.com/fcampelo/Loudspeaker-model"],
    "homepage": {},
    "size": [16238],
    "stargazers_count": [1],
    "watchers_count": [1],
    "language": ["Lua"],
    "has_issues": [true],
    "has_projects": [true],
    "has_downloads": [true],
    "has_wiki": [true],
    "has_pages": [false],
    "forks_count": [3],
    "mirror_url": {},
    "archived": [false],
    "disabled": [false],
    "open_issues_count": [0],
    "license": {},
    "forks": [3],
    "open_issues": [0],
    "watchers": [1],
    "default_branch": ["master"],
    "permissions": {
      "admin": [false],
      "push": [false],
      "pull": [true]
    }
  }
]
