[
  {
    "id": [57146976],
    "node_id": ["MDEwOlJlcG9zaXRvcnk1NzE0Njk3Ng=="],
    "name": ["Intro-Computacao-Evolutiva"],
    "full_name": ["fcampelo/Intro-Computacao-Evolutiva"],
    "private": [false],
    "owner": {
      "login": ["fcampelo"],
      "id": [9551592],
      "node_id": ["MDQ6VXNlcjk1NTE1OTI="],
      "avatar_url": ["https://avatars0.githubusercontent.com/u/9551592?v=4"],
      "gravatar_id": [""],
      "url": ["https://api.github.com/users/fcampelo"],
      "html_url": ["https://github.com/fcampelo"],
      "followers_url": ["https://api.github.com/users/fcampelo/followers"],
      "following_url": ["https://api.github.com/users/fcampelo/following{/other_user}"],
      "gists_url": ["https://api.github.com/users/fcampelo/gists{/gist_id}"],
      "starred_url": ["https://api.github.com/users/fcampelo/starred{/owner}{/repo}"],
      "subscriptions_url": ["https://api.github.com/users/fcampelo/subscriptions"],
      "organizations_url": ["https://api.github.com/users/fcampelo/orgs"],
      "repos_url": ["https://api.github.com/users/fcampelo/repos"],
      "events_url": ["https://api.github.com/users/fcampelo/events{/privacy}"],
      "received_events_url": ["https://api.github.com/users/fcampelo/received_events"],
      "type": ["User"],
      "site_admin": [false]
    },
    "html_url": ["https://github.com/fcampelo/Intro-Computacao-Evolutiva"],
    "description": ["Uma breve introdução à computação evolutiva para um público geral."],
    "fork": [false],
    "url": ["https://api.github.com/repos/fcampelo/Intro-Computacao-Evolutiva"],
    "forks_url": ["https://api.github.com/repos/fcampelo/Intro-Computacao-Evolutiva/forks"],
    "keys_url": ["https://api.github.com/repos/fcampelo/Intro-Computacao-Evolutiva/keys{/key_id}"],
    "collaborators_url": ["https://api.github.com/repos/fcampelo/Intro-Computacao-Evolutiva/collaborators{/collaborator}"],
    "teams_url": ["https://api.github.com/repos/fcampelo/Intro-Computacao-Evolutiva/teams"],
    "hooks_url": ["https://api.github.com/repos/fcampelo/Intro-Computacao-Evolutiva/hooks"],
    "issue_events_url": ["https://api.github.com/repos/fcampelo/Intro-Computacao-Evolutiva/issues/events{/number}"],
    "events_url": ["https://api.github.com/repos/fcampelo/Intro-Computacao-Evolutiva/events"],
    "assignees_url": ["https://api.github.com/repos/fcampelo/Intro-Computacao-Evolutiva/assignees{/user}"],
    "branches_url": ["https://api.github.com/repos/fcampelo/Intro-Computacao-Evolutiva/branches{/branch}"],
    "tags_url": ["https://api.github.com/repos/fcampelo/Intro-Computacao-Evolutiva/tags"],
    "blobs_url": ["https://api.github.com/repos/fcampelo/Intro-Computacao-Evolutiva/git/blobs{/sha}"],
    "git_tags_url": ["https://api.github.com/repos/fcampelo/Intro-Computacao-Evolutiva/git/tags{/sha}"],
    "git_refs_url": ["https://api.github.com/repos/fcampelo/Intro-Computacao-Evolutiva/git/refs{/sha}"],
    "trees_url": ["https://api.github.com/repos/fcampelo/Intro-Computacao-Evolutiva/git/trees{/sha}"],
    "statuses_url": ["https://api.github.com/repos/fcampelo/Intro-Computacao-Evolutiva/statuses/{sha}"],
    "languages_url": ["https://api.github.com/repos/fcampelo/Intro-Computacao-Evolutiva/languages"],
    "stargazers_url": ["https://api.github.com/repos/fcampelo/Intro-Computacao-Evolutiva/stargazers"],
    "contributors_url": ["https://api.github.com/repos/fcampelo/Intro-Computacao-Evolutiva/contributors"],
    "subscribers_url": ["https://api.github.com/repos/fcampelo/Intro-Computacao-Evolutiva/subscribers"],
    "subscription_url": ["https://api.github.com/repos/fcampelo/Intro-Computacao-Evolutiva/subscription"],
    "commits_url": ["https://api.github.com/repos/fcampelo/Intro-Computacao-Evolutiva/commits{/sha}"],
    "git_commits_url": ["https://api.github.com/repos/fcampelo/Intro-Computacao-Evolutiva/git/commits{/sha}"],
    "comments_url": ["https://api.github.com/repos/fcampelo/Intro-Computacao-Evolutiva/comments{/number}"],
    "issue_comment_url": ["https://api.github.com/repos/fcampelo/Intro-Computacao-Evolutiva/issues/comments{/number}"],
    "contents_url": ["https://api.github.com/repos/fcampelo/Intro-Computacao-Evolutiva/contents/{+path}"],
    "compare_url": ["https://api.github.com/repos/fcampelo/Intro-Computacao-Evolutiva/compare/{base}...{head}"],
    "merges_url": ["https://api.github.com/repos/fcampelo/Intro-Computacao-Evolutiva/merges"],
    "archive_url": ["https://api.github.com/repos/fcampelo/Intro-Computacao-Evolutiva/{archive_format}{/ref}"],
    "downloads_url": ["https://api.github.com/repos/fcampelo/Intro-Computacao-Evolutiva/downloads"],
    "issues_url": ["https://api.github.com/repos/fcampelo/Intro-Computacao-Evolutiva/issues{/number}"],
    "pulls_url": ["https://api.github.com/repos/fcampelo/Intro-Computacao-Evolutiva/pulls{/number}"],
    "milestones_url": ["https://api.github.com/repos/fcampelo/Intro-Computacao-Evolutiva/milestones{/number}"],
    "notifications_url": ["https://api.github.com/repos/fcampelo/Intro-Computacao-Evolutiva/notifications{?since,all,participating}"],
    "labels_url": ["https://api.github.com/repos/fcampelo/Intro-Computacao-Evolutiva/labels{/name}"],
    "releases_url": ["https://api.github.com/repos/fcampelo/Intro-Computacao-Evolutiva/releases{/id}"],
    "deployments_url": ["https://api.github.com/repos/fcampelo/Intro-Computacao-Evolutiva/deployments"],
    "created_at": ["2016-04-26T17:07:36Z"],
    "updated_at": ["2016-05-19T01:04:31Z"],
    "pushed_at": ["2016-04-26T17:08:59Z"],
    "git_url": ["git://github.com/fcampelo/Intro-Computacao-Evolutiva.git"],
    "ssh_url": ["git@github.com:fcampelo/Intro-Computacao-Evolutiva.git"],
    "clone_url": ["https://github.com/fcampelo/Intro-Computacao-Evolutiva.git"],
    "svn_url": ["https://github.com/fcampelo/Intro-Computacao-Evolutiva"],
    "homepage": [""],
    "size": [1660],
    "stargazers_count": [0],
    "watchers_count": [0],
    "language": ["TeX"],
    "has_issues": [true],
    "has_projects": [true],
    "has_downloads": [true],
    "has_wiki": [true],
    "has_pages": [false],
    "forks_count": [0],
    "mirror_url": {},
    "archived": [false],
    "disabled": [false],
    "open_issues_count": [0],
    "license": {},
    "forks": [0],
    "open_issues": [0],
    "watchers": [0],
    "default_branch": ["master"],
    "permissions": {
      "admin": [false],
      "push": [false],
      "pull": [true]
    }
  }
]
