[
  {
    "id": [27641355],
    "node_id": ["MDEwOlJlcG9zaXRvcnkyNzY0MTM1NQ=="],
    "name": ["RepData_PeerAssessment1"],
    "full_name": ["fcampelo/RepData_PeerAssessment1"],
    "private": [false],
    "owner": {
      "login": ["fcampelo"],
      "id": [9551592],
      "node_id": ["MDQ6VXNlcjk1NTE1OTI="],
      "avatar_url": ["https://avatars0.githubusercontent.com/u/9551592?v=4"],
      "gravatar_id": [""],
      "url": ["https://api.github.com/users/fcampelo"],
      "html_url": ["https://github.com/fcampelo"],
      "followers_url": ["https://api.github.com/users/fcampelo/followers"],
      "following_url": ["https://api.github.com/users/fcampelo/following{/other_user}"],
      "gists_url": ["https://api.github.com/users/fcampelo/gists{/gist_id}"],
      "starred_url": ["https://api.github.com/users/fcampelo/starred{/owner}{/repo}"],
      "subscriptions_url": ["https://api.github.com/users/fcampelo/subscriptions"],
      "organizations_url": ["https://api.github.com/users/fcampelo/orgs"],
      "repos_url": ["https://api.github.com/users/fcampelo/repos"],
      "events_url": ["https://api.github.com/users/fcampelo/events{/privacy}"],
      "received_events_url": ["https://api.github.com/users/fcampelo/received_events"],
      "type": ["User"],
      "site_admin": [false]
    },
    "html_url": ["https://github.com/fcampelo/RepData_PeerAssessment1"],
    "description": ["Peer Assessment 1 for Reproducible Research"],
    "fork": [true],
    "url": ["https://api.github.com/repos/fcampelo/RepData_PeerAssessment1"],
    "forks_url": ["https://api.github.com/repos/fcampelo/RepData_PeerAssessment1/forks"],
    "keys_url": ["https://api.github.com/repos/fcampelo/RepData_PeerAssessment1/keys{/key_id}"],
    "collaborators_url": ["https://api.github.com/repos/fcampelo/RepData_PeerAssessment1/collaborators{/collaborator}"],
    "teams_url": ["https://api.github.com/repos/fcampelo/RepData_PeerAssessment1/teams"],
    "hooks_url": ["https://api.github.com/repos/fcampelo/RepData_PeerAssessment1/hooks"],
    "issue_events_url": ["https://api.github.com/repos/fcampelo/RepData_PeerAssessment1/issues/events{/number}"],
    "events_url": ["https://api.github.com/repos/fcampelo/RepData_PeerAssessment1/events"],
    "assignees_url": ["https://api.github.com/repos/fcampelo/RepData_PeerAssessment1/assignees{/user}"],
    "branches_url": ["https://api.github.com/repos/fcampelo/RepData_PeerAssessment1/branches{/branch}"],
    "tags_url": ["https://api.github.com/repos/fcampelo/RepData_PeerAssessment1/tags"],
    "blobs_url": ["https://api.github.com/repos/fcampelo/RepData_PeerAssessment1/git/blobs{/sha}"],
    "git_tags_url": ["https://api.github.com/repos/fcampelo/RepData_PeerAssessment1/git/tags{/sha}"],
    "git_refs_url": ["https://api.github.com/repos/fcampelo/RepData_PeerAssessment1/git/refs{/sha}"],
    "trees_url": ["https://api.github.com/repos/fcampelo/RepData_PeerAssessment1/git/trees{/sha}"],
    "statuses_url": ["https://api.github.com/repos/fcampelo/RepData_PeerAssessment1/statuses/{sha}"],
    "languages_url": ["https://api.github.com/repos/fcampelo/RepData_PeerAssessment1/languages"],
    "stargazers_url": ["https://api.github.com/repos/fcampelo/RepData_PeerAssessment1/stargazers"],
    "contributors_url": ["https://api.github.com/repos/fcampelo/RepData_PeerAssessment1/contributors"],
    "subscribers_url": ["https://api.github.com/repos/fcampelo/RepData_PeerAssessment1/subscribers"],
    "subscription_url": ["https://api.github.com/repos/fcampelo/RepData_PeerAssessment1/subscription"],
    "commits_url": ["https://api.github.com/repos/fcampelo/RepData_PeerAssessment1/commits{/sha}"],
    "git_commits_url": ["https://api.github.com/repos/fcampelo/RepData_PeerAssessment1/git/commits{/sha}"],
    "comments_url": ["https://api.github.com/repos/fcampelo/RepData_PeerAssessment1/comments{/number}"],
    "issue_comment_url": ["https://api.github.com/repos/fcampelo/RepData_PeerAssessment1/issues/comments{/number}"],
    "contents_url": ["https://api.github.com/repos/fcampelo/RepData_PeerAssessment1/contents/{+path}"],
    "compare_url": ["https://api.github.com/repos/fcampelo/RepData_PeerAssessment1/compare/{base}...{head}"],
    "merges_url": ["https://api.github.com/repos/fcampelo/RepData_PeerAssessment1/merges"],
    "archive_url": ["https://api.github.com/repos/fcampelo/RepData_PeerAssessment1/{archive_format}{/ref}"],
    "downloads_url": ["https://api.github.com/repos/fcampelo/RepData_PeerAssessment1/downloads"],
    "issues_url": ["https://api.github.com/repos/fcampelo/RepData_PeerAssessment1/issues{/number}"],
    "pulls_url": ["https://api.github.com/repos/fcampelo/RepData_PeerAssessment1/pulls{/number}"],
    "milestones_url": ["https://api.github.com/repos/fcampelo/RepData_PeerAssessment1/milestones{/number}"],
    "notifications_url": ["https://api.github.com/repos/fcampelo/RepData_PeerAssessment1/notifications{?since,all,participating}"],
    "labels_url": ["https://api.github.com/repos/fcampelo/RepData_PeerAssessment1/labels{/name}"],
    "releases_url": ["https://api.github.com/repos/fcampelo/RepData_PeerAssessment1/releases{/id}"],
    "deployments_url": ["https://api.github.com/repos/fcampelo/RepData_PeerAssessment1/deployments"],
    "created_at": ["2014-12-06T16:51:30Z"],
    "updated_at": ["2014-11-18T01:03:25Z"],
    "pushed_at": ["2014-12-09T17:17:04Z"],
    "git_url": ["git://github.com/fcampelo/RepData_PeerAssessment1.git"],
    "ssh_url": ["git@github.com:fcampelo/RepData_PeerAssessment1.git"],
    "clone_url": ["https://github.com/fcampelo/RepData_PeerAssessment1.git"],
    "svn_url": ["https://github.com/fcampelo/RepData_PeerAssessment1"],
    "homepage": {},
    "size": [2191],
    "stargazers_count": [0],
    "watchers_count": [0],
    "language": {},
    "has_issues": [false],
    "has_projects": [true],
    "has_downloads": [true],
    "has_wiki": [true],
    "has_pages": [false],
    "forks_count": [0],
    "mirror_url": {},
    "archived": [false],
    "disabled": [false],
    "open_issues_count": [0],
    "license": {},
    "forks": [0],
    "open_issues": [0],
    "watchers": [0],
    "default_branch": ["master"],
    "permissions": {
      "admin": [false],
      "push": [false],
      "pull": [true]
    }
  }
]
