[
  {
    "id": [54759561],
    "node_id": ["MDEwOlJlcG9zaXRvcnk1NDc1OTU2MQ=="],
    "name": ["EC-Bestiary"],
    "full_name": ["fcampelo/EC-Bestiary"],
    "private": [false],
    "owner": {
      "login": ["fcampelo"],
      "id": [9551592],
      "node_id": ["MDQ6VXNlcjk1NTE1OTI="],
      "avatar_url": ["https://avatars0.githubusercontent.com/u/9551592?v=4"],
      "gravatar_id": [""],
      "url": ["https://api.github.com/users/fcampelo"],
      "html_url": ["https://github.com/fcampelo"],
      "followers_url": ["https://api.github.com/users/fcampelo/followers"],
      "following_url": ["https://api.github.com/users/fcampelo/following{/other_user}"],
      "gists_url": ["https://api.github.com/users/fcampelo/gists{/gist_id}"],
      "starred_url": ["https://api.github.com/users/fcampelo/starred{/owner}{/repo}"],
      "subscriptions_url": ["https://api.github.com/users/fcampelo/subscriptions"],
      "organizations_url": ["https://api.github.com/users/fcampelo/orgs"],
      "repos_url": ["https://api.github.com/users/fcampelo/repos"],
      "events_url": ["https://api.github.com/users/fcampelo/events{/privacy}"],
      "received_events_url": ["https://api.github.com/users/fcampelo/received_events"],
      "type": ["User"],
      "site_admin": [false]
    },
    "html_url": ["https://github.com/fcampelo/EC-Bestiary"],
    "description": ["A bestiary of evolutionary, swarm and other metaphor-based algorithms"],
    "fork": [false],
    "url": ["https://api.github.com/repos/fcampelo/EC-Bestiary"],
    "forks_url": ["https://api.github.com/repos/fcampelo/EC-Bestiary/forks"],
    "keys_url": ["https://api.github.com/repos/fcampelo/EC-Bestiary/keys{/key_id}"],
    "collaborators_url": ["https://api.github.com/repos/fcampelo/EC-Bestiary/collaborators{/collaborator}"],
    "teams_url": ["https://api.github.com/repos/fcampelo/EC-Bestiary/teams"],
    "hooks_url": ["https://api.github.com/repos/fcampelo/EC-Bestiary/hooks"],
    "issue_events_url": ["https://api.github.com/repos/fcampelo/EC-Bestiary/issues/events{/number}"],
    "events_url": ["https://api.github.com/repos/fcampelo/EC-Bestiary/events"],
    "assignees_url": ["https://api.github.com/repos/fcampelo/EC-Bestiary/assignees{/user}"],
    "branches_url": ["https://api.github.com/repos/fcampelo/EC-Bestiary/branches{/branch}"],
    "tags_url": ["https://api.github.com/repos/fcampelo/EC-Bestiary/tags"],
    "blobs_url": ["https://api.github.com/repos/fcampelo/EC-Bestiary/git/blobs{/sha}"],
    "git_tags_url": ["https://api.github.com/repos/fcampelo/EC-Bestiary/git/tags{/sha}"],
    "git_refs_url": ["https://api.github.com/repos/fcampelo/EC-Bestiary/git/refs{/sha}"],
    "trees_url": ["https://api.github.com/repos/fcampelo/EC-Bestiary/git/trees{/sha}"],
    "statuses_url": ["https://api.github.com/repos/fcampelo/EC-Bestiary/statuses/{sha}"],
    "languages_url": ["https://api.github.com/repos/fcampelo/EC-Bestiary/languages"],
    "stargazers_url": ["https://api.github.com/repos/fcampelo/EC-Bestiary/stargazers"],
    "contributors_url": ["https://api.github.com/repos/fcampelo/EC-Bestiary/contributors"],
    "subscribers_url": ["https://api.github.com/repos/fcampelo/EC-Bestiary/subscribers"],
    "subscription_url": ["https://api.github.com/repos/fcampelo/EC-Bestiary/subscription"],
    "commits_url": ["https://api.github.com/repos/fcampelo/EC-Bestiary/commits{/sha}"],
    "git_commits_url": ["https://api.github.com/repos/fcampelo/EC-Bestiary/git/commits{/sha}"],
    "comments_url": ["https://api.github.com/repos/fcampelo/EC-Bestiary/comments{/number}"],
    "issue_comment_url": ["https://api.github.com/repos/fcampelo/EC-Bestiary/issues/comments{/number}"],
    "contents_url": ["https://api.github.com/repos/fcampelo/EC-Bestiary/contents/{+path}"],
    "compare_url": ["https://api.github.com/repos/fcampelo/EC-Bestiary/compare/{base}...{head}"],
    "merges_url": ["https://api.github.com/repos/fcampelo/EC-Bestiary/merges"],
    "archive_url": ["https://api.github.com/repos/fcampelo/EC-Bestiary/{archive_format}{/ref}"],
    "downloads_url": ["https://api.github.com/repos/fcampelo/EC-Bestiary/downloads"],
    "issues_url": ["https://api.github.com/repos/fcampelo/EC-Bestiary/issues{/number}"],
    "pulls_url": ["https://api.github.com/repos/fcampelo/EC-Bestiary/pulls{/number}"],
    "milestones_url": ["https://api.github.com/repos/fcampelo/EC-Bestiary/milestones{/number}"],
    "notifications_url": ["https://api.github.com/repos/fcampelo/EC-Bestiary/notifications{?since,all,participating}"],
    "labels_url": ["https://api.github.com/repos/fcampelo/EC-Bestiary/labels{/name}"],
    "releases_url": ["https://api.github.com/repos/fcampelo/EC-Bestiary/releases{/id}"],
    "deployments_url": ["https://api.github.com/repos/fcampelo/EC-Bestiary/deployments"],
    "created_at": ["2016-03-26T02:55:34Z"],
    "updated_at": ["2019-04-04T15:29:46Z"],
    "pushed_at": ["2019-03-28T00:58:13Z"],
    "git_url": ["git://github.com/fcampelo/EC-Bestiary.git"],
    "ssh_url": ["git@github.com:fcampelo/EC-Bestiary.git"],
    "clone_url": ["https://github.com/fcampelo/EC-Bestiary.git"],
    "svn_url": ["https://github.com/fcampelo/EC-Bestiary"],
    "homepage": {},
    "size": [53218],
    "stargazers_count": [223],
    "watchers_count": [223],
    "language": ["TeX"],
    "has_issues": [true],
    "has_projects": [true],
    "has_downloads": [true],
    "has_wiki": [true],
    "has_pages": [true],
    "forks_count": [24],
    "mirror_url": {},
    "archived": [false],
    "disabled": [false],
    "open_issues_count": [2],
    "license": {},
    "forks": [24],
    "open_issues": [2],
    "watchers": [223],
    "default_branch": ["master"],
    "permissions": {
      "admin": [false],
      "push": [false],
      "pull": [true]
    }
  }
]
