[
  {
    "id": [42605705],
    "node_id": ["MDEwOlJlcG9zaXRvcnk0MjYwNTcwNQ=="],
    "name": ["presentations"],
    "full_name": ["fcampelo/presentations"],
    "private": [false],
    "owner": {
      "login": ["fcampelo"],
      "id": [9551592],
      "node_id": ["MDQ6VXNlcjk1NTE1OTI="],
      "avatar_url": ["https://avatars0.githubusercontent.com/u/9551592?v=4"],
      "gravatar_id": [""],
      "url": ["https://api.github.com/users/fcampelo"],
      "html_url": ["https://github.com/fcampelo"],
      "followers_url": ["https://api.github.com/users/fcampelo/followers"],
      "following_url": ["https://api.github.com/users/fcampelo/following{/other_user}"],
      "gists_url": ["https://api.github.com/users/fcampelo/gists{/gist_id}"],
      "starred_url": ["https://api.github.com/users/fcampelo/starred{/owner}{/repo}"],
      "subscriptions_url": ["https://api.github.com/users/fcampelo/subscriptions"],
      "organizations_url": ["https://api.github.com/users/fcampelo/orgs"],
      "repos_url": ["https://api.github.com/users/fcampelo/repos"],
      "events_url": ["https://api.github.com/users/fcampelo/events{/privacy}"],
      "received_events_url": ["https://api.github.com/users/fcampelo/received_events"],
      "type": ["User"],
      "site_admin": [false]
    },
    "html_url": ["https://github.com/fcampelo/presentations"],
    "description": ["Presentations, Talks, etc."],
    "fork": [false],
    "url": ["https://api.github.com/repos/fcampelo/presentations"],
    "forks_url": ["https://api.github.com/repos/fcampelo/presentations/forks"],
    "keys_url": ["https://api.github.com/repos/fcampelo/presentations/keys{/key_id}"],
    "collaborators_url": ["https://api.github.com/repos/fcampelo/presentations/collaborators{/collaborator}"],
    "teams_url": ["https://api.github.com/repos/fcampelo/presentations/teams"],
    "hooks_url": ["https://api.github.com/repos/fcampelo/presentations/hooks"],
    "issue_events_url": ["https://api.github.com/repos/fcampelo/presentations/issues/events{/number}"],
    "events_url": ["https://api.github.com/repos/fcampelo/presentations/events"],
    "assignees_url": ["https://api.github.com/repos/fcampelo/presentations/assignees{/user}"],
    "branches_url": ["https://api.github.com/repos/fcampelo/presentations/branches{/branch}"],
    "tags_url": ["https://api.github.com/repos/fcampelo/presentations/tags"],
    "blobs_url": ["https://api.github.com/repos/fcampelo/presentations/git/blobs{/sha}"],
    "git_tags_url": ["https://api.github.com/repos/fcampelo/presentations/git/tags{/sha}"],
    "git_refs_url": ["https://api.github.com/repos/fcampelo/presentations/git/refs{/sha}"],
    "trees_url": ["https://api.github.com/repos/fcampelo/presentations/git/trees{/sha}"],
    "statuses_url": ["https://api.github.com/repos/fcampelo/presentations/statuses/{sha}"],
    "languages_url": ["https://api.github.com/repos/fcampelo/presentations/languages"],
    "stargazers_url": ["https://api.github.com/repos/fcampelo/presentations/stargazers"],
    "contributors_url": ["https://api.github.com/repos/fcampelo/presentations/contributors"],
    "subscribers_url": ["https://api.github.com/repos/fcampelo/presentations/subscribers"],
    "subscription_url": ["https://api.github.com/repos/fcampelo/presentations/subscription"],
    "commits_url": ["https://api.github.com/repos/fcampelo/presentations/commits{/sha}"],
    "git_commits_url": ["https://api.github.com/repos/fcampelo/presentations/git/commits{/sha}"],
    "comments_url": ["https://api.github.com/repos/fcampelo/presentations/comments{/number}"],
    "issue_comment_url": ["https://api.github.com/repos/fcampelo/presentations/issues/comments{/number}"],
    "contents_url": ["https://api.github.com/repos/fcampelo/presentations/contents/{+path}"],
    "compare_url": ["https://api.github.com/repos/fcampelo/presentations/compare/{base}...{head}"],
    "merges_url": ["https://api.github.com/repos/fcampelo/presentations/merges"],
    "archive_url": ["https://api.github.com/repos/fcampelo/presentations/{archive_format}{/ref}"],
    "downloads_url": ["https://api.github.com/repos/fcampelo/presentations/downloads"],
    "issues_url": ["https://api.github.com/repos/fcampelo/presentations/issues{/number}"],
    "pulls_url": ["https://api.github.com/repos/fcampelo/presentations/pulls{/number}"],
    "milestones_url": ["https://api.github.com/repos/fcampelo/presentations/milestones{/number}"],
    "notifications_url": ["https://api.github.com/repos/fcampelo/presentations/notifications{?since,all,participating}"],
    "labels_url": ["https://api.github.com/repos/fcampelo/presentations/labels{/name}"],
    "releases_url": ["https://api.github.com/repos/fcampelo/presentations/releases{/id}"],
    "deployments_url": ["https://api.github.com/repos/fcampelo/presentations/deployments"],
    "created_at": ["2015-09-16T18:26:53Z"],
    "updated_at": ["2015-11-04T23:50:33Z"],
    "pushed_at": ["2015-11-26T23:22:12Z"],
    "git_url": ["git://github.com/fcampelo/presentations.git"],
    "ssh_url": ["git@github.com:fcampelo/presentations.git"],
    "clone_url": ["https://github.com/fcampelo/presentations.git"],
    "svn_url": ["https://github.com/fcampelo/presentations"],
    "homepage": {},
    "size": [4712],
    "stargazers_count": [0],
    "watchers_count": [0],
    "language": ["TeX"],
    "has_issues": [true],
    "has_projects": [true],
    "has_downloads": [true],
    "has_wiki": [true],
    "has_pages": [false],
    "forks_count": [0],
    "mirror_url": {},
    "archived": [false],
    "disabled": [false],
    "open_issues_count": [0],
    "license": {},
    "forks": [0],
    "open_issues": [0],
    "watchers": [0],
    "default_branch": ["master"],
    "permissions": {
      "admin": [false],
      "push": [false],
      "pull": [true]
    }
  }
]
