[
  {
    "id": [27997211],
    "node_id": ["MDEwOlJlcG9zaXRvcnkyNzk5NzIxMQ=="],
    "name": ["GCD_Course-Project"],
    "full_name": ["fcampelo/GCD_Course-Project"],
    "private": [false],
    "owner": {
      "login": ["fcampelo"],
      "id": [9551592],
      "node_id": ["MDQ6VXNlcjk1NTE1OTI="],
      "avatar_url": ["https://avatars0.githubusercontent.com/u/9551592?v=4"],
      "gravatar_id": [""],
      "url": ["https://api.github.com/users/fcampelo"],
      "html_url": ["https://github.com/fcampelo"],
      "followers_url": ["https://api.github.com/users/fcampelo/followers"],
      "following_url": ["https://api.github.com/users/fcampelo/following{/other_user}"],
      "gists_url": ["https://api.github.com/users/fcampelo/gists{/gist_id}"],
      "starred_url": ["https://api.github.com/users/fcampelo/starred{/owner}{/repo}"],
      "subscriptions_url": ["https://api.github.com/users/fcampelo/subscriptions"],
      "organizations_url": ["https://api.github.com/users/fcampelo/orgs"],
      "repos_url": ["https://api.github.com/users/fcampelo/repos"],
      "events_url": ["https://api.github.com/users/fcampelo/events{/privacy}"],
      "received_events_url": ["https://api.github.com/users/fcampelo/received_events"],
      "type": ["User"],
      "site_admin": [false]
    },
    "html_url": ["https://github.com/fcampelo/GCD_Course-Project"],
    "description": ["Final Project for the Getting and Cleaning Data course on Coursera"],
    "fork": [false],
    "url": ["https://api.github.com/repos/fcampelo/GCD_Course-Project"],
    "forks_url": ["https://api.github.com/repos/fcampelo/GCD_Course-Project/forks"],
    "keys_url": ["https://api.github.com/repos/fcampelo/GCD_Course-Project/keys{/key_id}"],
    "collaborators_url": ["https://api.github.com/repos/fcampelo/GCD_Course-Project/collaborators{/collaborator}"],
    "teams_url": ["https://api.github.com/repos/fcampelo/GCD_Course-Project/teams"],
    "hooks_url": ["https://api.github.com/repos/fcampelo/GCD_Course-Project/hooks"],
    "issue_events_url": ["https://api.github.com/repos/fcampelo/GCD_Course-Project/issues/events{/number}"],
    "events_url": ["https://api.github.com/repos/fcampelo/GCD_Course-Project/events"],
    "assignees_url": ["https://api.github.com/repos/fcampelo/GCD_Course-Project/assignees{/user}"],
    "branches_url": ["https://api.github.com/repos/fcampelo/GCD_Course-Project/branches{/branch}"],
    "tags_url": ["https://api.github.com/repos/fcampelo/GCD_Course-Project/tags"],
    "blobs_url": ["https://api.github.com/repos/fcampelo/GCD_Course-Project/git/blobs{/sha}"],
    "git_tags_url": ["https://api.github.com/repos/fcampelo/GCD_Course-Project/git/tags{/sha}"],
    "git_refs_url": ["https://api.github.com/repos/fcampelo/GCD_Course-Project/git/refs{/sha}"],
    "trees_url": ["https://api.github.com/repos/fcampelo/GCD_Course-Project/git/trees{/sha}"],
    "statuses_url": ["https://api.github.com/repos/fcampelo/GCD_Course-Project/statuses/{sha}"],
    "languages_url": ["https://api.github.com/repos/fcampelo/GCD_Course-Project/languages"],
    "stargazers_url": ["https://api.github.com/repos/fcampelo/GCD_Course-Project/stargazers"],
    "contributors_url": ["https://api.github.com/repos/fcampelo/GCD_Course-Project/contributors"],
    "subscribers_url": ["https://api.github.com/repos/fcampelo/GCD_Course-Project/subscribers"],
    "subscription_url": ["https://api.github.com/repos/fcampelo/GCD_Course-Project/subscription"],
    "commits_url": ["https://api.github.com/repos/fcampelo/GCD_Course-Project/commits{/sha}"],
    "git_commits_url": ["https://api.github.com/repos/fcampelo/GCD_Course-Project/git/commits{/sha}"],
    "comments_url": ["https://api.github.com/repos/fcampelo/GCD_Course-Project/comments{/number}"],
    "issue_comment_url": ["https://api.github.com/repos/fcampelo/GCD_Course-Project/issues/comments{/number}"],
    "contents_url": ["https://api.github.com/repos/fcampelo/GCD_Course-Project/contents/{+path}"],
    "compare_url": ["https://api.github.com/repos/fcampelo/GCD_Course-Project/compare/{base}...{head}"],
    "merges_url": ["https://api.github.com/repos/fcampelo/GCD_Course-Project/merges"],
    "archive_url": ["https://api.github.com/repos/fcampelo/GCD_Course-Project/{archive_format}{/ref}"],
    "downloads_url": ["https://api.github.com/repos/fcampelo/GCD_Course-Project/downloads"],
    "issues_url": ["https://api.github.com/repos/fcampelo/GCD_Course-Project/issues{/number}"],
    "pulls_url": ["https://api.github.com/repos/fcampelo/GCD_Course-Project/pulls{/number}"],
    "milestones_url": ["https://api.github.com/repos/fcampelo/GCD_Course-Project/milestones{/number}"],
    "notifications_url": ["https://api.github.com/repos/fcampelo/GCD_Course-Project/notifications{?since,all,participating}"],
    "labels_url": ["https://api.github.com/repos/fcampelo/GCD_Course-Project/labels{/name}"],
    "releases_url": ["https://api.github.com/repos/fcampelo/GCD_Course-Project/releases{/id}"],
    "deployments_url": ["https://api.github.com/repos/fcampelo/GCD_Course-Project/deployments"],
    "created_at": ["2014-12-14T14:45:24Z"],
    "updated_at": ["2014-12-15T02:08:30Z"],
    "pushed_at": ["2014-12-15T02:08:30Z"],
    "git_url": ["git://github.com/fcampelo/GCD_Course-Project.git"],
    "ssh_url": ["git@github.com:fcampelo/GCD_Course-Project.git"],
    "clone_url": ["https://github.com/fcampelo/GCD_Course-Project.git"],
    "svn_url": ["https://github.com/fcampelo/GCD_Course-Project"],
    "homepage": {},
    "size": [59944],
    "stargazers_count": [0],
    "watchers_count": [0],
    "language": ["R"],
    "has_issues": [true],
    "has_projects": [true],
    "has_downloads": [true],
    "has_wiki": [true],
    "has_pages": [false],
    "forks_count": [0],
    "mirror_url": {},
    "archived": [false],
    "disabled": [false],
    "open_issues_count": [0],
    "license": {},
    "forks": [0],
    "open_issues": [0],
    "watchers": [0],
    "default_branch": ["master"],
    "permissions": {
      "admin": [false],
      "push": [false],
      "pull": [true]
    }
  }
]
