[
  {
    "id": [26380708],
    "node_id": ["MDEwOlJlcG9zaXRvcnkyNjM4MDcwOA=="],
    "name": ["datasciencecoursera"],
    "full_name": ["fcampelo/datasciencecoursera"],
    "private": [false],
    "owner": {
      "login": ["fcampelo"],
      "id": [9551592],
      "node_id": ["MDQ6VXNlcjk1NTE1OTI="],
      "avatar_url": ["https://avatars0.githubusercontent.com/u/9551592?v=4"],
      "gravatar_id": [""],
      "url": ["https://api.github.com/users/fcampelo"],
      "html_url": ["https://github.com/fcampelo"],
      "followers_url": ["https://api.github.com/users/fcampelo/followers"],
      "following_url": ["https://api.github.com/users/fcampelo/following{/other_user}"],
      "gists_url": ["https://api.github.com/users/fcampelo/gists{/gist_id}"],
      "starred_url": ["https://api.github.com/users/fcampelo/starred{/owner}{/repo}"],
      "subscriptions_url": ["https://api.github.com/users/fcampelo/subscriptions"],
      "organizations_url": ["https://api.github.com/users/fcampelo/orgs"],
      "repos_url": ["https://api.github.com/users/fcampelo/repos"],
      "events_url": ["https://api.github.com/users/fcampelo/events{/privacy}"],
      "received_events_url": ["https://api.github.com/users/fcampelo/received_events"],
      "type": ["User"],
      "site_admin": [false]
    },
    "html_url": ["https://github.com/fcampelo/datasciencecoursera"],
    "description": ["First repo created for the Data Scientist's Toolbox course on Coursera."],
    "fork": [false],
    "url": ["https://api.github.com/repos/fcampelo/datasciencecoursera"],
    "forks_url": ["https://api.github.com/repos/fcampelo/datasciencecoursera/forks"],
    "keys_url": ["https://api.github.com/repos/fcampelo/datasciencecoursera/keys{/key_id}"],
    "collaborators_url": ["https://api.github.com/repos/fcampelo/datasciencecoursera/collaborators{/collaborator}"],
    "teams_url": ["https://api.github.com/repos/fcampelo/datasciencecoursera/teams"],
    "hooks_url": ["https://api.github.com/repos/fcampelo/datasciencecoursera/hooks"],
    "issue_events_url": ["https://api.github.com/repos/fcampelo/datasciencecoursera/issues/events{/number}"],
    "events_url": ["https://api.github.com/repos/fcampelo/datasciencecoursera/events"],
    "assignees_url": ["https://api.github.com/repos/fcampelo/datasciencecoursera/assignees{/user}"],
    "branches_url": ["https://api.github.com/repos/fcampelo/datasciencecoursera/branches{/branch}"],
    "tags_url": ["https://api.github.com/repos/fcampelo/datasciencecoursera/tags"],
    "blobs_url": ["https://api.github.com/repos/fcampelo/datasciencecoursera/git/blobs{/sha}"],
    "git_tags_url": ["https://api.github.com/repos/fcampelo/datasciencecoursera/git/tags{/sha}"],
    "git_refs_url": ["https://api.github.com/repos/fcampelo/datasciencecoursera/git/refs{/sha}"],
    "trees_url": ["https://api.github.com/repos/fcampelo/datasciencecoursera/git/trees{/sha}"],
    "statuses_url": ["https://api.github.com/repos/fcampelo/datasciencecoursera/statuses/{sha}"],
    "languages_url": ["https://api.github.com/repos/fcampelo/datasciencecoursera/languages"],
    "stargazers_url": ["https://api.github.com/repos/fcampelo/datasciencecoursera/stargazers"],
    "contributors_url": ["https://api.github.com/repos/fcampelo/datasciencecoursera/contributors"],
    "subscribers_url": ["https://api.github.com/repos/fcampelo/datasciencecoursera/subscribers"],
    "subscription_url": ["https://api.github.com/repos/fcampelo/datasciencecoursera/subscription"],
    "commits_url": ["https://api.github.com/repos/fcampelo/datasciencecoursera/commits{/sha}"],
    "git_commits_url": ["https://api.github.com/repos/fcampelo/datasciencecoursera/git/commits{/sha}"],
    "comments_url": ["https://api.github.com/repos/fcampelo/datasciencecoursera/comments{/number}"],
    "issue_comment_url": ["https://api.github.com/repos/fcampelo/datasciencecoursera/issues/comments{/number}"],
    "contents_url": ["https://api.github.com/repos/fcampelo/datasciencecoursera/contents/{+path}"],
    "compare_url": ["https://api.github.com/repos/fcampelo/datasciencecoursera/compare/{base}...{head}"],
    "merges_url": ["https://api.github.com/repos/fcampelo/datasciencecoursera/merges"],
    "archive_url": ["https://api.github.com/repos/fcampelo/datasciencecoursera/{archive_format}{/ref}"],
    "downloads_url": ["https://api.github.com/repos/fcampelo/datasciencecoursera/downloads"],
    "issues_url": ["https://api.github.com/repos/fcampelo/datasciencecoursera/issues{/number}"],
    "pulls_url": ["https://api.github.com/repos/fcampelo/datasciencecoursera/pulls{/number}"],
    "milestones_url": ["https://api.github.com/repos/fcampelo/datasciencecoursera/milestones{/number}"],
    "notifications_url": ["https://api.github.com/repos/fcampelo/datasciencecoursera/notifications{?since,all,participating}"],
    "labels_url": ["https://api.github.com/repos/fcampelo/datasciencecoursera/labels{/name}"],
    "releases_url": ["https://api.github.com/repos/fcampelo/datasciencecoursera/releases{/id}"],
    "deployments_url": ["https://api.github.com/repos/fcampelo/datasciencecoursera/deployments"],
    "created_at": ["2014-11-09T01:20:24Z"],
    "updated_at": ["2014-11-09T01:20:24Z"],
    "pushed_at": ["2014-11-09T01:24:01Z"],
    "git_url": ["git://github.com/fcampelo/datasciencecoursera.git"],
    "ssh_url": ["git@github.com:fcampelo/datasciencecoursera.git"],
    "clone_url": ["https://github.com/fcampelo/datasciencecoursera.git"],
    "svn_url": ["https://github.com/fcampelo/datasciencecoursera"],
    "homepage": {},
    "size": [144],
    "stargazers_count": [0],
    "watchers_count": [0],
    "language": {},
    "has_issues": [true],
    "has_projects": [true],
    "has_downloads": [true],
    "has_wiki": [true],
    "has_pages": [false],
    "forks_count": [0],
    "mirror_url": {},
    "archived": [false],
    "disabled": [false],
    "open_issues_count": [0],
    "license": {},
    "forks": [0],
    "open_issues": [0],
    "watchers": [0],
    "default_branch": ["master"],
    "permissions": {
      "admin": [false],
      "push": [false],
      "pull": [true]
    }
  }
]
