[
  {
    "id": [151101119],
    "node_id": ["MDEwOlJlcG9zaXRvcnkxNTExMDExMTk="],
    "name": ["PPGEECred"],
    "full_name": ["fcampelo/PPGEECred"],
    "private": [false],
    "owner": {
      "login": ["fcampelo"],
      "id": [9551592],
      "node_id": ["MDQ6VXNlcjk1NTE1OTI="],
      "avatar_url": ["https://avatars0.githubusercontent.com/u/9551592?v=4"],
      "gravatar_id": [""],
      "url": ["https://api.github.com/users/fcampelo"],
      "html_url": ["https://github.com/fcampelo"],
      "followers_url": ["https://api.github.com/users/fcampelo/followers"],
      "following_url": ["https://api.github.com/users/fcampelo/following{/other_user}"],
      "gists_url": ["https://api.github.com/users/fcampelo/gists{/gist_id}"],
      "starred_url": ["https://api.github.com/users/fcampelo/starred{/owner}{/repo}"],
      "subscriptions_url": ["https://api.github.com/users/fcampelo/subscriptions"],
      "organizations_url": ["https://api.github.com/users/fcampelo/orgs"],
      "repos_url": ["https://api.github.com/users/fcampelo/repos"],
      "events_url": ["https://api.github.com/users/fcampelo/events{/privacy}"],
      "received_events_url": ["https://api.github.com/users/fcampelo/received_events"],
      "type": ["User"],
      "site_admin": [false]
    },
    "html_url": ["https://github.com/fcampelo/PPGEECred"],
    "description": ["Rotinas para calculo de credenciamentos no PPGEE-UFMG"],
    "fork": [false],
    "url": ["https://api.github.com/repos/fcampelo/PPGEECred"],
    "forks_url": ["https://api.github.com/repos/fcampelo/PPGEECred/forks"],
    "keys_url": ["https://api.github.com/repos/fcampelo/PPGEECred/keys{/key_id}"],
    "collaborators_url": ["https://api.github.com/repos/fcampelo/PPGEECred/collaborators{/collaborator}"],
    "teams_url": ["https://api.github.com/repos/fcampelo/PPGEECred/teams"],
    "hooks_url": ["https://api.github.com/repos/fcampelo/PPGEECred/hooks"],
    "issue_events_url": ["https://api.github.com/repos/fcampelo/PPGEECred/issues/events{/number}"],
    "events_url": ["https://api.github.com/repos/fcampelo/PPGEECred/events"],
    "assignees_url": ["https://api.github.com/repos/fcampelo/PPGEECred/assignees{/user}"],
    "branches_url": ["https://api.github.com/repos/fcampelo/PPGEECred/branches{/branch}"],
    "tags_url": ["https://api.github.com/repos/fcampelo/PPGEECred/tags"],
    "blobs_url": ["https://api.github.com/repos/fcampelo/PPGEECred/git/blobs{/sha}"],
    "git_tags_url": ["https://api.github.com/repos/fcampelo/PPGEECred/git/tags{/sha}"],
    "git_refs_url": ["https://api.github.com/repos/fcampelo/PPGEECred/git/refs{/sha}"],
    "trees_url": ["https://api.github.com/repos/fcampelo/PPGEECred/git/trees{/sha}"],
    "statuses_url": ["https://api.github.com/repos/fcampelo/PPGEECred/statuses/{sha}"],
    "languages_url": ["https://api.github.com/repos/fcampelo/PPGEECred/languages"],
    "stargazers_url": ["https://api.github.com/repos/fcampelo/PPGEECred/stargazers"],
    "contributors_url": ["https://api.github.com/repos/fcampelo/PPGEECred/contributors"],
    "subscribers_url": ["https://api.github.com/repos/fcampelo/PPGEECred/subscribers"],
    "subscription_url": ["https://api.github.com/repos/fcampelo/PPGEECred/subscription"],
    "commits_url": ["https://api.github.com/repos/fcampelo/PPGEECred/commits{/sha}"],
    "git_commits_url": ["https://api.github.com/repos/fcampelo/PPGEECred/git/commits{/sha}"],
    "comments_url": ["https://api.github.com/repos/fcampelo/PPGEECred/comments{/number}"],
    "issue_comment_url": ["https://api.github.com/repos/fcampelo/PPGEECred/issues/comments{/number}"],
    "contents_url": ["https://api.github.com/repos/fcampelo/PPGEECred/contents/{+path}"],
    "compare_url": ["https://api.github.com/repos/fcampelo/PPGEECred/compare/{base}...{head}"],
    "merges_url": ["https://api.github.com/repos/fcampelo/PPGEECred/merges"],
    "archive_url": ["https://api.github.com/repos/fcampelo/PPGEECred/{archive_format}{/ref}"],
    "downloads_url": ["https://api.github.com/repos/fcampelo/PPGEECred/downloads"],
    "issues_url": ["https://api.github.com/repos/fcampelo/PPGEECred/issues{/number}"],
    "pulls_url": ["https://api.github.com/repos/fcampelo/PPGEECred/pulls{/number}"],
    "milestones_url": ["https://api.github.com/repos/fcampelo/PPGEECred/milestones{/number}"],
    "notifications_url": ["https://api.github.com/repos/fcampelo/PPGEECred/notifications{?since,all,participating}"],
    "labels_url": ["https://api.github.com/repos/fcampelo/PPGEECred/labels{/name}"],
    "releases_url": ["https://api.github.com/repos/fcampelo/PPGEECred/releases{/id}"],
    "deployments_url": ["https://api.github.com/repos/fcampelo/PPGEECred/deployments"],
    "created_at": ["2018-10-01T14:20:14Z"],
    "updated_at": ["2019-03-01T18:15:23Z"],
    "pushed_at": ["2019-03-01T18:15:22Z"],
    "git_url": ["git://github.com/fcampelo/PPGEECred.git"],
    "ssh_url": ["git@github.com:fcampelo/PPGEECred.git"],
    "clone_url": ["https://github.com/fcampelo/PPGEECred.git"],
    "svn_url": ["https://github.com/fcampelo/PPGEECred"],
    "homepage": {},
    "size": [26],
    "stargazers_count": [1],
    "watchers_count": [1],
    "language": ["R"],
    "has_issues": [true],
    "has_projects": [true],
    "has_downloads": [true],
    "has_wiki": [true],
    "has_pages": [false],
    "forks_count": [0],
    "mirror_url": {},
    "archived": [false],
    "disabled": [false],
    "open_issues_count": [0],
    "license": {
      "key": ["gpl-3.0"],
      "name": ["GNU General Public License v3.0"],
      "spdx_id": ["GPL-3.0"],
      "url": ["https://api.github.com/licenses/gpl-3.0"],
      "node_id": ["MDc6TGljZW5zZTk="]
    },
    "forks": [0],
    "open_issues": [0],
    "watchers": [1],
    "default_branch": ["master"],
    "permissions": {
      "admin": [false],
      "push": [false],
      "pull": [true]
    }
  }
]
