[
  {
    "id": [31560945],
    "node_id": ["MDEwOlJlcG9zaXRvcnkzMTU2MDk0NQ=="],
    "name": ["courses"],
    "full_name": ["fcampelo/courses"],
    "private": [false],
    "owner": {
      "login": ["fcampelo"],
      "id": [9551592],
      "node_id": ["MDQ6VXNlcjk1NTE1OTI="],
      "avatar_url": ["https://avatars0.githubusercontent.com/u/9551592?v=4"],
      "gravatar_id": [""],
      "url": ["https://api.github.com/users/fcampelo"],
      "html_url": ["https://github.com/fcampelo"],
      "followers_url": ["https://api.github.com/users/fcampelo/followers"],
      "following_url": ["https://api.github.com/users/fcampelo/following{/other_user}"],
      "gists_url": ["https://api.github.com/users/fcampelo/gists{/gist_id}"],
      "starred_url": ["https://api.github.com/users/fcampelo/starred{/owner}{/repo}"],
      "subscriptions_url": ["https://api.github.com/users/fcampelo/subscriptions"],
      "organizations_url": ["https://api.github.com/users/fcampelo/orgs"],
      "repos_url": ["https://api.github.com/users/fcampelo/repos"],
      "events_url": ["https://api.github.com/users/fcampelo/events{/privacy}"],
      "received_events_url": ["https://api.github.com/users/fcampelo/received_events"],
      "type": ["User"],
      "site_admin": [false]
    },
    "html_url": ["https://github.com/fcampelo/courses"],
    "description": ["Course materials for the Data Science Specialization: https://www.coursera.org/specialization/jhudatascience/1"],
    "fork": [true],
    "url": ["https://api.github.com/repos/fcampelo/courses"],
    "forks_url": ["https://api.github.com/repos/fcampelo/courses/forks"],
    "keys_url": ["https://api.github.com/repos/fcampelo/courses/keys{/key_id}"],
    "collaborators_url": ["https://api.github.com/repos/fcampelo/courses/collaborators{/collaborator}"],
    "teams_url": ["https://api.github.com/repos/fcampelo/courses/teams"],
    "hooks_url": ["https://api.github.com/repos/fcampelo/courses/hooks"],
    "issue_events_url": ["https://api.github.com/repos/fcampelo/courses/issues/events{/number}"],
    "events_url": ["https://api.github.com/repos/fcampelo/courses/events"],
    "assignees_url": ["https://api.github.com/repos/fcampelo/courses/assignees{/user}"],
    "branches_url": ["https://api.github.com/repos/fcampelo/courses/branches{/branch}"],
    "tags_url": ["https://api.github.com/repos/fcampelo/courses/tags"],
    "blobs_url": ["https://api.github.com/repos/fcampelo/courses/git/blobs{/sha}"],
    "git_tags_url": ["https://api.github.com/repos/fcampelo/courses/git/tags{/sha}"],
    "git_refs_url": ["https://api.github.com/repos/fcampelo/courses/git/refs{/sha}"],
    "trees_url": ["https://api.github.com/repos/fcampelo/courses/git/trees{/sha}"],
    "statuses_url": ["https://api.github.com/repos/fcampelo/courses/statuses/{sha}"],
    "languages_url": ["https://api.github.com/repos/fcampelo/courses/languages"],
    "stargazers_url": ["https://api.github.com/repos/fcampelo/courses/stargazers"],
    "contributors_url": ["https://api.github.com/repos/fcampelo/courses/contributors"],
    "subscribers_url": ["https://api.github.com/repos/fcampelo/courses/subscribers"],
    "subscription_url": ["https://api.github.com/repos/fcampelo/courses/subscription"],
    "commits_url": ["https://api.github.com/repos/fcampelo/courses/commits{/sha}"],
    "git_commits_url": ["https://api.github.com/repos/fcampelo/courses/git/commits{/sha}"],
    "comments_url": ["https://api.github.com/repos/fcampelo/courses/comments{/number}"],
    "issue_comment_url": ["https://api.github.com/repos/fcampelo/courses/issues/comments{/number}"],
    "contents_url": ["https://api.github.com/repos/fcampelo/courses/contents/{+path}"],
    "compare_url": ["https://api.github.com/repos/fcampelo/courses/compare/{base}...{head}"],
    "merges_url": ["https://api.github.com/repos/fcampelo/courses/merges"],
    "archive_url": ["https://api.github.com/repos/fcampelo/courses/{archive_format}{/ref}"],
    "downloads_url": ["https://api.github.com/repos/fcampelo/courses/downloads"],
    "issues_url": ["https://api.github.com/repos/fcampelo/courses/issues{/number}"],
    "pulls_url": ["https://api.github.com/repos/fcampelo/courses/pulls{/number}"],
    "milestones_url": ["https://api.github.com/repos/fcampelo/courses/milestones{/number}"],
    "notifications_url": ["https://api.github.com/repos/fcampelo/courses/notifications{?since,all,participating}"],
    "labels_url": ["https://api.github.com/repos/fcampelo/courses/labels{/name}"],
    "releases_url": ["https://api.github.com/repos/fcampelo/courses/releases{/id}"],
    "deployments_url": ["https://api.github.com/repos/fcampelo/courses/deployments"],
    "created_at": ["2015-03-02T20:17:45Z"],
    "updated_at": ["2015-03-02T20:17:58Z"],
    "pushed_at": ["2015-03-02T04:56:18Z"],
    "git_url": ["git://github.com/fcampelo/courses.git"],
    "ssh_url": ["git@github.com:fcampelo/courses.git"],
    "clone_url": ["https://github.com/fcampelo/courses.git"],
    "svn_url": ["https://github.com/fcampelo/courses"],
    "homepage": {},
    "size": [950447],
    "stargazers_count": [0],
    "watchers_count": [0],
    "language": ["HTML"],
    "has_issues": [false],
    "has_projects": [true],
    "has_downloads": [true],
    "has_wiki": [true],
    "has_pages": [false],
    "forks_count": [0],
    "mirror_url": {},
    "archived": [false],
    "disabled": [false],
    "open_issues_count": [0],
    "license": {},
    "forks": [0],
    "open_issues": [0],
    "watchers": [0],
    "default_branch": ["master"],
    "permissions": {
      "admin": [false],
      "push": [false],
      "pull": [true]
    }
  }
]
