[
  {
    "id": [46518095],
    "node_id": ["MDEwOlJlcG9zaXRvcnk0NjUxODA5NQ=="],
    "name": ["DEMO"],
    "full_name": ["fcampelo/DEMO"],
    "private": [false],
    "owner": {
      "login": ["fcampelo"],
      "id": [9551592],
      "node_id": ["MDQ6VXNlcjk1NTE1OTI="],
      "avatar_url": ["https://avatars0.githubusercontent.com/u/9551592?v=4"],
      "gravatar_id": [""],
      "url": ["https://api.github.com/users/fcampelo"],
      "html_url": ["https://github.com/fcampelo"],
      "followers_url": ["https://api.github.com/users/fcampelo/followers"],
      "following_url": ["https://api.github.com/users/fcampelo/following{/other_user}"],
      "gists_url": ["https://api.github.com/users/fcampelo/gists{/gist_id}"],
      "starred_url": ["https://api.github.com/users/fcampelo/starred{/owner}{/repo}"],
      "subscriptions_url": ["https://api.github.com/users/fcampelo/subscriptions"],
      "organizations_url": ["https://api.github.com/users/fcampelo/orgs"],
      "repos_url": ["https://api.github.com/users/fcampelo/repos"],
      "events_url": ["https://api.github.com/users/fcampelo/events{/privacy}"],
      "received_events_url": ["https://api.github.com/users/fcampelo/received_events"],
      "type": ["User"],
      "site_admin": [false]
    },
    "html_url": ["https://github.com/fcampelo/DEMO"],
    "description": ["Differential Evolution for Multiobjective Optimization and its variants"],
    "fork": [false],
    "url": ["https://api.github.com/repos/fcampelo/DEMO"],
    "forks_url": ["https://api.github.com/repos/fcampelo/DEMO/forks"],
    "keys_url": ["https://api.github.com/repos/fcampelo/DEMO/keys{/key_id}"],
    "collaborators_url": ["https://api.github.com/repos/fcampelo/DEMO/collaborators{/collaborator}"],
    "teams_url": ["https://api.github.com/repos/fcampelo/DEMO/teams"],
    "hooks_url": ["https://api.github.com/repos/fcampelo/DEMO/hooks"],
    "issue_events_url": ["https://api.github.com/repos/fcampelo/DEMO/issues/events{/number}"],
    "events_url": ["https://api.github.com/repos/fcampelo/DEMO/events"],
    "assignees_url": ["https://api.github.com/repos/fcampelo/DEMO/assignees{/user}"],
    "branches_url": ["https://api.github.com/repos/fcampelo/DEMO/branches{/branch}"],
    "tags_url": ["https://api.github.com/repos/fcampelo/DEMO/tags"],
    "blobs_url": ["https://api.github.com/repos/fcampelo/DEMO/git/blobs{/sha}"],
    "git_tags_url": ["https://api.github.com/repos/fcampelo/DEMO/git/tags{/sha}"],
    "git_refs_url": ["https://api.github.com/repos/fcampelo/DEMO/git/refs{/sha}"],
    "trees_url": ["https://api.github.com/repos/fcampelo/DEMO/git/trees{/sha}"],
    "statuses_url": ["https://api.github.com/repos/fcampelo/DEMO/statuses/{sha}"],
    "languages_url": ["https://api.github.com/repos/fcampelo/DEMO/languages"],
    "stargazers_url": ["https://api.github.com/repos/fcampelo/DEMO/stargazers"],
    "contributors_url": ["https://api.github.com/repos/fcampelo/DEMO/contributors"],
    "subscribers_url": ["https://api.github.com/repos/fcampelo/DEMO/subscribers"],
    "subscription_url": ["https://api.github.com/repos/fcampelo/DEMO/subscription"],
    "commits_url": ["https://api.github.com/repos/fcampelo/DEMO/commits{/sha}"],
    "git_commits_url": ["https://api.github.com/repos/fcampelo/DEMO/git/commits{/sha}"],
    "comments_url": ["https://api.github.com/repos/fcampelo/DEMO/comments{/number}"],
    "issue_comment_url": ["https://api.github.com/repos/fcampelo/DEMO/issues/comments{/number}"],
    "contents_url": ["https://api.github.com/repos/fcampelo/DEMO/contents/{+path}"],
    "compare_url": ["https://api.github.com/repos/fcampelo/DEMO/compare/{base}...{head}"],
    "merges_url": ["https://api.github.com/repos/fcampelo/DEMO/merges"],
    "archive_url": ["https://api.github.com/repos/fcampelo/DEMO/{archive_format}{/ref}"],
    "downloads_url": ["https://api.github.com/repos/fcampelo/DEMO/downloads"],
    "issues_url": ["https://api.github.com/repos/fcampelo/DEMO/issues{/number}"],
    "pulls_url": ["https://api.github.com/repos/fcampelo/DEMO/pulls{/number}"],
    "milestones_url": ["https://api.github.com/repos/fcampelo/DEMO/milestones{/number}"],
    "notifications_url": ["https://api.github.com/repos/fcampelo/DEMO/notifications{?since,all,participating}"],
    "labels_url": ["https://api.github.com/repos/fcampelo/DEMO/labels{/name}"],
    "releases_url": ["https://api.github.com/repos/fcampelo/DEMO/releases{/id}"],
    "deployments_url": ["https://api.github.com/repos/fcampelo/DEMO/deployments"],
    "created_at": ["2015-11-19T20:23:36Z"],
    "updated_at": ["2019-03-27T20:34:50Z"],
    "pushed_at": ["2016-03-30T16:35:51Z"],
    "git_url": ["git://github.com/fcampelo/DEMO.git"],
    "ssh_url": ["git@github.com:fcampelo/DEMO.git"],
    "clone_url": ["https://github.com/fcampelo/DEMO.git"],
    "svn_url": ["https://github.com/fcampelo/DEMO"],
    "homepage": {},
    "size": [289],
    "stargazers_count": [9],
    "watchers_count": [9],
    "language": ["Matlab"],
    "has_issues": [true],
    "has_projects": [true],
    "has_downloads": [true],
    "has_wiki": [true],
    "has_pages": [false],
    "forks_count": [9],
    "mirror_url": {},
    "archived": [false],
    "disabled": [false],
    "open_issues_count": [1],
    "license": {},
    "forks": [9],
    "open_issues": [1],
    "watchers": [9],
    "default_branch": ["master"],
    "permissions": {
      "admin": [false],
      "push": [false],
      "pull": [true]
    }
  }
]
