[
  {
    "id": [60878734],
    "node_id": ["MDEwOlJlcG9zaXRvcnk2MDg3ODczNA=="],
    "name": ["MOPMOPP"],
    "full_name": ["fcampelo/MOPMOPP"],
    "private": [false],
    "owner": {
      "login": ["fcampelo"],
      "id": [9551592],
      "node_id": ["MDQ6VXNlcjk1NTE1OTI="],
      "avatar_url": ["https://avatars0.githubusercontent.com/u/9551592?v=4"],
      "gravatar_id": [""],
      "url": ["https://api.github.com/users/fcampelo"],
      "html_url": ["https://github.com/fcampelo"],
      "followers_url": ["https://api.github.com/users/fcampelo/followers"],
      "following_url": ["https://api.github.com/users/fcampelo/following{/other_user}"],
      "gists_url": ["https://api.github.com/users/fcampelo/gists{/gist_id}"],
      "starred_url": ["https://api.github.com/users/fcampelo/starred{/owner}{/repo}"],
      "subscriptions_url": ["https://api.github.com/users/fcampelo/subscriptions"],
      "organizations_url": ["https://api.github.com/users/fcampelo/orgs"],
      "repos_url": ["https://api.github.com/users/fcampelo/repos"],
      "events_url": ["https://api.github.com/users/fcampelo/events{/privacy}"],
      "received_events_url": ["https://api.github.com/users/fcampelo/received_events"],
      "type": ["User"],
      "site_admin": [false]
    },
    "html_url": ["https://github.com/fcampelo/MOPMOPP"],
    "description": ["Additional files for the paper \"Multiobjective Evolutionary Algorithms for Operational Planning Problems in Open-Pit Mining\""],
    "fork": [false],
    "url": ["https://api.github.com/repos/fcampelo/MOPMOPP"],
    "forks_url": ["https://api.github.com/repos/fcampelo/MOPMOPP/forks"],
    "keys_url": ["https://api.github.com/repos/fcampelo/MOPMOPP/keys{/key_id}"],
    "collaborators_url": ["https://api.github.com/repos/fcampelo/MOPMOPP/collaborators{/collaborator}"],
    "teams_url": ["https://api.github.com/repos/fcampelo/MOPMOPP/teams"],
    "hooks_url": ["https://api.github.com/repos/fcampelo/MOPMOPP/hooks"],
    "issue_events_url": ["https://api.github.com/repos/fcampelo/MOPMOPP/issues/events{/number}"],
    "events_url": ["https://api.github.com/repos/fcampelo/MOPMOPP/events"],
    "assignees_url": ["https://api.github.com/repos/fcampelo/MOPMOPP/assignees{/user}"],
    "branches_url": ["https://api.github.com/repos/fcampelo/MOPMOPP/branches{/branch}"],
    "tags_url": ["https://api.github.com/repos/fcampelo/MOPMOPP/tags"],
    "blobs_url": ["https://api.github.com/repos/fcampelo/MOPMOPP/git/blobs{/sha}"],
    "git_tags_url": ["https://api.github.com/repos/fcampelo/MOPMOPP/git/tags{/sha}"],
    "git_refs_url": ["https://api.github.com/repos/fcampelo/MOPMOPP/git/refs{/sha}"],
    "trees_url": ["https://api.github.com/repos/fcampelo/MOPMOPP/git/trees{/sha}"],
    "statuses_url": ["https://api.github.com/repos/fcampelo/MOPMOPP/statuses/{sha}"],
    "languages_url": ["https://api.github.com/repos/fcampelo/MOPMOPP/languages"],
    "stargazers_url": ["https://api.github.com/repos/fcampelo/MOPMOPP/stargazers"],
    "contributors_url": ["https://api.github.com/repos/fcampelo/MOPMOPP/contributors"],
    "subscribers_url": ["https://api.github.com/repos/fcampelo/MOPMOPP/subscribers"],
    "subscription_url": ["https://api.github.com/repos/fcampelo/MOPMOPP/subscription"],
    "commits_url": ["https://api.github.com/repos/fcampelo/MOPMOPP/commits{/sha}"],
    "git_commits_url": ["https://api.github.com/repos/fcampelo/MOPMOPP/git/commits{/sha}"],
    "comments_url": ["https://api.github.com/repos/fcampelo/MOPMOPP/comments{/number}"],
    "issue_comment_url": ["https://api.github.com/repos/fcampelo/MOPMOPP/issues/comments{/number}"],
    "contents_url": ["https://api.github.com/repos/fcampelo/MOPMOPP/contents/{+path}"],
    "compare_url": ["https://api.github.com/repos/fcampelo/MOPMOPP/compare/{base}...{head}"],
    "merges_url": ["https://api.github.com/repos/fcampelo/MOPMOPP/merges"],
    "archive_url": ["https://api.github.com/repos/fcampelo/MOPMOPP/{archive_format}{/ref}"],
    "downloads_url": ["https://api.github.com/repos/fcampelo/MOPMOPP/downloads"],
    "issues_url": ["https://api.github.com/repos/fcampelo/MOPMOPP/issues{/number}"],
    "pulls_url": ["https://api.github.com/repos/fcampelo/MOPMOPP/pulls{/number}"],
    "milestones_url": ["https://api.github.com/repos/fcampelo/MOPMOPP/milestones{/number}"],
    "notifications_url": ["https://api.github.com/repos/fcampelo/MOPMOPP/notifications{?since,all,participating}"],
    "labels_url": ["https://api.github.com/repos/fcampelo/MOPMOPP/labels{/name}"],
    "releases_url": ["https://api.github.com/repos/fcampelo/MOPMOPP/releases{/id}"],
    "deployments_url": ["https://api.github.com/repos/fcampelo/MOPMOPP/deployments"],
    "created_at": ["2016-06-10T21:49:06Z"],
    "updated_at": ["2016-06-10T21:50:33Z"],
    "pushed_at": ["2017-07-17T12:31:47Z"],
    "git_url": ["git://github.com/fcampelo/MOPMOPP.git"],
    "ssh_url": ["git@github.com:fcampelo/MOPMOPP.git"],
    "clone_url": ["https://github.com/fcampelo/MOPMOPP.git"],
    "svn_url": ["https://github.com/fcampelo/MOPMOPP"],
    "homepage": {},
    "size": [2090],
    "stargazers_count": [0],
    "watchers_count": [0],
    "language": ["R"],
    "has_issues": [true],
    "has_projects": [true],
    "has_downloads": [true],
    "has_wiki": [true],
    "has_pages": [false],
    "forks_count": [3],
    "mirror_url": {},
    "archived": [false],
    "disabled": [false],
    "open_issues_count": [0],
    "license": {},
    "forks": [3],
    "open_issues": [0],
    "watchers": [0],
    "default_branch": ["master"],
    "permissions": {
      "admin": [false],
      "push": [false],
      "pull": [true]
    }
  }
]
