[
  {
    "id": [57807314],
    "node_id": ["MDEwOlJlcG9zaXRvcnk1NzgwNzMxNA=="],
    "name": ["ChocoLattes"],
    "full_name": ["fcampelo/ChocoLattes"],
    "private": [false],
    "owner": {
      "login": ["fcampelo"],
      "id": [9551592],
      "node_id": ["MDQ6VXNlcjk1NTE1OTI="],
      "avatar_url": ["https://avatars0.githubusercontent.com/u/9551592?v=4"],
      "gravatar_id": [""],
      "url": ["https://api.github.com/users/fcampelo"],
      "html_url": ["https://github.com/fcampelo"],
      "followers_url": ["https://api.github.com/users/fcampelo/followers"],
      "following_url": ["https://api.github.com/users/fcampelo/following{/other_user}"],
      "gists_url": ["https://api.github.com/users/fcampelo/gists{/gist_id}"],
      "starred_url": ["https://api.github.com/users/fcampelo/starred{/owner}{/repo}"],
      "subscriptions_url": ["https://api.github.com/users/fcampelo/subscriptions"],
      "organizations_url": ["https://api.github.com/users/fcampelo/orgs"],
      "repos_url": ["https://api.github.com/users/fcampelo/repos"],
      "events_url": ["https://api.github.com/users/fcampelo/events{/privacy}"],
      "received_events_url": ["https://api.github.com/users/fcampelo/received_events"],
      "type": ["User"],
      "site_admin": [false]
    },
    "html_url": ["https://github.com/fcampelo/ChocoLattes"],
    "description": ["Pacote R para processamento de informações a partir de conjuntos de CV Lattes"],
    "fork": [false],
    "url": ["https://api.github.com/repos/fcampelo/ChocoLattes"],
    "forks_url": ["https://api.github.com/repos/fcampelo/ChocoLattes/forks"],
    "keys_url": ["https://api.github.com/repos/fcampelo/ChocoLattes/keys{/key_id}"],
    "collaborators_url": ["https://api.github.com/repos/fcampelo/ChocoLattes/collaborators{/collaborator}"],
    "teams_url": ["https://api.github.com/repos/fcampelo/ChocoLattes/teams"],
    "hooks_url": ["https://api.github.com/repos/fcampelo/ChocoLattes/hooks"],
    "issue_events_url": ["https://api.github.com/repos/fcampelo/ChocoLattes/issues/events{/number}"],
    "events_url": ["https://api.github.com/repos/fcampelo/ChocoLattes/events"],
    "assignees_url": ["https://api.github.com/repos/fcampelo/ChocoLattes/assignees{/user}"],
    "branches_url": ["https://api.github.com/repos/fcampelo/ChocoLattes/branches{/branch}"],
    "tags_url": ["https://api.github.com/repos/fcampelo/ChocoLattes/tags"],
    "blobs_url": ["https://api.github.com/repos/fcampelo/ChocoLattes/git/blobs{/sha}"],
    "git_tags_url": ["https://api.github.com/repos/fcampelo/ChocoLattes/git/tags{/sha}"],
    "git_refs_url": ["https://api.github.com/repos/fcampelo/ChocoLattes/git/refs{/sha}"],
    "trees_url": ["https://api.github.com/repos/fcampelo/ChocoLattes/git/trees{/sha}"],
    "statuses_url": ["https://api.github.com/repos/fcampelo/ChocoLattes/statuses/{sha}"],
    "languages_url": ["https://api.github.com/repos/fcampelo/ChocoLattes/languages"],
    "stargazers_url": ["https://api.github.com/repos/fcampelo/ChocoLattes/stargazers"],
    "contributors_url": ["https://api.github.com/repos/fcampelo/ChocoLattes/contributors"],
    "subscribers_url": ["https://api.github.com/repos/fcampelo/ChocoLattes/subscribers"],
    "subscription_url": ["https://api.github.com/repos/fcampelo/ChocoLattes/subscription"],
    "commits_url": ["https://api.github.com/repos/fcampelo/ChocoLattes/commits{/sha}"],
    "git_commits_url": ["https://api.github.com/repos/fcampelo/ChocoLattes/git/commits{/sha}"],
    "comments_url": ["https://api.github.com/repos/fcampelo/ChocoLattes/comments{/number}"],
    "issue_comment_url": ["https://api.github.com/repos/fcampelo/ChocoLattes/issues/comments{/number}"],
    "contents_url": ["https://api.github.com/repos/fcampelo/ChocoLattes/contents/{+path}"],
    "compare_url": ["https://api.github.com/repos/fcampelo/ChocoLattes/compare/{base}...{head}"],
    "merges_url": ["https://api.github.com/repos/fcampelo/ChocoLattes/merges"],
    "archive_url": ["https://api.github.com/repos/fcampelo/ChocoLattes/{archive_format}{/ref}"],
    "downloads_url": ["https://api.github.com/repos/fcampelo/ChocoLattes/downloads"],
    "issues_url": ["https://api.github.com/repos/fcampelo/ChocoLattes/issues{/number}"],
    "pulls_url": ["https://api.github.com/repos/fcampelo/ChocoLattes/pulls{/number}"],
    "milestones_url": ["https://api.github.com/repos/fcampelo/ChocoLattes/milestones{/number}"],
    "notifications_url": ["https://api.github.com/repos/fcampelo/ChocoLattes/notifications{?since,all,participating}"],
    "labels_url": ["https://api.github.com/repos/fcampelo/ChocoLattes/labels{/name}"],
    "releases_url": ["https://api.github.com/repos/fcampelo/ChocoLattes/releases{/id}"],
    "deployments_url": ["https://api.github.com/repos/fcampelo/ChocoLattes/deployments"],
    "created_at": ["2016-05-01T20:33:18Z"],
    "updated_at": ["2019-02-22T12:12:03Z"],
    "pushed_at": ["2018-03-16T18:45:14Z"],
    "git_url": ["git://github.com/fcampelo/ChocoLattes.git"],
    "ssh_url": ["git@github.com:fcampelo/ChocoLattes.git"],
    "clone_url": ["https://github.com/fcampelo/ChocoLattes.git"],
    "svn_url": ["https://github.com/fcampelo/ChocoLattes"],
    "homepage": [""],
    "size": [1699],
    "stargazers_count": [7],
    "watchers_count": [7],
    "language": ["R"],
    "has_issues": [true],
    "has_projects": [true],
    "has_downloads": [true],
    "has_wiki": [true],
    "has_pages": [false],
    "forks_count": [3],
    "mirror_url": {},
    "archived": [false],
    "disabled": [false],
    "open_issues_count": [1],
    "license": {},
    "forks": [3],
    "open_issues": [1],
    "watchers": [7],
    "default_branch": ["master"],
    "permissions": {
      "admin": [false],
      "push": [false],
      "pull": [true]
    }
  }
]
