[
  {
    "id": [84120642],
    "node_id": ["MDEwOlJlcG9zaXRvcnk4NDEyMDY0Mg=="],
    "name": ["MLMeetup2017"],
    "full_name": ["fcampelo/MLMeetup2017"],
    "private": [false],
    "owner": {
      "login": ["fcampelo"],
      "id": [9551592],
      "node_id": ["MDQ6VXNlcjk1NTE1OTI="],
      "avatar_url": ["https://avatars0.githubusercontent.com/u/9551592?v=4"],
      "gravatar_id": [""],
      "url": ["https://api.github.com/users/fcampelo"],
      "html_url": ["https://github.com/fcampelo"],
      "followers_url": ["https://api.github.com/users/fcampelo/followers"],
      "following_url": ["https://api.github.com/users/fcampelo/following{/other_user}"],
      "gists_url": ["https://api.github.com/users/fcampelo/gists{/gist_id}"],
      "starred_url": ["https://api.github.com/users/fcampelo/starred{/owner}{/repo}"],
      "subscriptions_url": ["https://api.github.com/users/fcampelo/subscriptions"],
      "organizations_url": ["https://api.github.com/users/fcampelo/orgs"],
      "repos_url": ["https://api.github.com/users/fcampelo/repos"],
      "events_url": ["https://api.github.com/users/fcampelo/events{/privacy}"],
      "received_events_url": ["https://api.github.com/users/fcampelo/received_events"],
      "type": ["User"],
      "site_admin": [false]
    },
    "html_url": ["https://github.com/fcampelo/MLMeetup2017"],
    "description": ["Palestra no Meetup de Machine Learning - Fev 2017"],
    "fork": [false],
    "url": ["https://api.github.com/repos/fcampelo/MLMeetup2017"],
    "forks_url": ["https://api.github.com/repos/fcampelo/MLMeetup2017/forks"],
    "keys_url": ["https://api.github.com/repos/fcampelo/MLMeetup2017/keys{/key_id}"],
    "collaborators_url": ["https://api.github.com/repos/fcampelo/MLMeetup2017/collaborators{/collaborator}"],
    "teams_url": ["https://api.github.com/repos/fcampelo/MLMeetup2017/teams"],
    "hooks_url": ["https://api.github.com/repos/fcampelo/MLMeetup2017/hooks"],
    "issue_events_url": ["https://api.github.com/repos/fcampelo/MLMeetup2017/issues/events{/number}"],
    "events_url": ["https://api.github.com/repos/fcampelo/MLMeetup2017/events"],
    "assignees_url": ["https://api.github.com/repos/fcampelo/MLMeetup2017/assignees{/user}"],
    "branches_url": ["https://api.github.com/repos/fcampelo/MLMeetup2017/branches{/branch}"],
    "tags_url": ["https://api.github.com/repos/fcampelo/MLMeetup2017/tags"],
    "blobs_url": ["https://api.github.com/repos/fcampelo/MLMeetup2017/git/blobs{/sha}"],
    "git_tags_url": ["https://api.github.com/repos/fcampelo/MLMeetup2017/git/tags{/sha}"],
    "git_refs_url": ["https://api.github.com/repos/fcampelo/MLMeetup2017/git/refs{/sha}"],
    "trees_url": ["https://api.github.com/repos/fcampelo/MLMeetup2017/git/trees{/sha}"],
    "statuses_url": ["https://api.github.com/repos/fcampelo/MLMeetup2017/statuses/{sha}"],
    "languages_url": ["https://api.github.com/repos/fcampelo/MLMeetup2017/languages"],
    "stargazers_url": ["https://api.github.com/repos/fcampelo/MLMeetup2017/stargazers"],
    "contributors_url": ["https://api.github.com/repos/fcampelo/MLMeetup2017/contributors"],
    "subscribers_url": ["https://api.github.com/repos/fcampelo/MLMeetup2017/subscribers"],
    "subscription_url": ["https://api.github.com/repos/fcampelo/MLMeetup2017/subscription"],
    "commits_url": ["https://api.github.com/repos/fcampelo/MLMeetup2017/commits{/sha}"],
    "git_commits_url": ["https://api.github.com/repos/fcampelo/MLMeetup2017/git/commits{/sha}"],
    "comments_url": ["https://api.github.com/repos/fcampelo/MLMeetup2017/comments{/number}"],
    "issue_comment_url": ["https://api.github.com/repos/fcampelo/MLMeetup2017/issues/comments{/number}"],
    "contents_url": ["https://api.github.com/repos/fcampelo/MLMeetup2017/contents/{+path}"],
    "compare_url": ["https://api.github.com/repos/fcampelo/MLMeetup2017/compare/{base}...{head}"],
    "merges_url": ["https://api.github.com/repos/fcampelo/MLMeetup2017/merges"],
    "archive_url": ["https://api.github.com/repos/fcampelo/MLMeetup2017/{archive_format}{/ref}"],
    "downloads_url": ["https://api.github.com/repos/fcampelo/MLMeetup2017/downloads"],
    "issues_url": ["https://api.github.com/repos/fcampelo/MLMeetup2017/issues{/number}"],
    "pulls_url": ["https://api.github.com/repos/fcampelo/MLMeetup2017/pulls{/number}"],
    "milestones_url": ["https://api.github.com/repos/fcampelo/MLMeetup2017/milestones{/number}"],
    "notifications_url": ["https://api.github.com/repos/fcampelo/MLMeetup2017/notifications{?since,all,participating}"],
    "labels_url": ["https://api.github.com/repos/fcampelo/MLMeetup2017/labels{/name}"],
    "releases_url": ["https://api.github.com/repos/fcampelo/MLMeetup2017/releases{/id}"],
    "deployments_url": ["https://api.github.com/repos/fcampelo/MLMeetup2017/deployments"],
    "created_at": ["2017-03-06T21:04:09Z"],
    "updated_at": ["2017-03-06T21:04:19Z"],
    "pushed_at": ["2017-03-06T21:04:17Z"],
    "git_url": ["git://github.com/fcampelo/MLMeetup2017.git"],
    "ssh_url": ["git@github.com:fcampelo/MLMeetup2017.git"],
    "clone_url": ["https://github.com/fcampelo/MLMeetup2017.git"],
    "svn_url": ["https://github.com/fcampelo/MLMeetup2017"],
    "homepage": {},
    "size": [2517],
    "stargazers_count": [0],
    "watchers_count": [0],
    "language": ["CSS"],
    "has_issues": [true],
    "has_projects": [true],
    "has_downloads": [true],
    "has_wiki": [true],
    "has_pages": [true],
    "forks_count": [0],
    "mirror_url": {},
    "archived": [false],
    "disabled": [false],
    "open_issues_count": [0],
    "license": {},
    "forks": [0],
    "open_issues": [0],
    "watchers": [0],
    "default_branch": ["master"],
    "permissions": {
      "admin": [false],
      "push": [false],
      "pull": [true]
    }
  }
]
