[
  {
    "id": [26380815],
    "node_id": ["MDEwOlJlcG9zaXRvcnkyNjM4MDgxNQ=="],
    "name": ["datasharing"],
    "full_name": ["fcampelo/datasharing"],
    "private": [false],
    "owner": {
      "login": ["fcampelo"],
      "id": [9551592],
      "node_id": ["MDQ6VXNlcjk1NTE1OTI="],
      "avatar_url": ["https://avatars0.githubusercontent.com/u/9551592?v=4"],
      "gravatar_id": [""],
      "url": ["https://api.github.com/users/fcampelo"],
      "html_url": ["https://github.com/fcampelo"],
      "followers_url": ["https://api.github.com/users/fcampelo/followers"],
      "following_url": ["https://api.github.com/users/fcampelo/following{/other_user}"],
      "gists_url": ["https://api.github.com/users/fcampelo/gists{/gist_id}"],
      "starred_url": ["https://api.github.com/users/fcampelo/starred{/owner}{/repo}"],
      "subscriptions_url": ["https://api.github.com/users/fcampelo/subscriptions"],
      "organizations_url": ["https://api.github.com/users/fcampelo/orgs"],
      "repos_url": ["https://api.github.com/users/fcampelo/repos"],
      "events_url": ["https://api.github.com/users/fcampelo/events{/privacy}"],
      "received_events_url": ["https://api.github.com/users/fcampelo/received_events"],
      "type": ["User"],
      "site_admin": [false]
    },
    "html_url": ["https://github.com/fcampelo/datasharing"],
    "description": ["The Leek group guide to data sharing "],
    "fork": [true],
    "url": ["https://api.github.com/repos/fcampelo/datasharing"],
    "forks_url": ["https://api.github.com/repos/fcampelo/datasharing/forks"],
    "keys_url": ["https://api.github.com/repos/fcampelo/datasharing/keys{/key_id}"],
    "collaborators_url": ["https://api.github.com/repos/fcampelo/datasharing/collaborators{/collaborator}"],
    "teams_url": ["https://api.github.com/repos/fcampelo/datasharing/teams"],
    "hooks_url": ["https://api.github.com/repos/fcampelo/datasharing/hooks"],
    "issue_events_url": ["https://api.github.com/repos/fcampelo/datasharing/issues/events{/number}"],
    "events_url": ["https://api.github.com/repos/fcampelo/datasharing/events"],
    "assignees_url": ["https://api.github.com/repos/fcampelo/datasharing/assignees{/user}"],
    "branches_url": ["https://api.github.com/repos/fcampelo/datasharing/branches{/branch}"],
    "tags_url": ["https://api.github.com/repos/fcampelo/datasharing/tags"],
    "blobs_url": ["https://api.github.com/repos/fcampelo/datasharing/git/blobs{/sha}"],
    "git_tags_url": ["https://api.github.com/repos/fcampelo/datasharing/git/tags{/sha}"],
    "git_refs_url": ["https://api.github.com/repos/fcampelo/datasharing/git/refs{/sha}"],
    "trees_url": ["https://api.github.com/repos/fcampelo/datasharing/git/trees{/sha}"],
    "statuses_url": ["https://api.github.com/repos/fcampelo/datasharing/statuses/{sha}"],
    "languages_url": ["https://api.github.com/repos/fcampelo/datasharing/languages"],
    "stargazers_url": ["https://api.github.com/repos/fcampelo/datasharing/stargazers"],
    "contributors_url": ["https://api.github.com/repos/fcampelo/datasharing/contributors"],
    "subscribers_url": ["https://api.github.com/repos/fcampelo/datasharing/subscribers"],
    "subscription_url": ["https://api.github.com/repos/fcampelo/datasharing/subscription"],
    "commits_url": ["https://api.github.com/repos/fcampelo/datasharing/commits{/sha}"],
    "git_commits_url": ["https://api.github.com/repos/fcampelo/datasharing/git/commits{/sha}"],
    "comments_url": ["https://api.github.com/repos/fcampelo/datasharing/comments{/number}"],
    "issue_comment_url": ["https://api.github.com/repos/fcampelo/datasharing/issues/comments{/number}"],
    "contents_url": ["https://api.github.com/repos/fcampelo/datasharing/contents/{+path}"],
    "compare_url": ["https://api.github.com/repos/fcampelo/datasharing/compare/{base}...{head}"],
    "merges_url": ["https://api.github.com/repos/fcampelo/datasharing/merges"],
    "archive_url": ["https://api.github.com/repos/fcampelo/datasharing/{archive_format}{/ref}"],
    "downloads_url": ["https://api.github.com/repos/fcampelo/datasharing/downloads"],
    "issues_url": ["https://api.github.com/repos/fcampelo/datasharing/issues{/number}"],
    "pulls_url": ["https://api.github.com/repos/fcampelo/datasharing/pulls{/number}"],
    "milestones_url": ["https://api.github.com/repos/fcampelo/datasharing/milestones{/number}"],
    "notifications_url": ["https://api.github.com/repos/fcampelo/datasharing/notifications{?since,all,participating}"],
    "labels_url": ["https://api.github.com/repos/fcampelo/datasharing/labels{/name}"],
    "releases_url": ["https://api.github.com/repos/fcampelo/datasharing/releases{/id}"],
    "deployments_url": ["https://api.github.com/repos/fcampelo/datasharing/deployments"],
    "created_at": ["2014-11-09T01:25:22Z"],
    "updated_at": ["2014-11-08T00:25:36Z"],
    "pushed_at": ["2015-04-10T20:07:44Z"],
    "git_url": ["git://github.com/fcampelo/datasharing.git"],
    "ssh_url": ["git@github.com:fcampelo/datasharing.git"],
    "clone_url": ["https://github.com/fcampelo/datasharing.git"],
    "svn_url": ["https://github.com/fcampelo/datasharing"],
    "homepage": {},
    "size": [211],
    "stargazers_count": [0],
    "watchers_count": [0],
    "language": {},
    "has_issues": [false],
    "has_projects": [true],
    "has_downloads": [true],
    "has_wiki": [true],
    "has_pages": [false],
    "forks_count": [0],
    "mirror_url": {},
    "archived": [false],
    "disabled": [false],
    "open_issues_count": [0],
    "license": {},
    "forks": [0],
    "open_issues": [0],
    "watchers": [0],
    "default_branch": ["master"],
    "permissions": {
      "admin": [false],
      "push": [false],
      "pull": [true]
    }
  }
]
