[
  {
    "id": [49741818],
    "node_id": ["MDEwOlJlcG9zaXRvcnk0OTc0MTgxOA=="],
    "name": ["chaser"],
    "full_name": ["fcampelo/chaser"],
    "private": [false],
    "owner": {
      "login": ["fcampelo"],
      "id": [9551592],
      "node_id": ["MDQ6VXNlcjk1NTE1OTI="],
      "avatar_url": ["https://avatars0.githubusercontent.com/u/9551592?v=4"],
      "gravatar_id": [""],
      "url": ["https://api.github.com/users/fcampelo"],
      "html_url": ["https://github.com/fcampelo"],
      "followers_url": ["https://api.github.com/users/fcampelo/followers"],
      "following_url": ["https://api.github.com/users/fcampelo/following{/other_user}"],
      "gists_url": ["https://api.github.com/users/fcampelo/gists{/gist_id}"],
      "starred_url": ["https://api.github.com/users/fcampelo/starred{/owner}{/repo}"],
      "subscriptions_url": ["https://api.github.com/users/fcampelo/subscriptions"],
      "organizations_url": ["https://api.github.com/users/fcampelo/orgs"],
      "repos_url": ["https://api.github.com/users/fcampelo/repos"],
      "events_url": ["https://api.github.com/users/fcampelo/events{/privacy}"],
      "received_events_url": ["https://api.github.com/users/fcampelo/received_events"],
      "type": ["User"],
      "site_admin": [false]
    },
    "html_url": ["https://github.com/fcampelo/chaser"],
    "description": ["R package for sample size estimation in experimental comparison of metaheuristics"],
    "fork": [false],
    "url": ["https://api.github.com/repos/fcampelo/chaser"],
    "forks_url": ["https://api.github.com/repos/fcampelo/chaser/forks"],
    "keys_url": ["https://api.github.com/repos/fcampelo/chaser/keys{/key_id}"],
    "collaborators_url": ["https://api.github.com/repos/fcampelo/chaser/collaborators{/collaborator}"],
    "teams_url": ["https://api.github.com/repos/fcampelo/chaser/teams"],
    "hooks_url": ["https://api.github.com/repos/fcampelo/chaser/hooks"],
    "issue_events_url": ["https://api.github.com/repos/fcampelo/chaser/issues/events{/number}"],
    "events_url": ["https://api.github.com/repos/fcampelo/chaser/events"],
    "assignees_url": ["https://api.github.com/repos/fcampelo/chaser/assignees{/user}"],
    "branches_url": ["https://api.github.com/repos/fcampelo/chaser/branches{/branch}"],
    "tags_url": ["https://api.github.com/repos/fcampelo/chaser/tags"],
    "blobs_url": ["https://api.github.com/repos/fcampelo/chaser/git/blobs{/sha}"],
    "git_tags_url": ["https://api.github.com/repos/fcampelo/chaser/git/tags{/sha}"],
    "git_refs_url": ["https://api.github.com/repos/fcampelo/chaser/git/refs{/sha}"],
    "trees_url": ["https://api.github.com/repos/fcampelo/chaser/git/trees{/sha}"],
    "statuses_url": ["https://api.github.com/repos/fcampelo/chaser/statuses/{sha}"],
    "languages_url": ["https://api.github.com/repos/fcampelo/chaser/languages"],
    "stargazers_url": ["https://api.github.com/repos/fcampelo/chaser/stargazers"],
    "contributors_url": ["https://api.github.com/repos/fcampelo/chaser/contributors"],
    "subscribers_url": ["https://api.github.com/repos/fcampelo/chaser/subscribers"],
    "subscription_url": ["https://api.github.com/repos/fcampelo/chaser/subscription"],
    "commits_url": ["https://api.github.com/repos/fcampelo/chaser/commits{/sha}"],
    "git_commits_url": ["https://api.github.com/repos/fcampelo/chaser/git/commits{/sha}"],
    "comments_url": ["https://api.github.com/repos/fcampelo/chaser/comments{/number}"],
    "issue_comment_url": ["https://api.github.com/repos/fcampelo/chaser/issues/comments{/number}"],
    "contents_url": ["https://api.github.com/repos/fcampelo/chaser/contents/{+path}"],
    "compare_url": ["https://api.github.com/repos/fcampelo/chaser/compare/{base}...{head}"],
    "merges_url": ["https://api.github.com/repos/fcampelo/chaser/merges"],
    "archive_url": ["https://api.github.com/repos/fcampelo/chaser/{archive_format}{/ref}"],
    "downloads_url": ["https://api.github.com/repos/fcampelo/chaser/downloads"],
    "issues_url": ["https://api.github.com/repos/fcampelo/chaser/issues{/number}"],
    "pulls_url": ["https://api.github.com/repos/fcampelo/chaser/pulls{/number}"],
    "milestones_url": ["https://api.github.com/repos/fcampelo/chaser/milestones{/number}"],
    "notifications_url": ["https://api.github.com/repos/fcampelo/chaser/notifications{?since,all,participating}"],
    "labels_url": ["https://api.github.com/repos/fcampelo/chaser/labels{/name}"],
    "releases_url": ["https://api.github.com/repos/fcampelo/chaser/releases{/id}"],
    "deployments_url": ["https://api.github.com/repos/fcampelo/chaser/deployments"],
    "created_at": ["2016-01-15T19:59:32Z"],
    "updated_at": ["2017-10-24T12:25:29Z"],
    "pushed_at": ["2017-10-26T02:11:14Z"],
    "git_url": ["git://github.com/fcampelo/chaser.git"],
    "ssh_url": ["git@github.com:fcampelo/chaser.git"],
    "clone_url": ["https://github.com/fcampelo/chaser.git"],
    "svn_url": ["https://github.com/fcampelo/chaser"],
    "homepage": {},
    "size": [192],
    "stargazers_count": [0],
    "watchers_count": [0],
    "language": {},
    "has_issues": [true],
    "has_projects": [true],
    "has_downloads": [true],
    "has_wiki": [true],
    "has_pages": [false],
    "forks_count": [1],
    "mirror_url": {},
    "archived": [false],
    "disabled": [false],
    "open_issues_count": [0],
    "license": {},
    "forks": [1],
    "open_issues": [0],
    "watchers": [0],
    "default_branch": ["master"],
    "permissions": {
      "admin": [false],
      "push": [false],
      "pull": [true]
    }
  }
]
